Date,Open,High,Low,Close,Volume,Dividends,Stock Splits
2020-01-13 00:00:00-05:00,72.2245418290707,72.2245418290707,70.94951492027721,71.43370056152344,9292200,0.0,0.0
2020-01-14 00:00:00-05:00,71.23740978349512,72.33337319797629,70.96750764710035,72.13707733154297,8876900,1.18,0.0
2020-01-15 00:00:00-05:00,72.12073079786848,73.51112569282263,72.12073079786848,73.00404357910156,8490100,0.0,0.0
2020-01-16 00:00:00-05:00,73.04493387604995,73.44569996971812,72.72596085614947,73.00404357910156,7073200,0.0,0.0
2020-01-17 00:00:00-05:00,72.89771380420477,73.01221661755434,71.80175652216315,71.9735107421875,10122300,0.0,0.0
2020-01-21 00:00:00-05:00,71.71179097232628,72.40698842546053,71.6218235823981,71.96533203125,13552000,0.0,0.0
2020-01-22 00:00:00-05:00,71.99803156349232,72.1125343536156,71.27829884844117,71.3273696899414,6438900,0.0,0.0
2020-01-23 00:00:00-05:00,71.19650960745173,71.21286447408336,69.51167130743691,69.74067687988281,12266800,0.0,0.0
2020-01-24 00:00:00-05:00,69.87153843104524,69.91243495615451,67.68779877277697,68.32574462890625,13215400,0.0,0.0
2020-01-27 00:00:00-05:00,69.56076815142072,70.28050104645239,68.70199077081132,68.71834564208984,13832000,0.0,0.0
2020-01-28 00:00:00-05:00,69.51168578989159,69.51168578989159,68.40754798416583,68.51387023925781,8614400,0.0,0.0
2020-01-29 00:00:00-05:00,68.53839416085958,68.70196777864484,67.99040943741852,68.04766082763672,5703200,0.0,0.0
2020-01-30 00:00:00-05:00,67.54059094248755,67.71234514384591,66.39555669349717,66.88628387451172,10870000,0.0,0.0
2020-01-31 00:00:00-05:00,66.68999568920954,66.83721447068423,65.76579270768967,66.26469421386719,13870100,0.0,0.0
2020-02-03 00:00:00-05:00,66.50187808249248,67.55694494003214,66.18290510694962,67.31158447265625,10143700,0.0,0.0
2020-02-04 00:00:00-05:00,68.36663501122656,69.28266351154649,68.36663501122656,68.99640655517578,8251500,0.0,0.0
2020-02-05 00:00:00-05:00,69.56893197606243,71.27012536952626,69.42171319701394,70.8530044555664,10020600,0.0,0.0
2020-02-06 00:00:00-05:00,71.8835280555076,71.94077944999749,70.51766890129572,71.3028335571289,7769700,0.0,0.0
2020-02-07 00:00:00-05:00,73.39660261593276,76.04654022810215,72.69322480726316,75.4822006225586,19090300,0.0,0.0
2020-02-10 00:00:00-05:00,75.53945227787833,78.107596847816,75.33498212906206,77.49418640136719,13998300,0.0,0.0
2020-02-11 00:00:00-05:00,77.9113257491299,79.39986853631126,77.70685555177018,78.51655578613281,10682800,0.0,0.0
2020-02-12 00:00:00-05:00,78.50019063511085,80.0378040715052,78.27935935651988,79.98055267333984,10591000,0.0,0.0
2020-02-13 00:00:00-05:00,79.21174537929654,79.62886628786093,77.88678262493318,77.98492431640625,10613000,0.0,0.0
2020-02-14 00:00:00-05:00,77.886791490118,77.9440428966386,76.69268002851354,76.92169189453125,11175800,0.0,0.0
2020-02-18 00:00:00-05:00,76.61088420005174,77.28972668332023,76.27555635550384,76.56181335449219,9406300,0.0,0.0
2020-02-19 00:00:00-05:00,76.6926821416302,77.52692407669949,76.07927152346447,76.99530029296875,6349100,0.0,0.0
2020-02-20 00:00:00-05:00,76.82352675107518,77.19975108682138,75.72756347743719,77.06889343261719,5446200,0.0,0.0
2020-02-21 00:00:00-05:00,76.84805874891646,78.12395046027333,76.3736865136922,77.66593933105469,6676000,0.0,0.0
2020-02-24 00:00:00-05:00,75.38405350024273,76.77445426597045,75.3676986337928,76.17739868164062,10705100,0.0,0.0
2020-02-25 00:00:00-05:00,76.32464008536363,76.43914290428809,72.06348163842993,72.93861389160156,11366400,0.0,0.0
2020-02-26 00:00:00-05:00,72.48058444656205,74.57435688481446,72.12889552233051,72.30883026123047,9786900,0.0,0.0
2020-02-27 00:00:00-05:00,70.49312908398804,73.15941527814037,68.86554223941374,69.86335754394531,14184100,0.0,0.0
2020-02-28 00:00:00-05:00,67.7123525962478,70.1005630493164,66.72271757096803,70.1005630493164,18450000,0.0,0.0
2020-03-02 00:00:00-05:00,70.33774809940424,72.61145570236744,68.33394265533717,72.53784942626953,12171100,0.0,0.0
2020-03-03 00:00:00-05:00,73.15125782369991,74.3453629951593,70.05966952171205,71.62181854248047,12660900,0.0,0.0
2020-03-04 00:00:00-05:00,73.0121960351231,75.13050996479946,72.75047450125655,75.04054260253906,16590400,0.0,0.0
2020-03-05 00:00:00-05:00,73.65833268179537,75.00783706346701,73.14307009531032,74.10816955566406,9688400,0.0,0.0
2020-03-06 00:00:00-05:00,72.57055114803227,73.41296719973337,71.36826562184368,72.64415740966797,12664600,0.0,0.0
2020-03-09 00:00:00-04:00,68.70197125059354,71.4336894932465,67.4178989422929,69.74067687988281,15806200,0.0,0.0
2020-03-10 00:00:00-04:00,72.12889263503308,72.153428054822,68.50568130110115,71.5890884399414,12965800,0.0,0.0
2020-03-11 00:00:00-04:00,70.17417680170152,70.86119369484032,68.35029982883654,69.39718627929688,10382200,0.0,0.0
2020-03-12 00:00:00-04:00,64.48988395685001,66.48551461437457,63.02587693644531,64.29359436035156,19935700,0.0,0.0
2020-03-13 00:00:00-04:00,68.17852980542567,70.59945572105829,65.99479002124835,69.82247161865234,21867700,0.0,0.0
2020-03-16 00:00:00-04:00,64.6125699904784,67.21343065235072,60.179658458336085,60.74399185180664,20916000,0.0,0.0
2020-03-17 00:00:00-04:00,61.92175432286943,63.557515915041186,57.24347517086858,59.72165298461914,23205000,0.0,0.0
2020-03-18 00:00:00-04:00,57.251650475550925,58.38850417865637,52.90870584339895,58.09406661987305,23712800,0.0,0.0
2020-03-19 00:00:00-04:00,56.51554614015344,61.21835941774831,53.43213913676199,58.11859130859375,19739900,0.0,0.0
2020-03-20 00:00:00-04:00,59.705286088438676,59.705286088438676,54.64260298361273,56.28654479980469,18844500,0.0,0.0
2020-03-23 00:00:00-04:00,55.10878965496844,55.411407707273504,51.15842818914256,52.7532958984375,19219000,0.0,0.0
2020-03-24 00:00:00-04:00,55.74674959356512,58.74018960804416,54.871611284268596,55.19876480102539,18376300,0.0,0.0
2020-03-25 00:00:00-04:00,55.550448788335615,57.80780098883183,53.612075762199034,55.542274475097656,20017300,0.0,0.0
2020-03-26 00:00:00-04:00,56.286548412049996,60.77671161913229,56.2374775677988,60.384132385253906,15979400,0.0,0.0
2020-03-27 00:00:00-04:00,58.58478249382662,61.390113075113135,57.832333873289954,59.43537902832031,12293300,0.0,0.0
2020-03-30 00:00:00-04:00,60.13059745274794,62.355234367071134,60.08970715413705,61.537353515625,10671600,0.0,0.0
2020-03-31 00:00:00-04:00,61.66820079304699,63.729257236515174,60.88303613649083,62.314327239990234,20474400,0.0,0.0
2020-04-01 00:00:00-04:00,58.98554898052337,60.514981653533496,58.4212093901983,60.048789978027344,12948000,0.0,0.0
2020-04-02 00:00:00-04:00,59.52535411170563,61.74999053053286,58.44575187785528,61.44737243652344,8077800,0.0,0.0
2020-04-03 00:00:00-04:00,61.0547824979574,61.70090886212081,59.33723464179215,60.007896423339844,8062700,0.0,0.0
2020-04-06 00:00:00-04:00,61.94628848130002,63.189470760286,60.54771309739216,61.938114166259766,10266500,0.0,0.0
2020-04-07 00:00:00-04:00,64.10548813880524,64.2690680256218,61.545523749488694,61.66002655029297,11591700,0.0,0.0
2020-04-08 00:00:00-04:00,62.51880527337888,64.59622308552223,61.16112026042949,64.2527084350586,12218500,0.0,0.0
2020-04-09 00:00:00-04:00,64.25270268337385,65.49588478152818,64.25270268337385,65.22598266601562,9425900,0.0,0.0
2020-04-13 00:00:00-04:00,65.97025693333252,66.51823547713896,64.33449561574848,65.67581939697266,9293500,0.0,0.0
2020-04-14 00:00:00-04:00,66.92094040096335,68.77201217090783,66.6470129373581,68.17435455322266,11072700,1.18,0.0
2020-04-15 00:00:00-04:00,66.82962189522165,68.92971948967562,66.0908525358998,67.91702270507812,8977300,0.0,0.0
2020-04-16 00:00:00-04:00,68.67240410813933,69.49418013386553,67.7178124690044,67.95023345947266,10326900,0.0,0.0
2020-04-17 00:00:00-04:00,69.7265957686069,70.3823585601998,68.48147798702463,69.27005004882812,10734800,0.0,0.0
2020-04-20 00:00:00-04:00,69.34476702878777,70.8306084832794,68.58939246267869,69.71829986572266,9126300,0.0,0.0
2020-04-21 00:00:00-04:00,68.48977868085818,68.87161403018845,66.42287865994493,66.70510864257812,9627500,0.0,0.0
2020-04-22 00:00:00-04:00,67.4272859045708,68.43997645342435,67.01224661417284,67.62650299072266,7033300,0.0,0.0
2020-04-23 00:00:00-04:00,68.21585037421934,69.585481145558,68.03323209364135,68.09963989257812,7869600,0.0,0.0
2020-04-24 00:00:00-04:00,68.78861733067897,69.45267642505993,68.35697290298394,69.38626861572266,6770700,0.0,0.0
2020-04-27 00:00:00-04:00,69.75148452951849,70.4902537733619,69.54396493668618,70.2993392944336,9209700,0.0,0.0
2020-04-28 00:00:00-04:00,71.13772254476638,71.36184727877107,68.37356604501238,68.69729614257812,8341000,0.0,0.0
2020-04-29 00:00:00-04:00,69.49417036889159,70.34915017783247,68.182644869256,69.52737426757812,8231700,0.0,0.0
2020-04-30 00:00:00-04:00,68.87160870404344,69.11233220993908,67.42727400166544,68.2324447631836,15535800,0.0,0.0
2020-05-01 00:00:00-04:00,68.02494810229513,69.91753289057876,66.82133649978394,68.76371765136719,12705300,0.0,0.0
2020-05-04 00:00:00-04:00,68.24906225664527,68.76370692611155,67.33597707994983,67.95023345947266,6833000,0.0,0.0
2020-05-05 00:00:00-04:00,68.85501278591367,71.78519536996444,68.56448656171507,70.86380767822266,10927000,0.0,0.0
2020-05-06 00:00:00-04:00,71.61917197176814,73.17142104675624,70.76419212998731,70.90530395507812,17042600,0.0,0.0
2020-05-07 00:00:00-04:00,71.81838689852593,72.08401175730981,69.36135537152603,69.90921020507812,11941800,0.0,0.0
2020-05-08 00:00:00-04:00,70.07523291267628,70.27445633364978,68.43997708025185,69.69339752197266,20188100,0.0,0.0
2020-05-11 00:00:00-04:00,70.62309886135768,73.42876264887448,69.7100135379763,72.96392059326172,19219800,0.0,0.0
2020-05-12 00:00:00-04:00,74.70708514028226,76.55816348083286,73.43706570617717,75.08892059326172,23492300,0.0,0.0
2020-05-13 00:00:00-04:00,75.32133170100082,76.56644962266006,72.82279963129594,73.76908874511719,23562600,0.0,0.0
2020-05-14 00:00:00-04:00,72.73149021366189,75.10551554900081,72.57377325093046,74.65727233886719,13379500,0.0,0.0
2020-05-15 00:00:00-04:00,74.71537241118045,75.66166145600448,74.22562277121195,75.29642486572266,14071200,0.0,0.0
2020-05-18 00:00:00-04:00,76.36724786965821,77.74518168627611,75.79449148407626,75.92730712890625,16300200,0.0,0.0
2020-05-19 00:00:00-04:00,75.75296453325952,76.07669463670538,74.34182730488368,75.70315551757812,9892500,0.0,0.0
2020-05-20 00:00:00-04:00,76.47513186911958,76.81546710260916,74.6240603135433,75.69486236572266,10661500,0.0,0.0
2020-05-21 00:00:00-04:00,75.7695778912059,77.30522212168461,74.99760449611156,77.21391296386719,10393200,0.0,0.0
2020-05-22 00:00:00-04:00,77.08940518489742,77.20561568726701,76.14311604674641,76.45024108886719,5507000,0.0,0.0
2020-05-26 00:00:00-04:00,77.57083833021224,77.67045003656095,74.96439217755706,75.29642486572266,11869800,0.0,0.0
2020-05-27 00:00:00-04:00,75.15530977798328,75.53714513629508,73.51175152586191,74.69046783447266,12529500,0.0,0.0
2020-05-28 00:00:00-04:00,75.42923332367607,75.69485818242859,74.70706277035073,74.73196411132812,8765900,0.0,0.0
2020-05-29 00:00:00-04:00,75.53715581896329,77.10600393317888,74.37504446284129,76.92338562011719,13758800,0.0,0.0
2020-06-01 00:00:00-04:00,76.40875071101887,77.24712568042472,75.27984311560297,75.28813934326172,8486500,0.0,0.0
2020-06-02 00:00:00-04:00,75.51223777926755,76.11819150264986,74.74856712347251,75.57034301757812,9413300,0.0,0.0
2020-06-03 00:00:00-04:00,75.92728600730372,75.95218735053261,74.37503683840308,75.44583892822266,8588400,0.0,0.0
2020-06-04 00:00:00-04:00,74.93950319580249,77.59575880629085,74.91460184835692,77.23052215576172,9525700,0.0,0.0
2020-06-05 00:00:00-04:00,77.61234395408479,79.30570494576988,77.03958773150104,77.90287017822266,9630100,0.0,0.0
2020-06-08 00:00:00-04:00,77.12260208888631,78.86576579917858,77.03958916644639,78.51712799072266,6621400,0.0,0.0
2020-06-09 00:00:00-04:00,78.81596213184314,80.2354021396066,78.65825150108951,79.82865905761719,9555900,0.0,0.0
2020-06-10 00:00:00-04:00,80.50932775809933,82.4683139095887,80.35161711855406,80.43462371826172,11138300,0.0,0.0
2020-06-11 00:00:00-04:00,79.43021553382852,80.42630722373288,76.39212511352612,76.58304595947266,12584800,0.0,0.0
2020-06-12 00:00:00-04:00,77.81155337479949,78.64163183808131,75.56204149926526,76.74905395507812,8010100,0.0,0.0
2020-06-15 00:00:00-04:00,75.76127107808426,78.05228978861177,75.35453433709475,77.26371765136719,7120200,0.0,0.0
2020-06-16 00:00:00-04:00,78.74124358172894,79.85354568336899,77.59573758157777,79.73733520507812,9366100,0.0,0.0
2020-06-17 00:00:00-04:00,80.39311324054236,80.60063289595574,79.08158749841047,79.47172546386719,6212200,0.0,0.0
2020-06-18 00:00:00-04:00,79.32230628897332,80.06107571118271,79.07328651724929,79.87846374511719,4571600,0.0,0.0
2020-06-19 00:00:00-04:00,81.11527470153992,81.5137088481683,79.48001898946929,80.27689361572266,9210900,0.0,0.0
2020-06-22 00:00:00-04:00,80.21879774171329,80.76665267356269,79.53813352314111,80.74174499511719,6004300,0.0,0.0
2020-06-23 00:00:00-04:00,81.6963358907875,82.26078960315311,80.55913223965184,80.77494812011719,6715600,0.0,0.0
2020-06-24 00:00:00-04:00,80.06938210269118,80.65044093052036,78.31791572584413,78.97367858886719,9025100,0.0,0.0
2020-06-25 00:00:00-04:00,79.00689034008609,80.57573856494434,78.29302215667992,80.50933074951172,6411700,0.0,0.0
2020-06-26 00:00:00-04:00,80.42631746078723,80.54252796163469,78.89067327130516,79.79545593261719,14568400,0.0,0.0
2020-06-29 00:00:00-04:00,80.10259047366799,80.79155727952673,79.42192622762616,80.05278778076172,6676400,0.0,0.0
2020-06-30 00:00:00-04:00,79.66263571020838,82.07816088394678,79.54642522531356,81.49710845947266,8112500,0.0,0.0
2020-07-01 00:00:00-04:00,81.76274887686908,82.72564317251677,80.93267020806839,82.29399871826172,6522900,0.0,0.0
2020-07-02 00:00:00-04:00,82.55130765794593,82.99955082618324,81.23148582896661,82.07816314697266,6158800,0.0,0.0
2020-07-06 00:00:00-04:00,82.70902815147993,82.84184376242742,81.30619334258228,82.18608093261719,7039000,0.0,0.0
2020-07-07 00:00:00-04:00,81.9121563540365,83.5806161102757,81.81254464233665,82.46830749511719,6345600,0.0,0.0
2020-07-08 00:00:00-04:00,82.8003399799029,83.48100417554062,81.80424819755405,82.41020202636719,6154400,0.0,0.0
2020-07-09 00:00:00-04:00,82.2441786857666,82.82523109822908,80.35989695835937,81.29788970947266,5817300,0.0,0.0
2020-07-10 00:00:00-04:00,81.39749600325622,81.62162074561479,79.98636508091036,80.37650299072266,6202500,0.0,0.0
2020-07-13 00:00:00-04:00,80.81645938548212,82.64262991651329,80.45122274607684,81.23149871826172,8507400,0.0,0.0
2020-07-14 00:00:00-04:00,81.47513353226027,83.26477783937538,80.60971858923807,83.071533203125,6765600,1.18,0.0
2020-07-15 00:00:00-04:00,84.02099753874587,84.42430114746094,83.02954951137693,84.42430114746094,5661600,0.0,0.0
2020-07-16 00:00:00-04:00,83.76050597158954,84.21421997301387,83.02111734247231,83.95375061035156,4269200,0.0,0.0
2020-07-17 00:00:00-04:00,84.2646468116428,85.09645277009609,83.95376685875166,84.7183609008789,6890900,0.0,0.0
2020-07-20 00:00:00-04:00,84.65956347643635,85.07126459167678,83.39924844544853,83.63450622558594,4823300,0.0,0.0
2020-07-21 00:00:00-04:00,83.86135127246287,83.86135127246287,81.64319756451968,81.8364486694336,8239000,0.0,0.0
2020-07-22 00:00:00-04:00,82.17252709102034,82.57582423513091,81.44154220316774,82.0885009765625,4441800,0.0,0.0
2020-07-23 00:00:00-04:00,82.54221937304189,83.11356236555079,81.87845277804676,82.36577606201172,5127200,0.0,0.0
2020-07-24 00:00:00-04:00,82.38258039674677,82.50020926583636,81.04664336881144,81.59278106689453,5169400,0.0,0.0
2020-07-27 00:00:00-04:00,80.95420663982222,82.24813040023204,80.87859084065454,81.63478088378906,5030700,0.0,0.0
2020-07-28 00:00:00-04:00,81.50035259620701,82.02128499267147,81.04663852385904,81.2566909790039,5941800,0.0,0.0
2020-07-29 00:00:00-04:00,81.39112967989756,81.83643987038852,81.19787859576198,81.50875854492188,5512000,0.0,0.0
2020-07-30 00:00:00-04:00,80.92060229541188,81.2818927591653,80.16441861758132,80.6937484741211,6411500,0.0,0.0
2020-07-31 00:00:00-04:00,80.27363829334664,81.7103961609782,78.60162272719641,79.74430847167969,14613000,0.0,0.0
2020-08-03 00:00:00-04:00,79.97957620560294,81.64318808832094,79.87034482451958,80.60973358154297,6919000,0.0,0.0
2020-08-04 00:00:00-04:00,80.59292067819875,80.68534426695865,79.03012997226652,79.22338104248047,7865100,0.0,0.0
2020-08-05 00:00:00-04:00,79.37463603541255,79.65190686099231,78.2487513544038,78.34957885742188,6918900,0.0,0.0
2020-08-06 00:00:00-04:00,78.40837848199783,78.68564925518369,77.11445461742255,77.7782211303711,7269300,0.0,0.0
2020-08-07 00:00:00-04:00,77.87905147075507,78.13951446768715,77.46734403718152,78.07229614257812,5226600,0.0,0.0
2020-08-10 00:00:00-04:00,77.82864379185934,78.70246289147934,77.42534661375352,77.61859130859375,7623600,0.0,0.0
2020-08-11 00:00:00-04:00,77.55976759976971,78.38317605628622,77.4085295734827,77.86224365234375,7208400,0.0,0.0
2020-08-12 00:00:00-04:00,78.51762190400771,80.30727330586907,78.41680080663653,80.24845886230469,7705600,0.0,0.0
2020-08-13 00:00:00-04:00,79.93755927353102,80.24003531213836,78.988124514192,79.55106353759766,6004200,0.0,0.0
2020-08-14 00:00:00-04:00,80.13920902138803,80.38287063446283,79.43343586099925,79.87874603271484,5488100,0.0,0.0
2020-08-17 00:00:00-04:00,80.06361072401552,81.71882543012126,80.03840544996005,80.95423126220703,7251400,0.0,0.0
2020-08-18 00:00:00-04:00,81.18108589707356,81.24829781977732,79.94597627200241,80.36608123779297,4557400,0.0,0.0
2020-08-19 00:00:00-04:00,81.59276181859775,81.85322476580929,80.53409583624558,80.74414825439453,7672000,0.0,0.0
2020-08-20 00:00:00-04:00,80.2316377027513,80.68535179619545,79.55106976773133,79.98797607421875,6798000,0.0,0.0
2020-08-21 00:00:00-04:00,79.98796161971278,80.08878909235526,79.24857938454193,79.7022933959961,5269000,0.0,0.0
2020-08-24 00:00:00-04:00,79.73590730593784,80.02157554668084,79.13095525460946,79.4082260131836,4103600,0.0,0.0
2020-08-25 00:00:00-04:00,79.15616122586711,79.64348442824925,78.90410214243248,79.0301284790039,6710000,0.0,0.0
2020-08-26 00:00:00-04:00,78.55961900897438,79.32421303028009,78.08910355604303,79.27379608154297,5682800,0.0,0.0
2020-08-27 00:00:00-04:00,79.25698627239991,79.87033579252498,78.7024447673417,79.23178100585938,5271500,0.0,0.0
2020-08-28 00:00:00-04:00,79.41663841158149,79.52586980321017,78.58483238991897,79.12256622314453,4938300,0.0,0.0
2020-08-31 00:00:00-04:00,79.08055490627623,80.6685510404067,78.98813130818037,80.4668960571289,9932300,0.0,0.0
2020-09-01 00:00:00-04:00,80.25684091773913,80.59292613504998,76.70275689220894,77.5009536743164,15783600,0.0,0.0
2020-09-02 00:00:00-04:00,77.35811392042494,79.18136759824397,77.2152797967894,78.93770599365234,9139200,0.0,0.0
2020-09-03 00:00:00-04:00,78.87889586392254,79.24018634417104,76.53470968886258,77.19007873535156,8921900,0.0,0.0
2020-09-04 00:00:00-04:00,77.36652202892053,78.24873849676531,76.10620729460607,77.19007873535156,9444800,0.0,0.0
2020-09-08 00:00:00-04:00,76.89601052575287,77.18168523735851,75.15677621456403,75.80374145507812,8563900,0.0,0.0
2020-09-09 00:00:00-04:00,76.341467444855,77.66059665226996,76.0473952795636,76.9884262084961,5373500,0.0,0.0
2020-09-10 00:00:00-04:00,76.5179102835137,76.80358496400063,75.18197970767616,75.32481384277344,10403600,0.0,0.0
2020-09-11 00:00:00-04:00,75.45925252451441,75.90456276626733,74.81229369240589,75.36682891845703,8385800,0.0,0.0
2020-09-14 00:00:00-04:00,75.66088308934657,76.67753601734128,75.1651560523874,76.03057098388672,5212300,0.0,0.0
2020-09-15 00:00:00-04:00,76.7951695953403,77.28249277080918,76.15660841404629,76.38346862792969,3851300,0.0,0.0
2020-09-16 00:00:00-04:00,76.47590236660973,76.68595484185455,75.35842807012976,75.43404388427734,6304400,0.0,0.0
2020-09-17 00:00:00-04:00,75.03074190890491,76.29945416259437,74.92991441954932,75.3080062866211,5604700,0.0,0.0
2020-09-18 00:00:00-04:00,75.19036376326652,76.03897734956308,74.66103396345508,75.71129608154297,10076300,0.0,0.0
2020-09-21 00:00:00-04:00,74.89629161327127,75.13995319377577,73.24107749037982,74.85427856445312,7328300,0.0,0.0
2020-09-22 00:00:00-04:00,74.69467728207572,74.73668393983623,73.87967248005052,74.44261169433594,5306100,0.0,0.0
2020-09-23 00:00:00-04:00,74.77867987834293,75.00553372710799,73.1990875998541,73.21588897705078,6253000,0.0,0.0
2020-09-24 00:00:00-04:00,73.09825205081597,73.09825205081597,71.68669934100923,72.18242645263672,9980800,0.0,0.0
2020-09-25 00:00:00-04:00,72.25804287059519,72.9806238121245,71.80432880891688,72.4512939453125,9935600,0.0,0.0
2020-09-28 00:00:00-04:00,73.34191524553935,74.10650284097008,72.98902866303287,73.33351135253906,6306900,0.0,0.0
2020-09-29 00:00:00-04:00,73.19066838997259,73.33350250227886,72.51849805749741,73.00582122802734,5508900,0.0,0.0
2020-09-30 00:00:00-04:00,73.09825813921158,74.3081623941887,72.93861621382084,73.59397888183594,8209300,0.0,0.0
2020-10-01 00:00:00-04:00,74.08130413426566,74.08130413426566,72.87140625703084,73.21588897705078,8777300,0.0,0.0
2020-10-02 00:00:00-04:00,72.67815654450452,73.39233367935726,72.30006465260978,72.35887908935547,5554300,0.0,0.0
2020-10-05 00:00:00-04:00,72.6697496697614,74.08970639761007,72.43449193242867,73.87965393066406,5984200,0.0,0.0
2020-10-06 00:00:00-04:00,73.91326462553789,73.98888043826422,72.01438849013356,72.1656265258789,8743800,0.0,0.0
2020-10-07 00:00:00-04:00,72.39250141669127,73.35034036658033,72.28327000695168,73.15708923339844,5899700,0.0,0.0
2020-10-08 00:00:00-04:00,73.32509671101619,74.42577576219162,73.03102460203466,73.3839111328125,5535100,0.0,0.0
2020-10-09 00:00:00-04:00,73.44273854729268,74.52660350178282,73.39232160245489,73.68639373779297,6005800,0.0,0.0
2020-10-12 00:00:00-04:00,74.0812884287121,74.4425788596263,73.36711145884676,74.20732116699219,7314900,0.0,0.0
2020-10-13 00:00:00-04:00,73.94685414546983,74.61062054766651,73.49314015876737,73.79561614990234,7851700,0.0,0.0
2020-10-14 00:00:00-04:00,73.94893880612196,74.1874003074392,73.1569022495533,73.30168151855469,5863900,1.18,0.0
2020-10-15 00:00:00-04:00,72.73959368721759,73.02063388296396,72.35634642423679,72.58629608154297,6190900,0.0,0.0
2020-10-16 00:00:00-04:00,73.1483747675334,74.22145788691675,73.03766236935735,73.47200012207031,5358500,0.0,0.0
2020-10-19 00:00:00-04:00,73.74453005739673,73.91486432475936,71.64946730074571,71.80276489257812,10288000,0.0,0.0
2020-10-20 00:00:00-04:00,71.70057380386802,72.2456304868614,71.04479821809934,71.75167083740234,6932100,0.0,0.0
2020-10-21 00:00:00-04:00,71.18105610393165,71.65797901327664,70.31236766466776,70.59341430664062,9776900,0.0,0.0
2020-10-22 00:00:00-04:00,70.70413323404382,72.29672452154789,70.61896934915647,71.80276489257812,8080100,0.0,0.0
2020-10-23 00:00:00-04:00,72.08381389538907,72.51815816924766,71.48766018427973,71.82831573486328,4238700,0.0,0.0
2020-10-26 00:00:00-04:00,71.61539845169315,71.81128122930488,70.52528516130023,71.47061920166016,7986300,0.0,0.0
2020-10-27 00:00:00-04:00,71.53875619006241,71.7601874928325,70.41457599555066,70.44012451171875,6705600,0.0,0.0
2020-10-28 00:00:00-04:00,69.28189024819525,70.01431150224988,68.33655598999891,68.54946899414062,11480200,0.0,0.0
2020-10-29 00:00:00-04:00,68.55797190884675,69.29891133568887,67.37417639196686,68.70275115966797,8876700,0.0,0.0
2020-10-30 00:00:00-04:00,70.85742341533616,73.36128165420652,70.68709566337498,72.4755630493164,18089100,0.0,0.0
2020-11-02 00:00:00-05:00,73.26760374287952,75.40525159270571,73.24205522834411,75.15827178955078,10781400,0.0,0.0
2020-11-03 00:00:00-05:00,75.91624243356321,76.12915538777392,74.4599186064725,74.91129302978516,8518800,0.0,0.0
2020-11-04 00:00:00-05:00,79.32284740318924,83.02753139962442,78.9225700212539,80.48109436035156,25849000,0.0,0.0
2020-11-05 00:00:00-05:00,81.21352448729407,81.34978541050705,79.20362551359366,79.79126739501953,8013000,0.0,0.0
2020-11-06 00:00:00-05:00,79.18659322946768,79.75719841932869,78.10499172277606,79.07587432861328,7006900,0.0,0.0
2020-11-09 00:00:00-05:00,81.53715241338892,82.56765044944585,80.62588512546498,81.0091323852539,11028900,0.0,0.0
2020-11-10 00:00:00-05:00,81.7670950401521,84.42424462452453,81.44346318224876,84.20281982421875,12267200,0.0,0.0
2020-11-11 00:00:00-05:00,84.44127426727883,85.05446458109138,83.265990666609,83.5896224975586,9476500,0.0,0.0
2020-11-12 00:00:00-05:00,83.0360671815101,83.2489801742832,81.99705073716314,83.12123107910156,7646600,0.0,0.0
2020-11-13 00:00:00-05:00,82.95940511729043,84.78193945300832,82.95088677994944,84.34759521484375,6888600,0.0,0.0
2020-11-16 00:00:00-05:00,85.13112783857002,85.62508752722903,83.74293750415457,83.76848602294922,8611300,0.0,0.0
2020-11-17 00:00:00-05:00,84.62865328975319,85.3866229757029,84.09210842385075,84.49238586425781,11593500,0.0,0.0
2020-11-18 00:00:00-05:00,85.1651943192543,85.41217416249079,84.04101401414368,84.07508087158203,8880600,0.0,0.0
2020-11-19 00:00:00-05:00,84.10912507503896,85.29292043742564,83.96433934552547,84.88412475585938,7550300,0.0,0.0
2020-11-20 00:00:00-05:00,85.12260739317176,86.72371717229227,83.98991526991199,85.88057708740234,9682500,0.0,0.0
2020-11-23 00:00:00-05:00,86.81737969550426,87.51573385629283,86.07644034905331,87.02177429199219,7541500,0.0,0.0
2020-11-24 00:00:00-05:00,87.61794932987155,89.27015617424247,87.3624576461862,88.53773498535156,9322200,0.0,0.0
2020-11-25 00:00:00-05:00,88.41850107802286,88.963557780873,88.05229049664649,88.74212646484375,6368100,0.0,0.0
2020-11-27 00:00:00-05:00,89.40640973195457,90.1047639551514,88.82728624216298,89.32975769042969,4418800,0.0,0.0
2020-11-30 00:00:00-05:00,89.5256505597058,89.78114223255851,88.2737212202035,89.06575775146484,20726500,0.0,0.0
2020-12-01 00:00:00-05:00,89.46602802331022,90.5987200276878,88.6058578491211,88.6058578491211,7623500,0.0,0.0
2020-12-02 00:00:00-05:00,88.57179112157624,89.74706831848091,87.99266761203165,89.41492462158203,5492200,0.0,0.0
2020-12-03 00:00:00-05:00,89.42343475581895,90.0195883884895,88.8272811231484,89.2020034790039,4693600,0.0,0.0
2020-12-04 00:00:00-05:00,89.44046897445733,91.39075237174998,89.44046897445733,91.36520385742188,7235800,0.0,0.0
2020-12-07 00:00:00-05:00,91.16081824946765,91.305597510019,89.38938077508857,90.13883209228516,6532500,0.0,0.0
2020-12-08 00:00:00-05:00,90.01960168555436,92.2764804813271,89.93443779653408,91.71439361572266,6688200,0.0,0.0
2020-12-09 00:00:00-05:00,91.89323454528406,92.95779934192176,91.6632849105611,92.54900360107422,7350700,0.0,0.0
2020-12-10 00:00:00-05:00,92.8811452187674,92.88966355627443,90.84569789296457,91.54405212402344,6285700,0.0,0.0
2020-12-11 00:00:00-05:00,91.13525546979682,91.4844293081031,89.91739320895721,90.56464385986328,5205200,0.0,0.0
2020-12-14 00:00:00-05:00,91.49296499438083,92.03802169723097,88.64844423489247,88.74212646484375,8272700,0.0,0.0
2020-12-15 00:00:00-05:00,89.79817126494791,89.80668310500654,87.14101520939515,87.56684112548828,12101000,0.0,0.0
2020-12-16 00:00:00-05:00,87.2943173113617,89.77262738997048,86.78332748515429,89.11685180664062,9182100,0.0,0.0
2020-12-17 00:00:00-05:00,89.30420917578395,89.84926581351866,88.66547031928974,89.32975769042969,6360600,0.0,0.0
2020-12-18 00:00:00-05:00,89.44899964845571,89.47454816630744,87.89047508361539,88.95503997802734,13906800,0.0,0.0
2020-12-21 00:00:00-05:00,87.51574717277617,88.50365995411215,86.48524919929798,88.32481384277344,6664600,0.0,0.0
2020-12-22 00:00:00-05:00,88.06931278779302,88.14595832836706,86.87699900847156,87.5498046875,4002900,0.0,0.0
2020-12-23 00:00:00-05:00,87.77124606993429,88.51218559022058,87.64350347815098,87.95861053466797,3659100,0.0,0.0
2020-12-24 00:00:00-05:00,87.81382501639891,88.05228650087604,87.37948074247952,87.94157409667969,1378600,0.0,0.0
2020-12-28 00:00:00-05:00,88.27372784696479,88.46960416109759,87.48169125624479,88.1033935546875,3948900,0.0,0.0
2020-12-29 00:00:00-05:00,88.52920697599369,89.73855753798487,88.52920697599369,89.1679458618164,5096400,0.0,0.0
2020-12-30 00:00:00-05:00,89.51712805738528,90.47098048539614,89.5086097194099,89.65338897705078,5328400,0.0,0.0
2020-12-31 00:00:00-05:00,89.64487978995565,91.36521374937776,89.29569939609942,91.25450134277344,6148100,0.0,0.0
2021-01-04 00:00:00-05:00,91.28004201203686,91.42482126151543,88.45255823931224,89.77262115478516,9523400,0.0,0.0
2021-01-05 00:00:00-05:00,89.77261517566362,91.14376853202128,89.10832134462967,90.70091247558594,6823800,0.0,0.0
2021-01-06 00:00:00-05:00,89.21054671641936,91.28857966904226,88.72510533786603,89.91741943359375,11017500,0.0,0.0
2021-01-07 00:00:00-05:00,90.36877855976259,91.17784522034438,89.90888577984869,90.87976837158203,8196000,0.0,0.0
2021-01-08 00:00:00-05:00,90.99047130547378,91.57811310159406,90.07069233893908,91.35668182373047,5345900,0.0,0.0
2021-01-11 00:00:00-05:00,91.18637299021513,93.30698450228842,91.18637299021513,92.84709167480469,6334200,0.0,0.0
2021-01-12 00:00:00-05:00,93.01741603281309,94.34599083867366,92.9322521473891,93.49433898925781,6106900,0.0,0.0
2021-01-13 00:00:00-05:00,93.51139216929684,96.58585640812622,93.42622177125264,95.76826477050781,9821300,0.0,0.0
2021-01-14 00:00:00-05:00,95.38052365322665,97.09513766626525,94.34659103840347,96.18182373046875,8268800,1.3,0.0
2021-01-15 00:00:00-05:00,95.81134560515042,96.12152675481819,94.32937703556301,95.22544860839844,9196200,0.0,0.0
2021-01-19 00:00:00-05:00,95.85440827747819,96.76771559212605,95.00141358599417,96.65570831298828,7723800,0.0,0.0
2021-01-20 00:00:00-05:00,97.28468901795453,97.44839095402831,96.04396467862556,97.03482055664062,6554600,0.0,0.0
2021-01-21 00:00:00-05:00,97.04341920843112,97.14681508099356,95.43220794588767,95.8630142211914,5417000,0.0,0.0
2021-01-22 00:00:00-05:00,95.33744895811743,96.15597841419,94.32936365152278,95.51838684082031,5185500,0.0,0.0
2021-01-25 00:00:00-05:00,94.54475969420609,95.83717867901193,94.09671743160033,95.20819854736328,6928200,0.0,0.0
2021-01-26 00:00:00-05:00,95.89747768559087,95.89747768559087,93.5366546089113,93.74344635009766,5554600,0.0,0.0
2021-01-27 00:00:00-05:00,91.5721967727322,91.93407252934296,88.39284380380708,88.56517028808594,11887900,0.0,0.0
2021-01-28 00:00:00-05:00,89.60771265097998,90.58995051376758,88.8408779436034,89.78865051269531,8534300,0.0,0.0
2021-01-29 00:00:00-05:00,89.60773671800105,90.02992517539569,87.72080246625768,88.29808807373047,9380400,0.0,0.0
2021-02-01 00:00:00-05:00,88.74610874787992,89.51294353059144,87.76387078859587,88.14298248291016,7518200,0.0,0.0
2021-02-02 00:00:00-05:00,88.64270712958819,89.87481348292218,88.31529668884134,89.15106201171875,10481300,0.0,0.0
2021-02-03 00:00:00-05:00,91.50325800053595,92.68366966140478,89.61633082481289,92.14946746826172,12101900,0.0,0.0
2021-02-04 00:00:00-05:00,92.08054492168252,93.81238158980649,90.6847300826615,93.51081848144531,9077800,0.0,0.0
2021-02-05 00:00:00-05:00,94.45861279705187,95.01004448592995,93.43329799276083,93.68316650390625,7251000,0.0,0.0
2021-02-08 00:00:00-05:00,93.82100374426078,93.89855230334784,91.16723512507221,92.05469512939453,9199100,0.0,0.0
2021-02-09 00:00:00-05:00,91.33096175465649,91.76176817802751,90.56412684694281,90.81399536132812,5506900,0.0,0.0
2021-02-10 00:00:00-05:00,91.31370758840234,91.44294422144424,89.36646124305285,89.65079498291016,7446000,0.0,0.0
2021-02-11 00:00:00-05:00,90.09882550595262,90.19360341382809,89.02180980153338,89.39230346679688,5090100,0.0,0.0
2021-02-12 00:00:00-05:00,89.40093477147705,90.09883894852034,88.87535050341776,89.98683166503906,3738400,0.0,0.0
2021-02-16 00:00:00-05:00,90.75367115545578,91.49465863507743,89.62495400007852,89.78004455566406,5637300,0.0,0.0
2021-02-17 00:00:00-05:00,90.21083548205182,91.97714391978032,89.7369525020244,91.58080291748047,6940400,0.0,0.0
2021-02-18 00:00:00-05:00,90.7450379171202,91.85651894951523,90.6502600061234,91.38262939453125,5386600,0.0,0.0
2021-02-19 00:00:00-05:00,91.52909643662662,91.93404877950606,90.39176822853146,90.4779281616211,6702400,0.0,0.0
2021-02-22 00:00:00-05:00,90.17638981099128,92.77845731513791,89.8058960809933,92.24425506591797,10272500,0.0,0.0
2021-02-23 00:00:00-05:00,92.16670855907046,92.70952217584315,91.29647791990341,91.5635757446289,7058600,0.0,0.0
2021-02-24 00:00:00-05:00,91.3309340529443,94.29488345028432,90.98628770406579,93.64867401123047,7626200,0.0,0.0
2021-02-25 00:00:00-05:00,93.46775417227114,94.17427636553643,92.25287703737273,92.47689819335938,6237600,0.0,0.0
2021-02-26 00:00:00-05:00,92.77844450799401,93.55389715833964,90.77950355020441,92.83013916015625,9250000,0.0,0.0
2021-03-01 00:00:00-05:00,93.51082950712815,94.09672643256161,93.11448843603839,93.40744018554688,4709500,0.0,0.0
2021-03-02 00:00:00-05:00,93.78652404249807,94.24317763876651,92.8904462084546,92.92491149902344,5487000,0.0,0.0
2021-03-03 00:00:00-05:00,92.07192356444904,92.3131740422547,90.8656646018382,91.94268035888672,7218700,0.0,0.0
2021-03-04 00:00:00-05:00,91.76173487879662,92.83875054638813,90.42623282155037,91.02936553955078,7503700,0.0,0.0
2021-03-05 00:00:00-05:00,91.33955093622302,92.18392757870063,89.66802043681307,91.9340591430664,7277800,0.0,0.0
2021-03-08 00:00:00-05:00,92.06330406238527,93.1920210269838,91.15861478570217,91.42571258544922,6049400,0.0,0.0
2021-03-09 00:00:00-05:00,91.74451413139099,93.6486772215827,91.7100488379634,92.01161193847656,6857500,0.0,0.0
2021-03-10 00:00:00-05:00,92.52859203096078,93.36435744422165,92.23564685338837,93.0541763305664,5762600,0.0,0.0
2021-03-11 00:00:00-05:00,93.16619141800406,93.59699782595973,92.48551650460399,92.94217681884766,4671400,0.0,0.0
2021-03-12 00:00:00-05:00,92.88183767715925,93.55389442999859,92.51134400910908,93.24371337890625,5341200,0.0,0.0
2021-03-15 00:00:00-04:00,93.631436404034,95.08756375087711,93.3643386108809,95.00140380859375,6642200,0.0,0.0
2021-03-16 00:00:00-04:00,94.7343172331494,95.70794382718887,94.69124054070895,95.50115203857422,5570200,0.0,0.0
2021-03-17 00:00:00-04:00,89.4009286900068,90.54686849660617,88.57378135070037,90.50379180908203,19445600,0.0,0.0
2021-03-18 00:00:00-04:00,89.60771970940219,90.46071443141726,89.10798277182441,89.4095458984375,8675100,0.0,0.0
2021-03-19 00:00:00-04:00,89.54741078058987,89.97821714313027,88.67718008765492,89.10798645019531,10899100,0.0,0.0
2021-03-22 00:00:00-04:00,89.17691726357613,91.67559548712731,88.64271500623181,91.24478912353516,7627200,0.0,0.0
2021-03-23 00:00:00-04:00,90.78811923114893,91.27923813507338,90.04713189209343,90.33145904541016,6111600,0.0,0.0
2021-03-24 00:00:00-04:00,90.31423827075602,90.7536625655873,88.78918676316447,88.79779815673828,9420100,0.0,0.0
2021-03-25 00:00:00-04:00,88.65994153545635,89.73695733016893,87.92757210976835,89.50431823730469,6281500,0.0,0.0
2021-03-26 00:00:00-04:00,89.49570982579574,91.43433832087072,89.46985592405173,91.31371307373047,6596900,0.0,0.0
2021-03-29 00:00:00-04:00,91.12415745222539,92.19255531811243,90.89151835105733,91.95992279052734,5472700,0.0,0.0
2021-03-30 00:00:00-04:00,92.07192455857918,92.2183971254595,91.21892991038982,92.01161193847656,5354100,0.0,0.0
2021-03-31 00:00:00-04:00,92.08914911682203,94.07086065729176,92.02022510714325,93.24371337890625,9048000,0.0,0.0
2021-04-01 00:00:00-04:00,93.84685128082864,93.89855251152899,92.46827231117524,93.50220489501953,5091700,0.0,0.0
2021-04-05 00:00:00-04:00,93.9847041254348,93.9847041254348,90.81396948977596,91.4515609741211,10584400,0.0,0.0
2021-04-06 00:00:00-04:00,91.20169666362416,91.57219036190698,90.36593135073622,90.79673767089844,8522500,0.0,0.0
2021-04-07 00:00:00-04:00,90.92599199975605,91.44295833244688,89.75419813974561,90.65027618408203,8037300,0.0,0.0
2021-04-08 00:00:00-04:00,90.81400310190806,92.12365184820746,90.770919826465,91.41712951660156,5881800,0.0,0.0
2021-04-09 00:00:00-04:00,91.66696583064052,92.8129121893341,91.37402069607184,92.65782165527344,5977500,0.0,0.0
2021-04-12 00:00:00-04:00,92.89909089256915,93.54530048602709,92.50274979741168,93.26958465576172,5647500,0.0,0.0
2021-04-13 00:00:00-04:00,93.0800048870569,93.36433861282191,92.21839231704088,93.24371337890625,6165100,0.0,0.0
2021-04-14 00:00:00-04:00,92.63326275891373,93.025700012427,92.07512652331282,92.35419464111328,7766700,1.3,0.0
2021-04-15 00:00:00-04:00,92.43267109529994,93.26987537320645,92.11000256371061,93.2175521850586,5730500,0.0,0.0
2021-04-16 00:00:00-04:00,93.74081150425931,94.66523004082568,93.43558179320335,94.10709381103516,8207700,0.0,0.0
2021-04-19 00:00:00-04:00,94.15941596144408,94.82220522205205,93.41814191322248,94.7175521850586,4542900,0.0,0.0
2021-04-20 00:00:00-04:00,94.29023451415384,95.54603774273859,94.22918857008034,95.08383178710938,5411800,0.0,0.0
2021-04-21 00:00:00-04:00,95.74662985795783,97.18557770426439,95.36290865800687,96.62744140625,6181100,0.0,0.0
2021-04-22 00:00:00-04:00,96.49661001119844,96.88032449105515,95.58963702093183,95.97335815429688,5046000,0.0,0.0
2021-04-23 00:00:00-04:00,95.67685317292273,97.47335381639095,95.53732243681799,97.13323974609375,4611000,0.0,0.0
2021-04-26 00:00:00-04:00,97.29021362678587,97.70881913198156,96.67103144576362,97.14196014404297,5202300,0.0,0.0
2021-04-27 00:00:00-04:00,97.01986315971942,97.543115023587,96.4355653559591,97.18556213378906,3522900,0.0,0.0
2021-04-28 00:00:00-04:00,97.39485474292084,98.17101306168188,97.08090231583682,97.61287689208984,5116000,0.0,0.0
2021-04-29 00:00:00-04:00,98.00531995267784,98.20590326943692,96.21754221481953,96.7059097290039,6766700,0.0,0.0
2021-04-30 00:00:00-04:00,97.21172292653321,97.94427419919938,96.02568182968555,97.23788452148438,10575400,0.0,0.0
2021-05-03 00:00:00-04:00,98.02276265925146,100.37739928243079,97.31636634949112,100.01112365722656,9138200,0.0,0.0
2021-05-04 00:00:00-04:00,99.9587993368872,101.10995604128382,98.5896204789798,99.33089447021484,8151400,0.0,0.0
2021-05-05 00:00:00-04:00,99.68846454772678,101.4064804784714,99.37451206020445,100.9704360961914,7021400,0.0,0.0
2021-05-06 00:00:00-04:00,100.29019829195684,101.31926320144073,99.55764699376928,101.2320556640625,5803800,0.0,0.0
2021-05-07 00:00:00-04:00,101.49368843095493,101.9733399147888,100.25532397715934,100.94427490234375,6808200,0.0,0.0
2021-05-10 00:00:00-04:00,101.49367195576586,102.2087843633482,101.1361190787288,101.35414123535156,7093300,0.0,0.0
2021-05-11 00:00:00-04:00,100.7088030506872,101.65937651213147,99.74950018600767,100.19426727294922,5784600,0.0,0.0
2021-05-12 00:00:00-04:00,100.1593797751451,101.1622830498757,99.80182688970694,100.25531005859375,6208300,0.0,0.0
2021-05-13 00:00:00-04:00,100.76985011931338,102.20879112541647,100.29892143143088,101.68553924560547,6558200,0.0,0.0
2021-05-14 00:00:00-04:00,102.34832758620013,102.54890425579089,101.49367775585436,101.53728485107422,6268500,0.0,0.0
2021-05-17 00:00:00-04:00,101.83378538570425,102.65355081888144,101.65064757364495,101.93843841552734,6183200,0.0,0.0
2021-05-18 00:00:00-04:00,101.25821781465272,102.819257360257,100.56926695462568,102.21751403808594,8174900,0.0,0.0
2021-05-19 00:00:00-04:00,101.56344587428374,101.59833021956128,99.74949984090361,101.0314712524414,6433600,0.0,0.0
2021-05-20 00:00:00-04:00,100.58669427720875,102.3308714485438,100.39484037730853,102.13029479980469,5526100,0.0,0.0
2021-05-21 00:00:00-04:00,102.487871495726,103.15066083796056,101.21462266295266,101.26695251464844,5577800,0.0,0.0
2021-05-24 00:00:00-04:00,101.6768228538879,101.86868344096814,100.80473411516613,101.08380889892578,4821300,0.0,0.0
2021-05-25 00:00:00-04:00,101.13611941354858,101.16228100786861,99.58380271781674,99.9064712524414,6574200,0.0,0.0
2021-05-26 00:00:00-04:00,99.8803109810091,100.06344879718314,99.20880565503761,100.028564453125,5802600,0.0,0.0
2021-05-27 00:00:00-04:00,100.39484614177118,100.46460817596419,97.69136604816735,97.95299530029297,26406000,0.0,0.0
2021-05-28 00:00:00-04:00,98.83381188304547,99.83671519759201,98.42392913813012,98.7204360961914,7104300,0.0,0.0
2021-06-01 00:00:00-04:00,99.15647347482818,99.40937997315687,97.70880982483584,97.85706329345703,6846200,0.0,0.0
2021-06-02 00:00:00-04:00,98.03146887842736,98.24949099764439,96.67100633012831,97.1506576538086,8100700,0.0,0.0
2021-06-03 00:00:00-04:00,96.90648989093609,98.03148500963621,96.4966071748002,97.85706329345703,6286100,0.0,0.0
2021-06-04 00:00:00-04:00,98.02276886707138,98.64195103084627,97.81346944705797,97.98788452148438,4255400,0.0,0.0
2021-06-07 00:00:00-04:00,98.29310403834235,99.51402939327842,97.96171276988441,98.55473327636719,5570100,0.0,0.0
2021-06-08 00:00:00-04:00,98.26694969807166,98.62450258602055,97.51695292412022,97.9704360961914,4114200,0.0,0.0
2021-06-09 00:00:00-04:00,98.44136439604387,99.78438171518255,98.3192725173502,99.41810607910156,4884000,0.0,0.0
2021-06-10 00:00:00-04:00,99.73205777715687,102.0256485137059,99.54891996049021,101.37158203125,6263800,0.0,0.0
2021-06-11 00:00:00-04:00,101.37158368545556,101.47623671961927,100.17682648291844,100.6564712524414,4471400,0.0,0.0
2021-06-14 00:00:00-04:00,100.35123960830126,100.70879914463337,99.58380399983166,100.63903045654297,4427600,0.0,0.0
2021-06-15 00:00:00-04:00,100.60414012589337,101.1099531041872,99.87158225155265,101.01402282714844,3590500,0.0,0.0
2021-06-16 00:00:00-04:00,101.3541542473259,101.62449962712277,100.43845841054882,100.75241088867188,6670200,0.0,0.0
2021-06-17 00:00:00-04:00,100.27274872535071,101.06634588020746,99.44426057506267,100.2029800415039,4172300,0.0,0.0
2021-06-18 00:00:00-04:00,99.10416375868706,99.59253132335985,98.58963459640809,98.65068054199219,7415400,0.0,0.0
2021-06-21 00:00:00-04:00,99.1477527259316,100.50820878073927,98.3454261761786,100.05472564697266,4666100,0.0,0.0
2021-06-22 00:00:00-04:00,99.84542663695095,100.53437746170567,99.31345203370375,100.028564453125,4359900,0.0,0.0
2021-06-23 00:00:00-04:00,99.89775749790408,100.3163563238514,99.37449898520737,99.41810607910156,3837300,0.0,0.0
2021-06-24 00:00:00-04:00,99.78439316987448,101.32799398321146,99.64486242971081,100.06346130371094,7712300,0.0,0.0
2021-06-25 00:00:00-04:00,98.45881102228792,99.06054767316519,97.79602177785642,98.52857971191406,11709400,0.0,0.0
2021-06-28 00:00:00-04:00,98.7727730737796,99.51404717596829,98.40649074439033,98.54602813720703,5141800,0.0,0.0
2021-06-29 00:00:00-04:00,98.24078419012253,98.32799172125794,97.33381122859639,97.93555450439453,5795100,0.0,0.0
2021-06-30 00:00:00-04:00,97.85708771515412,98.47626999172304,97.35127459226352,98.23208618164062,5042600,0.0,0.0
2021-07-01 00:00:00-04:00,98.50240347905074,99.89775054443986,98.45008029282641,99.64484405517578,5306900,0.0,0.0
2021-07-02 00:00:00-04:00,99.87158710401665,100.71751414072793,99.32217366169768,100.43844604492188,5719500,0.0,0.0
2021-07-06 00:00:00-04:00,100.43844469642147,101.07507231610782,100.08960791797038,100.92681884765625,7172100,0.0,0.0
2021-07-07 00:00:00-04:00,101.08381669965375,102.00822870491363,100.56055809323311,101.81636810302734,6695100,0.0,0.0
2021-07-08 00:00:00-04:00,100.95299251420363,101.86868168194434,100.88322381946844,101.46752166748047,3948800,0.0,0.0
2021-07-09 00:00:00-04:00,101.42391468737868,102.32216495030445,101.25821571143794,101.66809844970703,4823400,0.0,0.0
2021-07-12 00:00:00-04:00,101.85994233321122,103.21167555421725,101.7029661326452,102.58377075195312,8148400,0.0,0.0
2021-07-13 00:00:00-04:00,102.54891288362542,102.98495725847579,101.76403833170207,102.82798767089844,6540300,0.0,0.0
2021-07-14 00:00:00-04:00,103.0572562202489,103.65688798232138,102.63398397091603,103.48934173583984,6543400,1.3,0.0
2021-07-15 00:00:00-04:00,103.00433969401844,103.60397143693692,102.06962219652469,103.33061218261719,4544600,0.0,0.0
2021-07-16 00:00:00-04:00,103.9743310536575,104.34469003341795,103.10133338005757,103.61278533935547,6826100,0.0,0.0
2021-07-19 00:00:00-04:00,102.88087383029942,103.17187303555647,100.29716768089996,101.77861022949219,6762000,0.0,0.0
2021-07-20 00:00:00-04:00,101.89325439153092,103.81560246424706,101.81388791041775,102.33415985107422,5581400,0.0,0.0
2021-07-21 00:00:00-04:00,102.85442295012145,103.2336019066429,102.10488502983945,103.16305541992188,4133800,0.0,0.0
2021-07-22 00:00:00-04:00,102.85441728816348,103.97432083824049,102.63396457505824,103.6480484008789,6257000,0.0,0.0
2021-07-23 00:00:00-04:00,104.03606530832253,104.64451032682013,103.6745195670598,104.22124481201172,4411100,0.0,0.0
2021-07-26 00:00:00-04:00,104.1683275153075,104.46814674365037,103.40996954252024,103.86851501464844,3730100,0.0,0.0
2021-07-27 00:00:00-04:00,103.86852635049773,104.3182518782516,102.96026202825614,104.0184326171875,3773100,0.0,0.0
2021-07-28 00:00:00-04:00,103.72742505953047,104.87378204564739,103.43643254382854,104.5386962890625,5650400,0.0,0.0
2021-07-29 00:00:00-04:00,104.96196333825762,105.05014309363207,104.1859720722047,104.82087707519531,4632200,0.0,0.0
2021-07-30 00:00:00-04:00,104.93549015808131,105.06776312986756,102.39587735605322,102.55460357666016,9017200,0.0,0.0
2021-08-02 00:00:00-04:00,103.07487885919465,103.3835113385283,101.76980245295998,101.80506896972656,9245500,0.0,0.0
2021-08-03 00:00:00-04:00,101.99906897940522,102.56342743816636,101.31125752827032,102.5105209350586,5902700,0.0,0.0
2021-08-04 00:00:00-04:00,102.09607051471039,102.74860873268157,101.32889929542971,101.47880554199219,4602000,0.0,0.0
2021-08-05 00:00:00-04:00,101.52288186818201,101.90206080700847,100.92325021440259,101.51406860351562,5132400,0.0,0.0
2021-08-06 00:00:00-04:00,101.63752733206577,101.89325330319144,100.90562266239746,100.92325592041016,5340400,0.0,0.0
2021-08-09 00:00:00-04:00,101.03790645149044,101.57581170213732,100.29718170974554,100.57936096191406,5277900,0.0,0.0
2021-08-10 00:00:00-04:00,100.70280179914633,101.4347064586842,99.57408492682363,101.24952697753906,5120800,0.0,0.0
2021-08-11 00:00:00-04:00,101.54937409809787,101.70809364469895,100.12965762467309,100.2795639038086,6840400,0.0,0.0
2021-08-12 00:00:00-04:00,100.49118295090817,102.05199222255371,100.44709643655419,101.97262573242188,4863600,0.0,0.0
2021-08-13 00:00:00-04:00,102.13134989854215,102.96025439259937,102.02553015642293,102.71334838867188,4416400,0.0,0.0
2021-08-16 00:00:00-04:00,103.17187322409274,104.60040927531533,102.91614726091616,104.41522979736328,8180500,0.0,0.0
2021-08-17 00:00:00-04:00,104.12423891112236,105.58804159423222,104.05369242026116,105.51750183105469,6551700,0.0,0.0
2021-08-18 00:00:00-04:00,105.08541455161927,105.74677279719029,103.33061255712236,103.4276123046875,5586900,0.0,0.0
2021-08-19 00:00:00-04:00,102.47526536396327,104.90024584732129,102.47526536396327,103.99198150634766,6145200,0.0,0.0
2021-08-20 00:00:00-04:00,104.1418742000449,105.3499576507786,103.74506195466192,104.77677917480469,4112500,0.0,0.0
2021-08-23 00:00:00-04:00,105.6409668506892,106.21413865304707,105.12951482525547,105.25296783447266,4748300,0.0,0.0
2021-08-24 00:00:00-04:00,105.57041423861394,105.57041423861394,104.42405724491053,105.53514099121094,3831500,0.0,0.0
2021-08-25 00:00:00-04:00,105.69387280124079,107.05186262312208,104.82088174706153,106.17005157470703,5241100,0.0,0.0
2021-08-26 00:00:00-04:00,106.57568384965583,106.91958962032294,105.94959881260328,106.17005157470703,5035400,0.0,0.0
2021-08-27 00:00:00-04:00,106.11713196181978,106.38167795152502,105.30586746066022,105.44696044921875,4279900,0.0,0.0
2021-08-30 00:00:00-04:00,105.67622891666598,106.6109531683496,105.41168964850522,106.31995391845703,3260900,0.0,0.0
2021-08-31 00:00:00-04:00,106.54921255976161,106.84902503618697,105.84376114936286,106.50511932373047,6021800,0.0,0.0
2021-09-01 00:00:00-04:00,106.69913654713858,107.16649532500647,93.56015061852432,99.00092315673828,50943200,0.0,0.0
2021-09-02 00:00:00-04:00,100.12963290516569,100.29717240555608,97.72228612742028,98.78045654296875,14719200,0.0,0.0
2021-09-03 00:00:00-04:00,98.03975062755973,98.82456190638962,97.89865763340933,98.42774963378906,5364800,0.0,0.0
2021-09-07 00:00:00-04:00,97.39600678146786,98.38363736648711,95.51775207191257,96.14383697509766,12694200,0.0,0.0
2021-09-08 00:00:00-04:00,95.28849759266659,97.79284441215523,94.98868507224672,97.31666564941406,10823200,0.0,0.0
2021-09-09 00:00:00-04:00,96.50539279003307,96.76993203916075,94.53013141259143,94.59185791015625,10337100,0.0,0.0
2021-09-10 00:00:00-04:00,94.7770380164188,95.51775593941258,93.78940739141053,94.07158660888672,7620100,0.0,0.0
2021-09-13 00:00:00-04:00,94.69768734076608,95.91458415776977,94.18623532133732,94.77705383300781,7398900,0.0,0.0
2021-09-14 00:00:00-04:00,95.22677832341556,95.29732482570294,93.69242890093086,93.89524841308594,6102700,0.0,0.0
2021-09-15 00:00:00-04:00,93.99223854911293,95.94104693059052,93.49842650368035,95.03277587890625,7444300,0.0,0.0
2021-09-16 00:00:00-04:00,95.44721570971112,95.89694117968452,93.9393197867595,95.3061294555664,5821800,0.0,0.0
2021-09-17 00:00:00-04:00,94.79467046476843,95.4560286308017,94.44194476401405,94.99748992919922,14157200,0.0,0.0
2021-09-20 00:00:00-04:00,93.56013817342854,94.78585482589588,93.0839594646905,93.8246841430664,7103400,0.0,0.0
2021-09-21 00:00:00-04:00,93.69239949616804,94.71530327524917,93.64830626415561,94.48603057861328,6400400,0.0,0.0
2021-09-22 00:00:00-04:00,94.36259660482156,94.86522860364252,93.41023911410268,93.83351135253906,6319100,0.0,0.0
2021-09-23 00:00:00-04:00,94.34494641672573,95.47366329360617,94.0451339396658,94.67121887207031,5847800,0.0,0.0
2021-09-24 00:00:00-04:00,94.23913732971326,95.27967450525965,93.85995835741203,94.41549682617188,5836100,0.0,0.0
2021-09-27 00:00:00-04:00,94.46839083691323,95.79992706044695,94.37139110838334,94.98866271972656,4969600,0.0,0.0
2021-09-28 00:00:00-04:00,94.90049241760757,95.78230332632009,94.3890404759103,94.65357971191406,6445600,0.0,0.0
2021-09-29 00:00:00-04:00,95.10331212080767,96.62884806473242,94.77704636641825,95.97630310058594,6270100,0.0,0.0
2021-09-30 00:00:00-04:00,96.29375223201482,97.36956265831752,95.04158230828172,95.1209487915039,7886400,0.0,0.0
2021-10-01 00:00:00-04:00,95.45603647800448,96.72584641403488,94.23913977443117,96.1967544555664,8611500,0.0,0.0
2021-10-04 00:00:00-04:00,95.97632653736855,97.17559029207231,94.96224905263291,95.87933349609375,9779200,0.0,0.0
2021-10-05 00:00:00-04:00,96.46131129333803,97.51066860735939,96.20558527867381,96.56713104248047,7146900,0.0,0.0
2021-10-06 00:00:00-04:00,96.38194102069251,96.70820677153446,95.36785706693013,96.39957427978516,5710300,0.0,0.0
2021-10-07 00:00:00-04:00,96.80520289718658,98.57764475167004,96.61120341600048,97.7663803100586,7842600,0.0,0.0
2021-10-08 00:00:00-04:00,97.92510851478283,98.5423734876139,97.56356279663633,98.03974151611328,5019800,0.0,0.0
2021-10-11 00:00:00-04:00,98.00447032446698,98.23374305961575,97.24611235470732,97.29901885986328,4613800,0.0,0.0
2021-10-12 00:00:00-04:00,97.10502222065601,97.22847521287919,95.37667360184805,95.73821258544922,6305800,0.0,0.0
2021-10-13 00:00:00-04:00,95.7558560325984,96.1526750306957,95.23559075682638,95.70294952392578,5471100,0.0,0.0
2021-10-14 00:00:00-04:00,96.35445868328321,97.27373411552863,96.21166198770665,97.20233917236328,7289500,1.3,0.0
2021-10-15 00:00:00-04:00,97.41654366559561,98.13946772819459,97.35406883067034,97.57719421386719,4634500,0.0,0.0
2021-10-18 00:00:00-04:00,97.2737548909257,97.2737548909257,95.57800035983797,95.88145446777344,7949400,0.0,0.0
2021-10-19 00:00:00-04:00,96.16704518973229,96.45264542279828,95.37271932872854,95.8992919921875,4614900,0.0,0.0
2021-10-20 00:00:00-04:00,95.94392377615114,97.38085192349186,95.94392377615114,96.756103515625,5626800,0.0,0.0
2021-10-21 00:00:00-04:00,96.75609201970424,97.23803684322748,95.63153820990902,97.06846618652344,4811800,0.0,0.0
2021-10-22 00:00:00-04:00,96.98814645293064,97.47902505265706,96.66684533479093,97.40762329101562,4614400,0.0,0.0
2021-10-25 00:00:00-04:00,97.35408602530794,97.40763394777397,96.16705714282902,96.83643341064453,5697400,0.0,0.0
2021-10-26 00:00:00-04:00,97.11310742406489,97.80033754359707,96.56868084442162,97.72000885009766,5047400,0.0,0.0
2021-10-27 00:00:00-04:00,97.8003293096716,97.92527899193095,96.54189875502765,96.74717712402344,4875300,0.0,0.0
2021-10-28 00:00:00-04:00,96.73825236979751,98.08593175494516,96.56867487896683,97.88065338134766,5193300,0.0,0.0
2021-10-29 00:00:00-04:00,100.04049918844356,102.56628030301762,99.4425247619427,102.34315490722656,16545000,0.0,0.0
2021-11-01 00:00:00-04:00,102.86081202383566,103.28028887601542,101.36140902521811,102.46810913085938,7096800,0.0,0.0
2021-11-02 00:00:00-04:00,102.8608109988202,105.03851711562844,102.7804891220102,104.00321197509766,10357800,0.0,0.0
2021-11-03 00:00:00-04:00,104.00321683365998,104.96712025589092,103.74439053643609,104.9314193725586,6186900,0.0,0.0
2021-11-04 00:00:00-04:00,104.93141981829125,105.06529642904432,103.82471966727718,104.47624206542969,4912200,0.0,0.0
2021-11-05 00:00:00-04:00,104.18172048749418,104.70829319198398,103.08394046311689,104.58334350585938,4635800,0.0,0.0
2021-11-08 00:00:00-05:00,104.601183875282,104.82430927331737,103.33383324866033,103.58373260498047,7015000,0.0,0.0
2021-11-09 00:00:00-05:00,103.74438722117063,104.05676142878711,103.00361604575066,103.18211364746094,3146800,0.0,0.0
2021-11-10 00:00:00-05:00,102.99467873027473,104.51192861945594,102.98575180831587,104.19955444335938,4981100,0.0,0.0
2021-11-11 00:00:00-05:00,104.3691254631871,104.85999719264149,103.78899813815383,104.09244537353516,3120900,0.0,0.0
2021-11-12 00:00:00-05:00,104.77968046940121,104.77968046940121,103.91395290007236,104.39590454101562,2740300,0.0,0.0
2021-11-15 00:00:00-05:00,104.37806005974267,105.1366918719621,103.72653770077973,104.2798843383789,3941000,0.0,0.0
2021-11-16 00:00:00-05:00,104.07461441296343,104.84216635060837,103.83363516247768,103.90503692626953,3476400,0.0,0.0
2021-11-17 00:00:00-05:00,104.06567786329289,104.97603324430656,103.75330368715932,104.73505401611328,4361500,0.0,0.0
2021-11-18 00:00:00-05:00,104.78860725737268,105.64540790376178,104.1013772703469,104.48515319824219,3160300,0.0,0.0
2021-11-19 00:00:00-05:00,104.98496145311492,105.13669190114905,103.40523660670404,103.744384765625,5885800,0.0,0.0
2021-11-22 00:00:00-05:00,103.48555797939828,104.72613466085349,102.64661110420177,103.21781158447266,3975800,0.0,0.0
2021-11-23 00:00:00-05:00,104.0299750528686,106.50220807788726,103.66405297026337,106.10057830810547,8948300,0.0,0.0
2021-11-24 00:00:00-05:00,105.92209050522779,106.42188922389603,105.38659090533369,105.90424346923828,5792800,0.0,0.0
2021-11-26 00:00:00-05:00,104.96711725247175,105.41336806748633,103.37846544049933,103.98536682128906,5016700,0.0,0.0
2021-11-29 00:00:00-05:00,104.27095312591617,105.24377650410943,104.0478277482484,104.32450103759766,4372500,0.0,0.0
2021-11-30 00:00:00-05:00,104.13709216527775,104.23526789092445,102.72693793257716,102.88758850097656,8172100,0.0,0.0
2021-12-01 00:00:00-05:00,103.33382243698978,106.18983131857041,103.18209881641958,103.4498519897461,6287500,0.0,0.0
2021-12-02 00:00:00-05:00,103.75332525262944,104.9582012162943,103.17319777108777,104.30667877197266,4919800,0.0,0.0
2021-12-03 00:00:00-05:00,105.08312950766326,106.20768335566517,104.42268027405736,106.07380676269531,6428100,0.0,0.0
2021-12-06 00:00:00-05:00,106.76995759038493,109.28681167994462,106.39510857495499,108.30506134033203,8939900,0.0,0.0
2021-12-07 00:00:00-05:00,108.86734517713852,109.01014188841235,107.99269063706731,108.44786834716797,6123300,0.0,0.0
2021-12-08 00:00:00-05:00,108.84950217921335,109.27790597421817,107.76957598233852,108.76918029785156,5278100,0.0,0.0
2021-12-09 00:00:00-05:00,109.07262183193534,111.08075047083847,108.97444610929365,110.8040771484375,8082300,0.0,0.0
2021-12-10 00:00:00-05:00,110.42029239893817,112.46412175709737,110.42029239893817,111.98217010498047,7059500,0.0,0.0
2021-12-13 00:00:00-05:00,111.7411882446086,114.00814293599531,111.7411882446086,112.91036987304688,7834200,0.0,0.0
2021-12-14 00:00:00-05:00,112.1874556881895,114.106335614761,111.9018554299961,113.60653686523438,6381400,0.0,0.0
2021-12-15 00:00:00-05:00,114.46334209964834,116.72137029291424,113.88321463748873,116.2304916381836,9585600,0.0,0.0
2021-12-16 00:00:00-05:00,116.11446491596371,118.95261349907162,115.94488743109365,117.61386108398438,9569000,0.0,0.0
2021-12-17 00:00:00-05:00,116.7748953294684,116.93555268430076,115.4629170087224,115.60572052001953,12631100,0.0,0.0
2021-12-20 00:00:00-05:00,114.69538599041243,117.26579518664722,114.44548660950015,116.79277038574219,7119200,0.0,0.0
2021-12-21 00:00:00-05:00,117.1229918834788,117.23010134586589,115.26658675120983,115.9805908203125,6085900,0.0,0.0
2021-12-22 00:00:00-05:00,115.94487518185561,118.32785259473701,115.82884562688821,117.85482788085938,7070900,0.0,0.0
2021-12-23 00:00:00-05:00,118.10472378988047,119.38992811426466,117.96192028306179,118.78302001953125,5702300,0.0,0.0
2021-12-27 00:00:00-05:00,118.87227533034755,120.0235962573889,118.84550137519487,119.96112823486328,4436800,0.0,0.0
2021-12-28 00:00:00-05:00,120.0861095133096,120.71977811007082,119.36318529687992,119.94330596923828,4237200,0.0,0.0
2021-12-29 00:00:00-05:00,120.13964477462126,121.26419192403716,119.6666200009269,120.80902099609375,5594300,0.0,0.0
2021-12-30 00:00:00-05:00,121.15709763571265,122.12100104117741,121.05000179682575,121.31774139404297,6354300,0.0,0.0
2021-12-31 00:00:00-05:00,121.41590411803975,121.56764136487391,120.75546169096474,120.8447036743164,3963400,0.0,0.0
2022-01-03 00:00:00-05:00,120.85366686013631,121.11248637897647,119.15790534124878,120.86258697509766,6839800,0.0,0.0
2022-01-04 00:00:00-05:00,120.7822244076788,121.57655016359959,119.93435074303169,120.63050079345703,6298300,0.0,0.0
2022-01-05 00:00:00-05:00,120.48774136447068,123.29911654890972,120.48774136447068,121.26421356201172,7724900,0.0,0.0
2022-01-06 00:00:00-05:00,121.73722614577731,121.96928530306748,120.6305327562217,120.69300079345703,4667000,0.0,0.0
2022-01-07 00:00:00-05:00,120.7108517555752,121.2374244763105,119.71125423573943,120.38063049316406,8630300,0.0,0.0
2022-01-10 00:00:00-05:00,120.55910432702223,122.18344997638724,120.10393346440452,121.72827911376953,9794400,0.0,0.0
2022-01-11 00:00:00-05:00,121.24635132839356,122.35304462869601,120.30922189748057,122.2459487915039,7159400,0.0,0.0
2022-01-12 00:00:00-05:00,121.84431589671915,122.62078789034463,121.40698523284769,122.53153228759766,6589300,0.0,0.0
2022-01-13 00:00:00-05:00,121.73797110452624,121.8461782312585,119.84426382786614,120.40336608886719,8386400,1.41,0.0
2022-01-14 00:00:00-05:00,120.25011930190514,122.68487700929413,119.29423882258305,122.52255249023438,10484500,0.0,0.0
2022-01-18 00:00:00-05:00,122.19790436644419,124.42526017182912,121.99050272038265,123.34314727783203,12341900,0.0,0.0
2022-01-19 00:00:00-05:00,123.00948089565716,123.99239915753341,121.59370653329512,121.9273681640625,6196700,0.0,0.0
2022-01-20 00:00:00-05:00,121.287109896087,121.55764151770566,119.70902482308958,119.96151733398438,6612800,0.0,0.0
2022-01-21 00:00:00-05:00,119.9885615876974,121.0616615715397,118.73511178736767,119.01465606689453,7583000,0.0,0.0
2022-01-24 00:00:00-05:00,119.77216117083461,120.15991263315937,115.66011057614189,119.17699432373047,13733800,0.0,0.0
2022-01-25 00:00:00-05:00,118.57280503082853,121.1247956105839,117.94156001237859,120.01561737060547,10296500,0.0,0.0
2022-01-26 00:00:00-05:00,120.19597316369644,122.17083615367815,119.78116992733186,121.04363250732422,8040300,0.0,0.0
2022-01-27 00:00:00-05:00,122.18887935939345,124.71381836380061,122.06263309716363,122.61270904541016,8869100,0.0,0.0
2022-01-28 00:00:00-05:00,122.63071361542687,124.425212568818,121.37726402213183,124.37110900878906,8014400,0.0,0.0
2022-01-31 00:00:00-05:00,123.37921315547703,123.6948219314045,122.29708660998111,123.44232940673828,10300000,0.0,0.0
2022-02-01 00:00:00-05:00,123.87517468993599,124.299004386293,122.67582828958643,123.5415267944336,7413900,0.0,0.0
2022-02-02 00:00:00-05:00,122.10770654135194,125.71475781493581,119.97954573954512,125.00235748291016,11363100,0.0,0.0
2022-02-03 00:00:00-05:00,125.79593336941028,127.78883557244673,125.38111635201157,126.90509796142578,10272700,0.0,0.0
2022-02-04 00:00:00-05:00,126.38205012138982,128.7717297822486,125.55243000178345,126.83293151855469,6921500,0.0,0.0
2022-02-07 00:00:00-05:00,127.30186123790168,128.96110159720294,126.54438373819578,128.52825927734375,9597800,0.0,0.0
2022-02-08 00:00:00-05:00,128.07736697969025,129.49314115382955,127.37399310967456,129.41197204589844,7559500,0.0,0.0
2022-02-09 00:00:00-05:00,129.83585094367479,129.83585094367479,128.80784153110076,129.13247680664062,5989100,0.0,0.0
2022-02-10 00:00:00-05:00,129.08733106500196,130.23257360054606,128.3298536637728,128.69056701660156,7333400,0.0,0.0
2022-02-11 00:00:00-05:00,128.82587608160546,129.5021984016979,127.63554219353256,128.0593719482422,6475200,0.0,0.0
2022-02-14 00:00:00-05:00,127.85195075442779,129.12343982428024,125.74182874050929,128.9521026611328,9931900,0.0,0.0
2022-02-15 00:00:00-05:00,129.26772452568787,131.17044490263012,129.13245182715573,130.53919982910156,9530100,0.0,0.0
2022-02-16 00:00:00-05:00,130.52117832484686,132.75754665643623,129.9981541466876,131.5401611328125,8028900,0.0,0.0
2022-02-17 00:00:00-05:00,130.57527860901516,131.1794581375632,129.47512670335735,130.72857666015625,5486600,0.0,0.0
2022-02-18 00:00:00-05:00,130.47607194831576,131.41389927942097,129.28573835441858,129.8809051513672,7585900,0.0,0.0
2022-02-22 00:00:00-05:00,127.37402378760973,131.97302059289223,127.37402378760973,131.2606201171875,11576800,0.0,0.0
2022-02-23 00:00:00-05:00,131.85576651217787,133.77652580744012,131.08024990205496,132.34271240234375,9271000,0.0,0.0
2022-02-24 00:00:00-05:00,129.50218510642284,131.38686647590225,129.37593883669243,130.99911499023438,12070200,0.0,0.0
2022-02-25 00:00:00-05:00,131.7746085403994,135.5890615103492,131.70246586184274,134.849609375,8320700,0.0,0.0
2022-02-28 00:00:00-05:00,132.24351055900556,133.53303853217614,131.44094220864093,133.2534942626953,11090600,0.0,0.0
2022-03-01 00:00:00-05:00,133.16332685590595,134.8135546272698,131.84676071687906,133.18136596679688,7489900,0.0,0.0
2022-03-02 00:00:00-05:00,133.19038761879057,136.39164890708432,132.7575452469069,134.87669372558594,8247200,0.0,0.0
2022-03-03 00:00:00-05:00,135.09310725064168,135.97683110140687,134.22742251187887,135.63417053222656,5408400,0.0,0.0
2022-03-04 00:00:00-05:00,134.00197680248195,135.87763158685695,133.55109533781655,135.76942443847656,5389500,0.0,0.0
2022-03-07 00:00:00-05:00,134.36267258027712,135.94075766091794,133.6322468302358,134.76846313476562,7137700,0.0,0.0
2022-03-08 00:00:00-05:00,134.3626637377533,135.16523211841195,131.98201038030896,132.69439697265625,8817500,0.0,0.0
2022-03-09 00:00:00-05:00,133.6953444680314,135.3636111106966,133.24446307918222,134.21836853027344,5368900,0.0,0.0
2022-03-10 00:00:00-05:00,133.5240449751886,135.0390001079173,133.19038333110558,134.51597595214844,4635700,0.0,0.0
2022-03-11 00:00:00-05:00,134.66924050619753,135.62510678217672,134.3446053785247,134.416748046875,5171400,0.0,0.0
2022-03-14 00:00:00-04:00,135.92271756471345,137.94267140682132,134.38071071687412,137.15814208984375,8647200,0.0,0.0
2022-03-15 00:00:00-04:00,137.30241197671506,141.06276155763516,137.21224394406136,140.56680297851562,8384300,0.0,0.0
2022-03-16 00:00:00-04:00,141.12588329612913,141.41445400725758,138.4386339078375,140.7200927734375,7178900,0.0,0.0
2022-03-17 00:00:00-04:00,141.73005755781367,143.02859819076906,140.86437297571564,143.01055908203125,7227900,0.0,0.0
2022-03-18 00:00:00-04:00,142.47855608146622,143.7770970220064,141.70303933974424,143.5606689453125,9912800,0.0,0.0
2022-03-21 00:00:00-04:00,144.2369513983575,145.13871416266082,143.37126685011864,144.32713317871094,5825000,0.0,0.0
2022-03-22 00:00:00-04:00,144.3271701442503,144.55261089306674,142.49659236464566,144.2910919189453,5756600,0.0,0.0
2022-03-23 00:00:00-04:00,144.29106891867687,145.3461298037818,142.80316571758746,142.85726928710938,6300600,0.0,0.0
2022-03-24 00:00:00-04:00,143.57867949619376,144.94033642167943,143.24503165083175,144.5345458984375,4638100,0.0,0.0
2022-03-25 00:00:00-04:00,144.77804081201413,146.06755519407488,144.48947007040567,145.48141479492188,5129400,0.0,0.0
2022-03-28 00:00:00-04:00,144.83216492627815,146.1126668141939,143.85825917494532,146.05856323242188,4516500,0.0,0.0
2022-03-29 00:00:00-04:00,146.97833376323285,147.23983893877636,145.44532589069132,146.24789428710938,6154100,0.0,0.0
2022-03-30 00:00:00-04:00,145.8330882981249,148.2047289820516,145.8330882981249,147.66366577148438,5151800,0.0,0.0
2022-03-31 00:00:00-04:00,146.92422235675707,148.48428207725743,146.17577126009903,146.18478393554688,8670100,0.0,0.0
2022-04-01 00:00:00-04:00,146.2208734456986,147.05050756255815,144.37227019609088,146.6988067626953,5703300,0.0,0.0
2022-04-04 00:00:00-04:00,146.5364803725825,147.74483943145415,145.5986529525147,145.9864044189453,6892400,0.0,0.0
2022-04-05 00:00:00-04:00,145.98641308969394,149.65659514387627,145.9413221872467,147.3751220703125,6683300,0.0,0.0
2022-04-06 00:00:00-04:00,148.33102673228984,152.6414535244007,147.708807952038,152.3168182373047,8810800,0.0,0.0
2022-04-07 00:00:00-04:00,151.19857153844,157.4387686495469,151.08133796780163,156.25746154785156,7469000,0.0,0.0
2022-04-08 00:00:00-04:00,156.00498431081533,158.62911769608579,155.5541028532696,157.77244567871094,7204200,0.0,0.0
2022-04-11 00:00:00-04:00,157.71833922071522,157.84458548714068,152.68651391617863,153.1464080810547,8163200,0.0,0.0
2022-04-12 00:00:00-04:00,152.6775038085562,153.8047076506958,149.88204653593746,150.8739776611328,8279700,0.0,0.0
2022-04-13 00:00:00-04:00,150.0554730671088,150.0554730671088,142.2798685055528,144.55343627929688,18312600,1.41,0.0
2022-04-14 00:00:00-04:00,143.55306352263221,149.02780430102953,142.61635478347844,147.60910034179688,11074800,0.0,0.0
2022-04-18 00:00:00-04:00,147.2908160079377,148.04562827292244,144.37154897486235,144.92630004882812,6500200,0.0,0.0
2022-04-19 00:00:00-04:00,145.87208736951294,145.96303562153676,139.7880323075567,142.1889190673828,9359900,0.0,0.0
2022-04-20 00:00:00-04:00,142.19801553750705,143.780423616213,141.43410013816856,142.50721740722656,6250000,0.0,0.0
2022-04-21 00:00:00-04:00,142.78006610409108,145.85393438816828,141.27951681994213,144.1623992919922,7903300,0.0,0.0
2022-04-22 00:00:00-04:00,143.03468448783346,143.98049638535448,140.36096675599333,140.9521026611328,7938300,0.0,0.0
2022-04-25 00:00:00-04:00,140.81569341974924,142.4526650284144,138.9968391605117,142.14346313476562,6932600,0.0,0.0
2022-04-26 00:00:00-04:00,142.27074637400875,145.22638379729958,141.70690613689587,142.03428649902344,6787800,0.0,0.0
2022-04-27 00:00:00-04:00,142.3798817192093,145.053599184649,140.56102781093782,143.3438720703125,6039100,0.0,0.0
2022-04-28 00:00:00-04:00,144.01685491138568,144.0896107338866,140.3609546220527,142.15252685546875,7465000,0.0,0.0
2022-04-29 00:00:00-04:00,136.01390264582665,136.28673352668602,127.25611601844626,133.57664489746094,25155900,0.0,0.0
2022-05-02 00:00:00-04:00,133.3674723675477,135.41368324593884,130.44821928535947,134.4769744873047,9690800,0.0,0.0
2022-05-03 00:00:00-04:00,134.64066315755898,137.08702388123808,134.54971491156374,136.05027770996094,6163400,0.0,0.0
2022-05-04 00:00:00-04:00,134.75886691255397,138.56936771747826,134.22230838976702,137.86001586914062,5791500,0.0,0.0
2022-05-05 00:00:00-04:00,138.93316365117687,139.4333512656397,136.45041800395816,138.39659118652344,6869300,0.0,0.0
2022-05-06 00:00:00-04:00,136.12304346352457,139.6152541199448,135.5137289636944,138.9877471923828,6145600,0.0,0.0
2022-05-09 00:00:00-04:00,137.8873053378094,139.63340336112603,135.44094469974874,137.28709411621094,6969000,0.0,0.0
2022-05-10 00:00:00-04:00,137.56902015056409,140.5337470450902,136.87784677971143,138.3147430419922,6525200,0.0,0.0
2022-05-11 00:00:00-04:00,137.34166960174716,140.74291770498905,137.2689137764432,138.196533203125,5630000,0.0,0.0
2022-05-12 00:00:00-04:00,139.4879226695096,140.37006800107446,136.5504633636057,140.31549072265625,6914800,0.0,0.0
2022-05-13 00:00:00-04:00,139.5243053233345,140.40645072873568,138.14197223289818,139.59706115722656,6398500,0.0,0.0
2022-05-16 00:00:00-04:00,139.98808554790082,142.6799954601943,139.3878742995366,141.38861083984375,6565600,0.0,0.0
2022-05-17 00:00:00-04:00,141.3067548251854,141.67960930432412,139.00590590010168,140.76109313964844,6032200,0.0,0.0
2022-05-18 00:00:00-04:00,140.77019535970453,141.59777723740632,138.00554346137383,138.6239471435547,6498100,0.0,0.0
2022-05-19 00:00:00-04:00,137.5053655385447,138.59667521012932,135.75926728865826,137.978271484375,5994800,0.0,0.0
2022-05-20 00:00:00-04:00,138.5330156000089,139.6152359426714,134.4224017034542,137.3325653076172,6746400,0.0,0.0
2022-05-23 00:00:00-04:00,137.91460371173238,138.23290872331052,133.85856692412344,134.6224822998047,6886400,0.0,0.0
2022-05-24 00:00:00-04:00,133.71305021581676,137.641781502437,133.33109254241003,135.6046600341797,6367200,0.0,0.0
2022-05-25 00:00:00-04:00,136.74144445055572,139.13324190418675,136.22306439904818,138.196533203125,5042600,0.0,0.0
2022-05-26 00:00:00-04:00,137.89643987633906,139.20601716110286,136.7687452418465,136.9324493408203,6659300,0.0,0.0
2022-05-27 00:00:00-04:00,135.97755659545305,136.45955189339352,134.36786659240724,136.41407775878906,8405000,0.0,0.0
2022-05-31 00:00:00-04:00,135.17723883511658,135.39550632707298,133.3856664009808,134.0222625732422,11227800,0.0,0.0
2022-06-01 00:00:00-04:00,134.40421627649425,134.49516453129158,131.24851721100646,132.79454040527344,5597900,0.0,0.0
2022-06-02 00:00:00-04:00,133.3674715439578,133.7494431171103,129.95712010103264,133.4584197998047,5998900,0.0,0.0
2022-06-03 00:00:00-04:00,133.45845054081767,134.78622044754275,133.45845054081767,133.8404083251953,4891800,0.0,0.0
2022-06-06 00:00:00-04:00,133.6857630800407,134.43149984785978,132.46713428442595,133.25833129882812,3912400,0.0,0.0
2022-06-07 00:00:00-04:00,133.6130287227384,135.82294380580876,132.65812748626985,135.6319580078125,4991200,0.0,0.0
2022-06-08 00:00:00-04:00,135.41367437030615,136.2776411192919,134.82255237266247,135.7319793701172,4835200,0.0,0.0
2022-06-09 00:00:00-04:00,136.15939907255725,136.8869433812364,132.13973376612807,132.25794982910156,5642900,0.0,0.0
2022-06-10 00:00:00-04:00,131.26669622646642,131.53043784026156,129.27504877943218,130.22994995117188,5464700,0.0,0.0
2022-06-13 00:00:00-04:00,128.1018974506585,129.20231030954523,126.21028748257386,126.79232025146484,5997000,0.0,0.0
2022-06-14 00:00:00-04:00,126.81052913083425,127.92003140872353,123.97312074895746,125.15536499023438,5861800,0.0,0.0
2022-06-15 00:00:00-04:00,124.20048243197688,126.49222904130599,123.89126663000486,125.58280181884766,5981800,0.0,0.0
2022-06-16 00:00:00-04:00,124.17317052423113,126.67409505720688,123.4638184941094,126.5467758178711,6963400,0.0,0.0
2022-06-17 00:00:00-04:00,125.13718091797638,126.89236865000248,124.76431245746326,125.75558471679688,10429900,0.0,0.0
2022-06-21 00:00:00-04:00,127.27430742039587,130.93020789028813,127.04695066763462,130.47549438476562,7160500,0.0,0.0
2022-06-22 00:00:00-04:00,130.70287142532206,136.5050210969646,130.602833883509,134.195068359375,7995700,0.0,0.0
2022-06-23 00:00:00-04:00,135.2499711183746,137.14158075572814,134.17684014903548,135.91384887695312,7795000,0.0,0.0
2022-06-24 00:00:00-04:00,137.2234478031325,138.9058934059434,136.0684715575447,138.5421142578125,8527600,0.0,0.0
2022-06-27 00:00:00-04:00,139.14234933739252,141.3704430056792,138.91499255742946,139.26966857910156,5377300,0.0,0.0
2022-06-28 00:00:00-04:00,139.2969162026018,141.07029587709275,137.6781374354508,138.6785125732422,5735700,0.0,0.0
2022-06-29 00:00:00-04:00,139.96082490795507,142.43446772600686,139.46065110518686,140.17909240722656,6140900,0.0,0.0
2022-06-30 00:00:00-04:00,139.29694633097236,140.08814346223699,137.20526123929795,139.28785705566406,7289500,0.0,0.0
2022-07-01 00:00:00-04:00,139.21509969499155,139.92445171042743,137.74183225935644,139.86988830566406,4620000,0.0,0.0
2022-07-05 00:00:00-04:00,138.14197741393346,140.09725409662997,136.1048694955794,139.9881134033203,5478800,0.0,0.0
2022-07-06 00:00:00-04:00,140.6065301533999,140.95211690589122,137.9510045795762,138.7149200439453,5113600,0.0,0.0
2022-07-07 00:00:00-04:00,136.59595378608853,138.76039482196518,136.42316040903864,138.23292541503906,6516100,0.0,0.0
2022-07-08 00:00:00-04:00,138.23290192107996,141.18853962662936,138.04191614818015,139.00592041015625,4078400,0.0,0.0
2022-07-11 00:00:00-04:00,138.48756371631325,140.50649307648484,138.48756371631325,139.3515167236328,4491000,0.0,0.0
2022-07-12 00:00:00-04:00,139.14234489926008,140.57015209272942,138.28748121358495,138.65126037597656,5319500,0.0,0.0
2022-07-13 00:00:00-04:00,138.23289997635214,139.89715300312005,137.59630387023296,138.3693084716797,5221200,0.0,0.0
2022-07-14 00:00:00-04:00,136.67113322332915,138.61714797436477,136.30396538573737,138.09393310546875,7576900,1.41,0.0
2022-07-15 00:00:00-04:00,139.37903402951346,141.24243811120127,139.00267789310917,141.01295471191406,4873000,0.0,0.0
2022-07-18 00:00:00-04:00,141.17820471883613,141.79321861207237,136.6711469267356,137.29534912109375,6838400,0.0,0.0
2022-07-19 00:00:00-04:00,137.69002791194575,137.90114869957563,136.58851048996098,137.4513702392578,5647100,0.0,0.0
2022-07-20 00:00:00-04:00,137.25860499547176,138.1031021953561,135.24832824499995,135.56961059570312,5315700,0.0,0.0
2022-07-21 00:00:00-04:00,135.15656891797533,135.70732075803284,134.0366886346672,135.6247100830078,4066800,0.0,0.0
2022-07-22 00:00:00-04:00,136.28562927246094,137.0383276877414,135.46866876951032,136.28562927246094,3639700,0.0,0.0
2022-07-25 00:00:00-04:00,136.34989260416063,138.55294232384233,136.32235570823855,137.89202880859375,4347000,0.0,0.0
2022-07-26 00:00:00-04:00,138.74563719222022,140.95786019742886,137.99293903671435,138.48861694335938,4900600,0.0,0.0
2022-07-27 00:00:00-04:00,137.23108157410545,139.0669488861336,136.70785266703052,138.74566650390625,4145800,0.0,0.0
2022-07-28 00:00:00-04:00,139.0118814798846,139.902278287557,134.58743433194087,137.4605712890625,6572300,0.0,0.0
2022-07-29 00:00:00-04:00,133.5042699536478,134.29369343905327,127.63867459336885,131.73265075683594,17754700,0.0,0.0
2022-08-01 00:00:00-04:00,129.8967900275992,131.11764350290966,127.73046598231748,128.71266174316406,8523900,0.0,0.0
2022-08-02 00:00:00-04:00,129.59385950447628,131.11763264886477,128.6025035378109,128.8686981201172,5197100,0.0,0.0
2022-08-03 00:00:00-04:00,130.08954249772518,131.28285890184694,129.10734688611169,129.61221313476562,5474200,0.0,0.0
2022-08-04 00:00:00-04:00,130.4291806908172,130.87897319313672,127.30821208147408,127.51933288574219,7071700,0.0,0.0
2022-08-05 00:00:00-04:00,127.6386697508099,128.42809320626498,126.62893718922021,126.7115478515625,5371100,0.0,0.0
2022-08-08 00:00:00-04:00,126.71156458346913,129.24507061561647,126.46373256371672,128.82281494140625,4854600,0.0,0.0
2022-08-09 00:00:00-04:00,129.13490863273222,130.56689699729588,128.40057286410303,128.74020385742188,3819700,0.0,0.0
2022-08-10 00:00:00-04:00,129.3460440415003,129.48372849708477,127.59278727208714,129.3735809326172,4075300,0.0,0.0
2022-08-11 00:00:00-04:00,128.72184564892993,131.145190185058,128.19863069561916,130.42002868652344,5972800,0.0,0.0
2022-08-12 00:00:00-04:00,130.24559983882037,131.3471173735365,128.75855186728137,130.8973388671875,5208700,0.0,0.0
2022-08-15 00:00:00-04:00,131.36549005385254,131.52153709931767,128.89624620328803,130.61277770996094,4513200,0.0,0.0
2022-08-16 00:00:00-04:00,130.447577818919,132.1641096078334,130.4200409244007,130.85147094726562,3852300,0.0,0.0
2022-08-17 00:00:00-04:00,129.81417219561453,131.04419989750025,129.0155744200934,129.83253479003906,3605200,0.0,0.0
2022-08-18 00:00:00-04:00,129.87843741311212,129.96104808018643,128.34548989565758,129.69483947753906,3525200,0.0,0.0
2022-08-19 00:00:00-04:00,130.1446459953869,131.5949830016297,129.85091447870445,130.2089080810547,4530700,0.0,0.0
2022-08-22 00:00:00-04:00,130.31905138754794,130.95242789558478,128.47400965216164,128.82281494140625,4023500,0.0,0.0
2022-08-23 00:00:00-04:00,128.1894413815382,129.2909730764439,127.08792369318985,127.61115264892578,3768100,0.0,0.0
2022-08-24 00:00:00-04:00,127.63869861800704,128.01505484031347,126.39948237638666,126.59225463867188,5018900,0.0,0.0
2022-08-25 00:00:00-04:00,127.3816579387368,128.10681936735858,126.37192530996612,127.89569854736328,3301200,0.0,0.0
2022-08-26 00:00:00-04:00,127.49183176395047,128.37305442212943,125.0684869621571,125.16028594970703,3838800,0.0,0.0
2022-08-29 00:00:00-04:00,125.02256295759001,125.49989238746268,123.70073623274646,124.57278442382812,3835800,0.0,0.0
2022-08-30 00:00:00-04:00,124.04955478591414,125.28877083486883,123.82007136992668,124.42591094970703,4337100,0.0,0.0
2022-08-31 00:00:00-04:00,124.55442377171454,124.87569215704836,123.15916065077333,123.42536926269531,5789600,0.0,0.0
2022-09-01 00:00:00-04:00,123.59060331858919,127.21643894063963,123.09492524131883,127.08792877197266,4521000,0.0,0.0
2022-09-02 00:00:00-04:00,127.28069507245036,127.95995707223793,124.6645783247532,125.09600830078125,3601600,0.0,0.0
2022-09-06 00:00:00-04:00,126.03229782571937,127.91406468238418,125.05929036009782,126.29849243164062,4810600,0.0,0.0
2022-09-07 00:00:00-04:00,126.26179258864885,127.62950493876039,124.23315279850053,127.32659912109375,4141700,0.0,0.0
2022-09-08 00:00:00-04:00,128.18025103600883,129.0339365920082,127.27149170347187,128.988037109375,3988300,0.0,0.0
2022-09-09 00:00:00-04:00,128.87788219769385,130.50262872214046,128.60251330080146,129.81417846679688,4427000,0.0,0.0
2022-09-12 00:00:00-04:00,129.43785624920088,131.14521389053772,128.80449361366752,130.56692504882812,4938400,0.0,0.0
2022-09-13 00:00:00-04:00,129.01557631611539,130.28231521891055,126.2067016097769,127.16134643554688,6195900,0.0,0.0
2022-09-14 00:00:00-04:00,127.74883694661538,128.9146167185398,126.92270218303393,128.09765625,4673600,0.0,0.0
2022-09-15 00:00:00-04:00,128.50154492202256,132.09065507802143,127.9507790941852,130.81472778320312,6416900,0.0,0.0
2022-09-16 00:00:00-04:00,131.6316939337454,132.9627090743312,129.75911524966978,132.23753356933594,13887500,0.0,0.0
2022-09-19 00:00:00-04:00,131.85197882315268,132.05392533120389,129.82333944920373,130.95240783691406,5042500,0.0,0.0
2022-09-20 00:00:00-04:00,130.18135175248077,130.7963655925632,128.85033680804216,130.1354522705078,4532900,0.0,0.0
2022-09-21 00:00:00-04:00,130.4842674423797,131.84281937800856,128.7769102316517,128.79527282714844,5076100,0.0,0.0
2022-09-22 00:00:00-04:00,128.7034787160018,132.60469659169362,128.51070649337734,131.273681640625,6161000,0.0,0.0
2022-09-23 00:00:00-04:00,130.41084992111485,131.6500520353566,129.38275463342865,131.31959533691406,5751600,0.0,0.0
2022-09-26 00:00:00-04:00,130.42002731416815,131.0809407267538,128.61169672786542,129.62142944335938,5697800,0.0,0.0
2022-09-27 00:00:00-04:00,130.8881516008385,133.59605298031929,129.69483509273778,130.0895538330078,5598000,0.0,0.0
2022-09-28 00:00:00-04:00,132.38439605258068,133.39412870017108,130.91569656636858,132.73321533203125,5226700,0.0,0.0
2022-09-29 00:00:00-04:00,132.96269522824963,133.32986308679568,130.1905316745921,131.0074920654297,5509400,0.0,0.0
2022-09-30 00:00:00-04:00,130.53015772123277,130.64031927988674,123.08571551654137,123.19587707519531,15359000,0.0,0.0
2022-10-03 00:00:00-04:00,124.72883692004042,127.40920167080196,124.20560798251555,126.96859741210938,7437500,0.0,0.0
2022-10-04 00:00:00-04:00,127.78556290985641,131.00750531510633,126.45454777326138,130.33741760253906,6612300,0.0,0.0
2022-10-05 00:00:00-04:00,129.8600865412112,132.61388774473178,129.52962983652642,131.56744384765625,4777900,0.0,0.0
2022-10-06 00:00:00-04:00,131.07173529259032,131.25533322163253,128.4189076939736,128.7769012451172,5124800,0.0,0.0
2022-10-07 00:00:00-04:00,127.60193516509011,128.55659388147282,126.26176005283729,127.37245178222656,4648800,0.0,0.0
2022-10-10 00:00:00-04:00,127.6203250254788,128.1343656718767,125.63758481232365,126.95941162109375,3830800,0.0,0.0
2022-10-11 00:00:00-04:00,126.69322486568149,131.88871944126083,126.69322486568149,129.8968048095703,5675100,0.0,0.0
2022-10-12 00:00:00-04:00,130.0161286495716,131.31959282220166,128.44645586038888,128.4923553466797,4528000,0.0,0.0
2022-10-13 00:00:00-04:00,126.75834085701001,132.76707184106675,126.35961986666987,132.52598571777344,5066200,1.41,0.0
2022-10-14 00:00:00-04:00,132.22928588119262,133.97255148293613,131.86764956576442,132.5445556640625,5290500,0.0,0.0
2022-10-17 00:00:00-04:00,132.27564236604508,134.3898261447289,131.76565293932828,133.90765380859375,4016200,0.0,0.0
2022-10-18 00:00:00-04:00,134.6680048106894,135.2614596300761,133.09164177316973,134.08383178710938,3540400,0.0,0.0
2022-10-19 00:00:00-04:00,134.26927954213045,134.87200198928775,131.96036216245622,132.72073364257812,3333300,0.0,0.0
2022-10-20 00:00:00-04:00,132.7485615474297,133.56455312173483,132.0716412773129,132.5352783203125,3880100,0.0,0.0
2022-10-21 00:00:00-04:00,132.91545348387447,137.01400291901192,132.07163073717834,136.3649139404297,5419400,0.0,0.0
2022-10-24 00:00:00-04:00,137.89491614574874,140.50982134269566,137.88563435078416,139.91636657714844,5139700,0.0,0.0
2022-10-25 00:00:00-04:00,137.26435091343592,139.64745156945648,136.57816315062317,138.92417907714844,5229400,0.0,0.0
2022-10-26 00:00:00-04:00,140.02763762393926,141.7709172215674,139.7401849560491,141.41854858398438,4727900,0.0,0.0
2022-10-27 00:00:00-04:00,142.5776645482794,142.79094778463934,141.0013013635838,142.33657836914062,6850400,0.0,0.0
2022-10-28 00:00:00-04:00,135.31708085235897,138.14526923219125,131.98817076467526,136.87490844726562,10812200,0.0,0.0
2022-10-31 00:00:00-04:00,134.61235618534968,136.10526779486185,133.60163098642738,135.75289916992188,8604800,0.0,0.0
2022-11-01 00:00:00-04:00,135.9940268052601,136.95838567134527,134.03747783213745,136.22584533691406,6351200,0.0,0.0
2022-11-02 00:00:00-04:00,136.33711174414935,137.3107523929131,133.97255992546036,134.00965881347656,5345000,0.0,0.0
2022-11-03 00:00:00-04:00,133.52746249250768,134.84418993864153,132.6280055368471,133.9169158935547,3850700,0.0,0.0
2022-11-04 00:00:00-04:00,134.77927143543133,134.99254047766928,132.67435565180412,134.71435546875,4623700,0.0,0.0
2022-11-07 00:00:00-05:00,134.71436520386888,137.97837363630188,134.17654458751332,137.32928466796875,4304000,0.0,0.0
2022-11-08 00:00:00-05:00,138.00619712688922,140.6025672697548,137.19947323946832,137.72801208496094,4637500,0.0,0.0
2022-11-09 00:00:00-05:00,137.783627359913,139.61963989529525,136.34634996470746,136.88417053222656,4573700,0.0,0.0
2022-11-10 00:00:00-05:00,139.70309115827462,139.70309115827462,137.0047206750883,138.83145141601562,5607700,0.0,0.0
2022-11-11 00:00:00-05:00,138.66455191683275,139.57329065157873,135.15018957642636,139.23947143554688,6786400,0.0,0.0
2022-11-14 00:00:00-05:00,139.999822043421,143.30091516027048,139.999822043421,140.70455932617188,7077100,0.0,0.0
2022-11-15 00:00:00-05:00,142.2345552147143,142.2623723021858,139.05401225512944,141.91000366210938,5909500,0.0,0.0
2022-11-16 00:00:00-05:00,142.28093079239372,145.2945714188129,140.23164894083394,140.82510375976562,7358700,0.0,0.0
2022-11-17 00:00:00-05:00,139.99055112120615,141.93783210028806,139.06327715956292,141.09400939941406,5069500,0.0,0.0
2022-11-18 00:00:00-05:00,142.4941966401844,144.32092758746833,142.4941966401844,143.70892333984375,5691100,0.0,0.0
2022-11-21 00:00:00-05:00,144.09837620557317,147.09348145999218,143.19891927950758,145.68402099609375,6492100,0.0,0.0
2022-11-22 00:00:00-05:00,146.22183109936486,148.25256330899552,146.10128095844033,148.16909790039062,5351100,0.0,0.0
2022-11-23 00:00:00-05:00,148.31745837917202,149.2354646394349,147.26964848715792,147.79818725585938,3221100,0.0,0.0
2022-11-25 00:00:00-05:00,147.98365752068912,149.05929878013805,147.6591201029945,148.011474609375,1661900,0.0,0.0
2022-11-28 00:00:00-05:00,148.36383165036867,149.04073767053177,146.35164888149987,146.9080047607422,3902800,0.0,0.0
2022-11-29 00:00:00-05:00,146.7967333641187,147.83527563638444,145.77674053216546,146.69473266601562,3689000,0.0,0.0
2022-11-30 00:00:00-05:00,147.24183868023394,149.45802307128906,145.0813026168408,149.45802307128906,12342500,0.0,0.0
2022-12-01 00:00:00-05:00,149.29113321168848,151.3311334443924,148.34530964823222,149.8753204345703,5827800,0.0,0.0
2022-12-02 00:00:00-05:00,149.03148718653463,151.85039408691048,148.8367534094747,151.75767517089844,4304900,0.0,0.0
2022-12-05 00:00:00-05:00,151.04366292645847,153.1763959793239,151.04366292645847,152.01730346679688,4859400,0.0,0.0
2022-12-06 00:00:00-05:00,152.1007461200099,152.43456531068003,149.8011106671031,151.81329345703125,5480400,0.0,0.0
2022-12-07 00:00:00-05:00,151.78550864532966,153.49168969418292,151.38677340129027,153.3711395263672,4637800,0.0,0.0
2022-12-08 00:00:00-05:00,153.37109528508313,154.14073430935753,152.33255305911126,153.91819763183594,4274400,0.0,0.0
2022-12-09 00:00:00-05:00,154.6322048648769,155.5502112050008,150.96947544873277,151.2012939453125,4644800,0.0,0.0
2022-12-12 00:00:00-05:00,151.3404175649463,153.45460145755098,150.91386523791044,153.29696655273438,4109400,0.0,0.0
2022-12-13 00:00:00-05:00,154.8084117135078,155.31841531001345,152.69422784897552,152.8054962158203,5050400,0.0,0.0
2022-12-14 00:00:00-05:00,152.6293056999395,153.9089341955506,150.98802676206543,152.87039184570312,4485400,0.0,0.0
2022-12-15 00:00:00-05:00,151.9709589274263,152.63859744317872,150.17204482382004,151.23841857910156,5268300,0.0,0.0
2022-12-16 00:00:00-05:00,150.2647564333593,151.44239839001955,148.80892944335938,148.80892944335938,18905500,0.0,0.0
2022-12-19 00:00:00-05:00,149.08711263264618,150.43165710323248,148.41947422052033,149.7454833984375,4033400,0.0,0.0
2022-12-20 00:00:00-05:00,149.85676352669276,150.07931439791582,148.42876767964665,148.90167236328125,4221000,0.0,0.0
2022-12-21 00:00:00-05:00,149.70839437184594,150.89530403842147,148.69766904077574,150.4131317138672,3707200,0.0,0.0
2022-12-22 00:00:00-05:00,150.09783455043876,151.50729496117538,149.7825647931529,151.39602661132812,3606000,0.0,0.0
2022-12-23 00:00:00-05:00,151.5073218553249,151.906057094854,150.5244135263229,151.23841857910156,2685100,0.0,0.0
2022-12-27 00:00:00-05:00,151.60003532758307,151.8967556578403,150.01439052042386,151.1363983154297,2669200,0.0,0.0
2022-12-28 00:00:00-05:00,151.7947497850732,152.71275613157425,150.32038753236284,150.43165588378906,2944500,0.0,0.0
2022-12-29 00:00:00-05:00,151.1085584240571,151.9616486997969,150.39455357134352,150.73764038085938,3112500,0.0,0.0
2022-12-30 00:00:00-05:00,150.43165583590468,151.0065753326064,148.1969362673628,149.85675048828125,3680400,0.0,0.0
2023-01-03 00:00:00-05:00,150.2554863218615,151.1642251113743,149.11494316046523,150.57077026367188,4937500,0.0,0.0
2023-01-04 00:00:00-05:00,150.58930049194686,152.33258023864832,149.76402715104484,151.78549194335938,4440400,0.0,0.0
2023-01-05 00:00:00-05:00,151.22910329730342,152.5272953011917,150.53364784313817,151.6000213623047,3516000,0.0,0.0
2023-01-06 00:00:00-05:00,152.8518400042477,155.8840298912388,152.18420160437665,154.43748474121094,5099100,0.0,0.0
2023-01-09 00:00:00-05:00,153.83473909120795,154.18710771177174,149.17983415708966,149.90310668945312,7833000,0.0,0.0
2023-01-10 00:00:00-05:00,150.4316501926987,150.60783450851036,146.78747033057326,148.03001403808594,5936200,0.0,0.0
2023-01-11 00:00:00-05:00,147.64055363465593,147.75182197656773,143.7830907588413,145.73963928222656,7492000,0.0,0.0
2023-01-12 00:00:00-05:00,145.09375003132553,145.33712795380535,142.0233802056071,142.49142456054688,7665100,1.48,0.0
2023-01-13 00:00:00-05:00,142.36973052860614,143.9798042757075,141.66766398598335,143.78323364257812,6019300,0.0,0.0
2023-01-17 00:00:00-05:00,143.9704461543357,145.18736433151275,142.828416787832,143.06243896484375,8507000,0.0,0.0
2023-01-18 00:00:00-05:00,142.39782150994085,142.67865100236713,139.54276214042088,139.66444396972656,6190800,0.0,0.0
2023-01-19 00:00:00-05:00,139.43041692977982,140.91879461928022,137.91395772037046,139.2057647705078,7169900,0.0,0.0
2023-01-20 00:00:00-05:00,139.8797328723261,140.14185085912774,137.7454516983368,140.02951049804688,7059000,0.0,0.0
2023-01-23 00:00:00-05:00,140.28224306169253,140.81580615484737,138.5879249219515,139.05596923828125,7616400,0.0,0.0
2023-01-24 00:00:00-05:00,138.61603537531676,139.35553926471962,137.0808502686177,138.25096130371094,5171400,0.0,0.0
2023-01-25 00:00:00-05:00,137.96077315987853,138.52241787479858,137.13701043769774,138.3445587158203,5744300,0.0,0.0
2023-01-26 00:00:00-05:00,138.4662623938806,139.1964105616603,137.70803270300036,137.9794921875,4577800,0.0,0.0
2023-01-27 00:00:00-05:00,137.8952310578979,138.24157932359907,136.6783128298814,136.93106079101562,4591500,0.0,0.0
2023-01-30 00:00:00-05:00,136.547264524951,137.71737548930022,135.97624980300535,136.34132385253906,4573400,0.0,0.0
2023-01-31 00:00:00-05:00,136.3226250960742,138.40074350557555,135.18059554549845,138.30712890625,5628700,0.0,0.0
2023-02-01 00:00:00-05:00,137.25868759679017,138.0169171415415,135.9668806487962,137.23060607910156,5439900,0.0,0.0
2023-02-02 00:00:00-05:00,136.60341736309067,136.60341736309067,134.27256563768796,135.5830841064453,6160800,0.0,0.0
2023-02-03 00:00:00-05:00,136.594074794507,137.41783750209183,135.45204532574857,135.9200897216797,6553000,0.0,0.0
2023-02-06 00:00:00-05:00,136.42558725351137,136.97787621906875,135.55501723950013,135.75160217285156,4297000,0.0,0.0
2023-02-07 00:00:00-05:00,135.3397146986663,136.16347737860076,134.47851475308983,135.86392211914062,5401900,0.0,0.0
2023-02-08 00:00:00-05:00,136.11668706886746,136.99661289885498,135.23676123887998,135.36781311035156,5753800,0.0,0.0
2023-02-09 00:00:00-05:00,139.00916574031348,143.87682390615402,138.44750683197137,139.19638061523438,12216900,0.0,0.0
2023-02-10 00:00:00-05:00,140.12312073120623,143.39006117469697,139.26192083544115,142.33229064941406,8956700,0.0,0.0
2023-02-13 00:00:00-05:00,142.30421868887348,143.95172978052636,141.59278208281117,143.90492248535156,5602600,0.0,0.0
2023-02-14 00:00:00-05:00,144.0827836075328,144.15767242412053,142.0608284104077,142.83778381347656,4662800,0.0,0.0
2023-02-15 00:00:00-05:00,142.8658749258288,143.68028193365893,141.19028217837544,141.40557861328125,5648100,0.0,0.0
2023-02-16 00:00:00-05:00,139.58020256942524,140.88136543968437,139.22448425205397,139.97335815429688,3757500,0.0,0.0
2023-02-17 00:00:00-05:00,139.61763226107655,141.71447621686264,139.1121506175502,141.63958740234375,4562400,0.0,0.0
2023-02-21 00:00:00-05:00,140.2448252966064,143.240306480803,140.2448252966064,142.28549194335938,8466100,0.0,0.0
2023-02-22 00:00:00-05:00,141.34937725768964,142.4258734240354,140.63795507053385,141.04046630859375,6041700,0.0,0.0
2023-02-23 00:00:00-05:00,141.2557768525972,143.75514621108906,139.63634742695493,142.35101318359375,5993300,0.0,0.0
2023-02-24 00:00:00-05:00,141.63024557347023,143.20286798215014,141.26517149405655,142.95013427734375,5621100,0.0,0.0
2023-02-27 00:00:00-05:00,143.46495477540196,144.8597321364461,143.31519143291462,144.41976928710938,6828800,0.0,0.0
2023-02-28 00:00:00-05:00,144.12023372105116,144.50401926231356,142.8658639101865,144.06405639648438,7561700,0.0,0.0
2023-03-01 00:00:00-05:00,142.9969198135037,145.63669708317857,142.63184575318502,145.3465118408203,5485800,0.0,0.0
2023-03-02 00:00:00-05:00,145.30903346142796,145.8145293184351,144.3542333467769,144.51336669921875,4567800,0.0,0.0
2023-03-03 00:00:00-05:00,144.46656910242024,146.18896886230016,144.16701386579075,146.08599853515625,4851200,0.0,0.0
2023-03-06 00:00:00-05:00,145.83326561706014,146.4604576729345,144.66315463511458,145.35586547851562,4051900,0.0,0.0
2023-03-07 00:00:00-05:00,145.6273242285693,145.72092452733727,142.3322880433276,143.15603637695312,4606900,0.0,0.0
2023-03-08 00:00:00-05:00,143.024990438053,143.91428615634146,139.04661334483995,140.03887939453125,5860100,0.0,0.0
2023-03-09 00:00:00-05:00,140.4788717575929,141.2651830261227,137.2025605218019,137.93270874023438,5350200,0.0,0.0
2023-03-10 00:00:00-05:00,138.39135011952501,141.01240133888464,138.04500187092128,140.141845703125,6825500,0.0,0.0
2023-03-13 00:00:00-04:00,139.47723407705914,143.52114463259383,139.47723407705914,142.2386932373047,7653800,0.0,0.0
2023-03-14 00:00:00-04:00,142.23868052258038,144.14830954207497,141.78000618361222,144.0172576904297,6644100,0.0,0.0
2023-03-15 00:00:00-04:00,142.4539851743676,144.51339193877425,142.03274807567766,144.21383666992188,6304600,0.0,0.0
2023-03-16 00:00:00-04:00,143.4087808409632,145.95494315634986,142.76287737575106,145.37457275390625,6331200,0.0,0.0
2023-03-17 00:00:00-04:00,145.82389778361804,146.09537150773187,142.1731575359987,144.3636016845703,42756400,0.0,0.0
2023-03-20 00:00:00-04:00,144.6444327584872,146.34810679841823,144.58826972075917,146.1421661376953,4408200,0.0,0.0
2023-03-21 00:00:00-04:00,146.62896000410097,147.0127598688049,145.1873894292873,146.7506561279297,4675700,0.0,0.0
2023-03-22 00:00:00-04:00,145.7302881070907,146.8536060213386,143.7925918438162,143.8487548828125,4376900,0.0,0.0
2023-03-23 00:00:00-04:00,144.25126921090143,146.49787629691107,144.17638040355718,145.37457275390625,4584000,0.0,0.0
2023-03-24 00:00:00-04:00,145.35587256877284,148.35135397195256,144.70996898985962,147.92076110839844,4678700,0.0,0.0
2023-03-27 00:00:00-04:00,148.6789828144971,148.96916805126187,147.32165693863334,147.47142028808594,3887800,0.0,0.0
2023-03-28 00:00:00-04:00,147.7148102748886,148.46368414513168,147.3871734930382,148.13604736328125,3532500,0.0,0.0
2023-03-29 00:00:00-04:00,148.81938629608476,149.4933713424871,146.36683832830897,147.9020233154297,3959900,0.0,0.0
2023-03-30 00:00:00-04:00,147.91140827283212,148.39817852105372,147.3591192262716,147.82716369628906,3635800,0.0,0.0
2023-03-31 00:00:00-04:00,148.30453776710374,149.37169268284146,147.6492784813201,149.18446350097656,4957300,0.0,0.0
2023-04-03 00:00:00-04:00,148.1360324342011,150.21415042999286,147.70542536004388,150.16734313964844,4389400,0.0,0.0
2023-04-04 00:00:00-04:00,150.25159332064877,151.39362268665175,149.3342303865674,149.56825256347656,4224400,0.0,0.0
2023-04-05 00:00:00-04:00,149.7741822622464,151.3374485755791,148.84744936741026,150.52305603027344,5743000,0.0,0.0
2023-04-06 00:00:00-04:00,150.52307685612737,151.82423967321188,150.3545734503077,151.2251434326172,5498300,0.0,0.0
2023-04-10 00:00:00-04:00,151.374907152789,151.7025296215615,149.9707741288448,150.97238159179688,3309500,0.0,0.0
2023-04-11 00:00:00-04:00,151.1689645878253,152.1986535555456,150.88813512987264,151.0659942626953,2875800,0.0,0.0
2023-04-12 00:00:00-04:00,151.75871671717223,153.0317980987275,151.2719608092114,151.98338317871094,4005000,0.0,0.0
2023-04-13 00:00:00-04:00,152.09672228197724,153.85386511599557,151.67161010269444,153.69326782226562,3868500,1.48,0.0
2023-04-14 00:00:00-04:00,153.64605193992534,153.98614461506094,152.03060812928558,152.65411376953125,3473100,0.0,0.0
2023-04-17 00:00:00-04:00,152.9658527378146,153.23036763730224,151.7660794626509,152.2667694091797,4354100,0.0,0.0
2023-04-18 00:00:00-04:00,152.09674028505893,152.31401730641412,149.64997009659058,150.76470947265625,4996200,0.0,0.0
2023-04-19 00:00:00-04:00,149.89557374308896,152.51239724143701,149.75387448405482,152.2951202392578,4826900,0.0,0.0
2023-04-20 00:00:00-04:00,152.26679310605385,152.82417725920067,151.69998155393228,152.79583740234375,3808100,0.0,0.0
2023-04-21 00:00:00-04:00,153.5988110994741,154.1656370188308,153.06033944956897,153.42877197265625,4812100,0.0,0.0
2023-04-24 00:00:00-04:00,153.57993171423058,155.2709388758711,153.35319845723032,155.0064239501953,4728900,0.0,0.0
2023-04-25 00:00:00-04:00,155.69604733084344,157.0091801138447,155.39375074384833,155.78106689453125,5506200,0.0,0.0
2023-04-26 00:00:00-04:00,153.683804307525,154.23173209161007,151.6243650226689,152.85247802734375,5192000,0.0,0.0
2023-04-27 00:00:00-04:00,145.36102891267376,145.36102891267376,139.0220980433866,140.6375274658203,17063000,0.0,0.0
2023-04-28 00:00:00-04:00,139.7872921263603,143.01816513555164,139.28660216503712,142.76309204101562,7123800,0.0,0.0
2023-05-01 00:00:00-04:00,142.49858507021492,146.15458491224874,142.47970144362816,145.2098846435547,5601000,0.0,0.0
2023-05-02 00:00:00-04:00,145.05872204035526,146.44743252055682,142.8386707516027,143.23544311523438,5135600,0.0,0.0
2023-05-03 00:00:00-04:00,142.71585158645559,143.13150752350452,140.24072751255278,140.99649047851562,6815300,0.0,0.0
2023-05-04 00:00:00-04:00,140.76030602487114,140.76030602487114,138.25685668370883,139.21099853515625,5694300,0.0,0.0
2023-05-05 00:00:00-04:00,140.32577082692777,141.1193300038194,139.00319622374508,139.84397888183594,4447700,0.0,0.0
2023-05-08 00:00:00-04:00,139.95733832710678,140.00457622329697,138.62532191042922,139.29605102539062,3689500,0.0,0.0
2023-05-09 00:00:00-04:00,139.25825497469236,140.25019303230928,138.1812973617033,138.7103271484375,4201600,0.0,0.0
2023-05-10 00:00:00-04:00,138.4174738304719,138.8520278390639,137.12322478710183,138.322998046875,4127300,0.0,0.0
2023-05-11 00:00:00-04:00,139.1448840489407,139.4094133627947,137.16102230739207,138.4835968017578,4300400,0.0,0.0
2023-05-12 00:00:00-04:00,138.67252639355294,139.43774561104195,137.99235555852948,139.0126190185547,3526200,0.0,0.0
2023-05-15 00:00:00-04:00,139.5038747324032,140.66585192495177,137.60503254799647,138.4835968017578,4391800,0.0,0.0
2023-05-16 00:00:00-04:00,137.7939753640821,138.8142533366502,135.3094091600973,135.3660888671875,4685400,0.0,0.0
2023-05-17 00:00:00-04:00,135.1110529296752,135.58340312158361,132.7493019701332,135.4228057861328,5482000,0.0,0.0
2023-05-18 00:00:00-04:00,134.7236791850623,135.62114137939653,134.1285135209869,135.50778198242188,4791200,0.0,0.0
2023-05-19 00:00:00-04:00,135.90457394617962,137.73729467560585,135.84789423949326,137.08544921875,5609900,0.0,0.0
2023-05-22 00:00:00-04:00,137.42554048138632,138.54973603587945,135.82899482265114,136.88705444335938,3867300,0.0,0.0
2023-05-23 00:00:00-04:00,136.46193627863346,136.8114851427088,134.46861834910214,134.638671875,5121900,0.0,0.0
2023-05-24 00:00:00-04:00,134.70480733357383,135.03545819233338,133.14605766223772,133.3444366455078,4143500,0.0,0.0
2023-05-25 00:00:00-04:00,132.28636111811787,132.44695841414415,130.61423781305078,130.95433044433594,6986600,0.0,0.0
2023-05-26 00:00:00-04:00,131.0488128444749,132.11632868283934,129.51840313388453,129.9529571533203,7590300,0.0,0.0
2023-05-30 00:00:00-04:00,127.99742000231696,129.27275647103136,127.77068679199958,128.89488220214844,7671500,0.0,0.0
2023-05-31 00:00:00-04:00,129.06494699895114,131.0393815297186,128.26196041393388,130.3308563232422,12579100,0.0,0.0
2023-06-01 00:00:00-04:00,127.78014553574226,127.78014553574226,123.85020360766977,126.06079864501953,11895600,0.0,0.0
2023-06-02 00:00:00-04:00,126.31587514710193,129.39559273313822,126.11748175455902,129.30111694335938,6661200,0.0,0.0
2023-06-05 00:00:00-04:00,129.42392920617615,130.6614841790499,128.75318571222394,129.2916717529297,4276200,0.0,0.0
2023-06-06 00:00:00-04:00,129.86796222598977,129.93408375671376,127.18501660981134,127.94076538085938,4359900,0.0,0.0
2023-06-07 00:00:00-04:00,127.4400426194604,129.48059837344093,126.83543510883433,128.95156860351562,4645200,0.0,0.0
2023-06-08 00:00:00-04:00,129.42392638886963,130.26470898370175,128.47922619625015,130.02853393554688,4714200,0.0,0.0
2023-06-09 00:00:00-04:00,129.95294107419494,131.4928068218412,129.49948907067787,130.5386505126953,4359500,0.0,0.0
2023-06-12 00:00:00-04:00,131.861257062979,131.9462766222973,129.33890923166777,130.11355590820312,4888500,0.0,0.0
2023-06-13 00:00:00-04:00,129.90570554297187,130.81262398143278,129.61285081841064,130.66146850585938,4229100,0.0,0.0
2023-06-14 00:00:00-04:00,131.1338309024773,131.56839933192205,128.55480342321758,128.69650268554688,6128300,0.0,0.0
2023-06-15 00:00:00-04:00,129.1877478963723,129.27276745184585,127.96909102297602,128.37530517578125,6614900,0.0,0.0
2023-06-16 00:00:00-04:00,129.14051537653768,131.23775098866935,128.94213640551453,130.97323608398438,14615000,0.0,0.0
2023-06-20 00:00:00-04:00,129.51839263904975,131.26607921774345,129.10272227850163,130.19857788085938,4868800,0.0,0.0
2023-06-21 00:00:00-04:00,129.18775415288022,129.83014337865416,127.23221779239881,129.2916717529297,5828400,0.0,0.0
2023-06-22 00:00:00-04:00,129.56563274896214,130.27415793223753,128.37531563045297,129.81126403808594,4826900,0.0,0.0
2023-06-23 00:00:00-04:00,129.70734696117273,131.02047972957467,128.1674809438088,128.40365600585938,7394900,0.0,0.0
2023-06-26 00:00:00-04:00,128.62091909133906,128.62091909133906,126.29696480493966,127.4872817993164,6468100,0.0,0.0
2023-06-27 00:00:00-04:00,127.42116532557951,127.42116532557951,125.19167231657983,125.26725006103516,7839900,0.0,0.0
2023-06-28 00:00:00-04:00,125.26726206840503,125.80573372866537,123.7179541960152,125.1822280883789,6911900,0.0,0.0
2023-06-29 00:00:00-04:00,125.04995353920577,126.50479983441014,124.82323473006863,125.86239624023438,4947600,0.0,0.0
2023-06-30 00:00:00-04:00,126.08913999991582,128.41309447763427,125.4561925798874,127.27945709228516,8710500,0.0,0.0
2023-07-03 00:00:00-04:00,126.58981862033461,127.94073289985369,125.78681773622849,127.54396057128906,2674600,0.0,0.0
2023-07-05 00:00:00-04:00,127.7045726425016,130.2552748448271,127.19444085102559,130.0096435546875,6903300,0.0,0.0
2023-07-06 00:00:00-04:00,129.87738749688367,130.63315058664804,128.89490557067734,129.6601104736328,6091000,0.0,0.0
2023-07-07 00:00:00-04:00,129.56563133405817,130.0379814510835,127.86518244475222,128.0068817138672,6872700,0.0,0.0
2023-07-10 00:00:00-04:00,127.92184146116004,128.5642305972175,126.6464905854858,127.05271911621094,5153300,0.0,0.0
2023-07-11 00:00:00-04:00,126.58982706931769,128.2524942354618,126.28751608548362,128.07301330566406,5144800,0.0,0.0
2023-07-12 00:00:00-04:00,128.30919177561685,129.04605679962353,127.33613727983212,127.51563262939453,4944100,0.0,0.0
2023-07-13 00:00:00-04:00,126.97116757280952,128.08873305223923,126.75148181585911,127.6015853881836,4631800,1.48,0.0
2023-07-14 00:00:00-04:00,128.6904957860596,130.4957727563126,128.10783948482515,129.91311645507812,5543400,0.0,0.0
2023-07-17 00:00:00-04:00,129.7316375043766,130.12324745911312,128.52810988435647,128.7860107421875,4033000,0.0,0.0
2023-07-18 00:00:00-04:00,128.75735807460774,131.7183864291042,128.6713959793492,130.4575653076172,5392800,0.0,0.0
2023-07-19 00:00:00-04:00,131.08799098913175,131.87122552849178,130.81098256591812,131.5082550048828,4784200,0.0,0.0
2023-07-20 00:00:00-04:00,132.6162496200208,136.3223264684652,132.33925579233207,135.8160858154297,7009800,0.0,0.0
2023-07-21 00:00:00-04:00,135.825640554437,137.716879610412,135.5773007429778,137.29661560058594,5654300,0.0,0.0
2023-07-24 00:00:00-04:00,136.68528720421577,137.95565470144967,136.43693285079496,136.76168823242188,4468700,0.0,0.0
2023-07-25 00:00:00-04:00,136.0166465149167,136.5228871027454,134.9850723706966,135.2811737060547,4778200,0.0,0.0
2023-07-26 00:00:00-04:00,135.0901299589991,135.9020329564991,134.22093347995005,135.5390625,5006800,0.0,0.0
2023-07-27 00:00:00-04:00,138.00340442383842,144.58454645295888,138.00340442383842,142.17752075195312,13664400,0.0,0.0
2023-07-28 00:00:00-04:00,143.19958708812663,144.9571025566946,141.9005507472745,144.08790588378906,8000300,0.0,0.0
2023-07-31 00:00:00-04:00,143.68672075998936,143.75358989072083,141.00268596509224,142.8748321533203,9109200,0.0,0.0
2023-08-01 00:00:00-04:00,143.27599867566772,144.10699480405435,141.21282079678892,141.88143920898438,4409600,0.0,0.0
2023-08-02 00:00:00-04:00,141.47073307225997,143.82046605274277,141.47073307225997,142.68380737304688,5756400,0.0,0.0
2023-08-03 00:00:00-04:00,142.28259870554353,142.66466213527656,141.53755024042863,142.36856079101562,4674300,0.0,0.0
2023-08-04 00:00:00-04:00,142.29214701782416,143.8204299059579,140.56328592767917,141.10772705078125,4231200,0.0,0.0
2023-08-07 00:00:00-04:00,141.36563125537515,144.1165346896816,141.1745995335008,143.5911865234375,3800600,0.0,0.0
2023-08-08 00:00:00-04:00,144.0210140544608,144.94753322524429,142.24439131793423,142.9130096435547,4013400,0.0,0.0
2023-08-09 00:00:00-04:00,143.74402726605265,145.24364168576815,143.1900250335172,144.011474609375,3737100,0.0,0.0
2023-08-10 00:00:00-04:00,144.42218141330747,145.98866484022577,143.82043222279418,144.65142822265625,3275800,0.0,0.0
2023-08-11 00:00:00-04:00,145.13859057315463,146.6191122107618,144.91890477912176,145.3582763671875,3454800,0.0,0.0
2023-08-14 00:00:00-04:00,146.16060903524155,146.27522515679223,144.77561079228659,145.44422912597656,2570900,0.0,0.0
2023-08-15 00:00:00-04:00,144.77560026911002,146.04596772338965,144.0305518088255,145.30093383789062,3636300,0.0,0.0
2023-08-16 00:00:00-04:00,145.74988931497515,146.71462366899476,144.59413779205627,144.7565155029297,3214900,0.0,0.0
2023-08-17 00:00:00-04:00,144.38398660322923,145.10036651411147,143.1995665703141,143.2950897216797,5285700,0.0,0.0
2023-08-18 00:00:00-04:00,143.55298390527295,144.1642942132498,142.54050257407258,143.4097137451172,4050900,0.0,0.0
2023-08-21 00:00:00-04:00,142.99899270438453,143.61030299726337,142.20619716326576,143.42881774902344,3944800,0.0,0.0
2023-08-22 00:00:00-04:00,143.27599416040482,143.27599416040482,141.33699353875036,141.5948944091797,3209900,0.0,0.0
2023-08-23 00:00:00-04:00,142.00559934698595,142.3208082551832,139.3979805652641,140.48687744140625,5414800,0.0,0.0
2023-08-24 00:00:00-04:00,140.33404643062707,141.19371106551833,139.78960527917047,140.0570526123047,3986300,0.0,0.0
2023-08-25 00:00:00-04:00,140.42957354156,141.0504303163888,139.64632449044726,140.11436462402344,3275100,0.0,0.0
2023-08-28 00:00:00-04:00,140.49644207444533,141.43252243477573,140.19079418672868,140.82119750976562,2806900,0.0,0.0
2023-08-29 00:00:00-04:00,141.35610762131515,142.2348653438213,139.93289409992786,140.97402954101562,3419100,0.0,0.0
2023-08-30 00:00:00-04:00,141.4802641055503,142.12978952648191,140.31495151708032,141.6713104248047,3486400,0.0,0.0
2023-08-31 00:00:00-04:00,141.73815944240937,142.0438218814512,140.28629200653523,140.3722686767578,4110700,0.0,0.0
2023-09-01 00:00:00-04:00,140.75431394725072,142.21572767979748,140.75431394725072,141.55665588378906,3357800,0.0,0.0
2023-09-05 00:00:00-04:00,141.8432216409516,142.28260773032125,139.32156495032618,139.55081176757812,3911100,0.0,0.0
2023-09-06 00:00:00-04:00,139.55081907484976,139.5699120461973,137.2966095989216,139.08277893066406,5304300,0.0,0.0
2023-09-07 00:00:00-04:00,139.59856060120106,142.3208101145142,139.33111326495538,142.23484802246094,5142100,0.0,0.0
2023-09-08 00:00:00-04:00,142.32082775498083,143.04675424694145,141.55668616751316,142.33993530273438,4339800,0.0,0.0
2023-09-11 00:00:00-04:00,142.18706936681855,142.71241749090564,141.76679086754888,142.35899353027344,2911600,0.0,0.0
2023-09-12 00:00:00-04:00,142.79840586701292,142.8939290252671,141.00267543030506,142.57872009277344,2424800,0.0,0.0
2023-09-13 00:00:00-04:00,142.72199586025303,145.5684082756013,142.3685863954514,144.38400268554688,5953700,0.0,0.0
2023-09-14 00:00:00-04:00,145.19587066110356,147.75574237678276,144.99529245405617,146.7528076171875,6336900,0.0,0.0
2023-09-15 00:00:00-04:00,145.93135161016994,147.7652822956126,145.1194486087691,145.30093383789062,8861500,0.0,0.0
2023-09-18 00:00:00-04:00,146.21791812438858,147.06802170637044,145.2818524506391,147.03936767578125,2967600,0.0,0.0
2023-09-19 00:00:00-04:00,146.99160630492648,147.7079862202292,144.80426604310827,146.6095428466797,3509700,0.0,0.0
2023-09-20 00:00:00-04:00,147.15399192748706,147.93724100629268,146.49492003795245,146.7241668701172,2744800,0.0,0.0
2023-09-21 00:00:00-04:00,146.79102415737322,147.90858973207585,145.81675789577832,146.55223083496094,3660300,0.0,0.0
2023-09-22 00:00:00-04:00,147.0011785293965,147.0011785293965,145.68304916529638,145.8931884765625,3049200,0.0,0.0
2023-09-25 00:00:00-04:00,145.60661973111053,147.80352122923546,144.86158572541072,147.71754455566406,3740000,0.0,0.0
2023-09-26 00:00:00-04:00,147.47873721311478,147.6697835141914,146.4567094613299,147.01071166992188,3936300,0.0,0.0
2023-09-27 00:00:00-04:00,146.943850888188,147.0966821078074,144.81381859834653,146.26568603515625,3621300,0.0,0.0
2023-09-28 00:00:00-04:00,146.7528307346783,146.9343160004531,144.5845831813924,145.42514038085938,3697400,0.0,0.0
2023-09-29 00:00:00-04:00,145.6257103706915,145.69256491483196,142.15842704109835,142.37811279296875,5581600,0.0,0.0
2023-10-02 00:00:00-04:00,141.8145704286371,142.18708740483223,140.1430172784408,141.60443115234375,3827800,0.0,0.0
2023-10-03 00:00:00-04:00,141.20327558789694,141.35610681914946,138.83444980263647,140.82119750976562,4580900,0.0,0.0
2023-10-04 00:00:00-04:00,139.99977525220459,141.4420818703756,139.75142083498497,141.06956481933594,3159600,0.0,0.0
2023-10-05 00:00:00-04:00,141.29878062110518,142.82706374560033,140.49643853939986,140.84030151367188,3599500,0.0,0.0
2023-10-06 00:00:00-04:00,139.92334114397497,142.63602980212954,139.56991711419025,141.5948944091797,5370100,0.0,0.0
2023-10-09 00:00:00-04:00,141.62351566031487,143.03716772787104,140.56327296595163,142.4258575439453,2903300,0.0,0.0
2023-10-10 00:00:00-04:00,142.69333064157016,142.85570834442098,141.40384092951356,142.2157440185547,3729000,0.0,0.0
2023-10-11 00:00:00-04:00,142.44499062817516,143.65805015494533,142.10112767713483,142.64556884765625,3189800,0.0,0.0
2023-10-12 00:00:00-04:00,142.9060500894092,143.35947624058647,141.82553801478537,143.07005310058594,4554400,1.48,0.0
2023-10-13 00:00:00-04:00,143.6971274167189,144.38209503887165,142.14390507642523,142.74205017089844,4304700,0.0,0.0
2023-10-16 00:00:00-04:00,142.99287270813952,144.2277310336501,141.73871558110372,142.03778076171875,3704400,0.0,0.0
2023-10-17 00:00:00-04:00,142.13427240798828,144.38210455928356,141.96061262050551,143.9190216064453,5372400,0.0,0.0
2023-10-18 00:00:00-04:00,144.00586088828692,144.33386694399408,143.10865053511856,144.0155029296875,4910500,0.0,0.0
2023-10-19 00:00:00-04:00,143.31126595806668,143.31126595806668,138.27535234060974,140.38812255859375,6147100,0.0,0.0
2023-10-20 00:00:00-04:00,140.15656465870632,142.3079175152704,140.15656465870632,141.07305908203125,4223800,0.0,0.0
2023-10-23 00:00:00-04:00,141.00553871289014,141.25636427788905,139.11465341154164,139.62596130371094,3903300,0.0,0.0
2023-10-24 00:00:00-04:00,140.03114299396248,141.786966050004,139.98291806747608,141.15023803710938,3362900,0.0,0.0
2023-10-25 00:00:00-04:00,140.9572825798941,141.71941594793512,139.71278222126017,140.1372528076172,5461500,0.0,0.0
2023-10-26 00:00:00-04:00,139.7513701881271,140.8029267329182,139.14358304725116,140.07937622070312,5569400,0.0,0.0
2023-10-27 00:00:00-04:00,133.87615605004382,137.9569771978127,131.23277929939823,134.03050231933594,9427200,0.0,0.0
2023-10-30 00:00:00-04:00,135.70914685352295,140.5714150604533,135.70914685352295,136.88612365722656,9258500,0.0,0.0
2023-10-31 00:00:00-04:00,137.07905284522997,137.20447297796622,134.75404033294944,136.20114135742188,10394000,0.0,0.0
2023-11-01 00:00:00-04:00,136.85717508352616,138.6419389924864,136.751053747523,137.44566345214844,4207800,0.0,0.0
2023-11-02 00:00:00-04:00,136.32656574308558,138.69981797435386,135.5547755618218,138.20779418945312,4066800,0.0,0.0
2023-11-03 00:00:00-04:00,138.87345402401897,138.87345402401897,135.9213703888955,136.43267822265625,5414500,0.0,0.0
2023-11-06 00:00:00-05:00,136.8860972362229,137.34916540251734,136.008185823772,136.22042846679688,4377000,0.0,0.0
2023-11-07 00:00:00-05:00,136.5291771954795,137.165890528885,135.61268272285346,137.1466064453125,5024400,0.0,0.0
2023-11-08 00:00:00-05:00,138.3814577749981,138.8155851636775,136.91505786237056,137.02117919921875,5299100,0.0,0.0
2023-11-09 00:00:00-05:00,136.0275097055918,136.60635606069383,131.05913492021756,133.17189025878906,14970300,0.0,0.0
2023-11-10 00:00:00-05:00,133.76036581667898,134.4453334471145,131.58971427440613,133.70248413085938,4586400,0.0,0.0
2023-11-13 00:00:00-05:00,133.7024927736827,134.25239826586193,132.58339770658642,133.750732421875,4454700,0.0,0.0
2023-11-14 00:00:00-05:00,134.0304912607605,135.1592430261686,133.09471279789986,133.19117736816406,4509200,0.0,0.0
2023-11-15 00:00:00-05:00,133.37449255657228,133.37449255657228,131.49326396012623,132.74742126464844,6473200,0.0,0.0
2023-11-16 00:00:00-05:00,133.40342712402344,133.9243917697045,132.21680832990913,133.40342712402344,5257000,0.0,0.0
2023-11-17 00:00:00-05:00,133.4806111831044,133.982277038841,132.53517588322222,133.4227294921875,4332300,0.0,0.0
2023-11-20 00:00:00-05:00,132.6798664423369,133.79896142035898,132.30362076946238,133.43235778808594,4490000,0.0,0.0
2023-11-21 00:00:00-05:00,133.83755493164062,134.44534211326945,132.96930014703418,133.83755493164062,4690800,0.0,0.0
2023-11-22 00:00:00-05:00,134.15590521480163,134.90839654329403,133.45165352955567,133.5867156982422,3428500,0.0,0.0
2023-11-24 00:00:00-05:00,135.06276108270393,135.13994156980334,133.57707718789018,133.7796630859375,1636500,0.0,0.0
2023-11-27 00:00:00-05:00,133.80861452550616,134.46464135746896,132.9307029759808,134.1848602294922,5529400,0.0,0.0
2023-11-28 00:00:00-05:00,134.14627294491154,134.73476130576634,133.05611875496575,133.21047973632812,5347200,0.0,0.0
2023-11-29 00:00:00-05:00,133.15260861970532,134.18486648308792,132.79564698188085,133.6156768798828,3996500,0.0,0.0
2023-11-30 00:00:00-05:00,133.14294453344374,137.66754970533177,133.14294453344374,137.3684844970703,9297400,0.0,0.0
2023-12-01 00:00:00-05:00,137.51317994229476,139.01817737019852,137.26235439798054,138.35250854492188,4902200,0.0,0.0
2023-12-04 00:00:00-05:00,138.35251248023317,140.35916105384266,138.21745030319568,139.06640625,4845300,0.0,0.0
2023-12-05 00:00:00-05:00,139.02783448049877,139.9636277536001,137.62897295205767,139.47161865234375,3961700,0.0,0.0
2023-12-06 00:00:00-05:00,139.68383512671318,141.88344228017996,139.62595343964068,141.2177734375,4978800,0.0,0.0
2023-12-07 00:00:00-05:00,142.43332973337823,143.14723820566275,140.07937637572581,142.75169372558594,7225100,0.0,0.0
2023-12-08 00:00:00-05:00,142.84818293123726,144.77765109987797,142.78064447941136,144.0155029296875,5694600,0.0,0.0
2023-12-11 00:00:00-05:00,145.35648183844324,147.3245476021244,145.32754099374267,145.90638732910156,6343500,0.0,0.0
2023-12-12 00:00:00-05:00,146.37907305308974,148.17347872690488,144.87409049840699,147.83583068847656,5882200,0.0,0.0
2023-12-13 00:00:00-05:00,147.58500352392295,149.31188563131073,147.3438200233907,148.85845947265625,8104500,0.0,0.0
2023-12-14 00:00:00-05:00,148.91634869806913,149.68813888298766,147.3727683282321,149.4180145263672,7869600,0.0,0.0
2023-12-15 00:00:00-05:00,149.28294582195963,150.39238404381652,147.7104246769919,148.6076202392578,15203000,0.0,0.0
2023-12-18 00:00:00-05:00,147.6043196635786,148.90671660770346,146.39840201926833,148.00950622558594,5379600,0.0,0.0
2023-12-19 00:00:00-05:00,148.17349448369401,149.03210717199988,147.07369829057558,148.1831512451172,5476700,0.0,0.0
2023-12-20 00:00:00-05:00,148.55940646767695,148.7716491432009,146.1957961921303,146.34051513671875,4716400,0.0,0.0
2023-12-21 00:00:00-05:00,146.68782082224806,147.51749272561088,145.95461349514784,147.20877075195312,4036100,0.0,0.0
2023-12-22 00:00:00-05:00,147.88405605478812,149.97754161445997,147.69111221500708,149.4758758544922,3372800,0.0,0.0
2023-12-26 00:00:00-05:00,148.81022840223045,149.80390330402096,148.6944650259204,149.16717529296875,2073400,0.0,0.0
2023-12-27 00:00:00-05:00,148.61728349757314,149.50483705799377,148.298919494269,149.4180145263672,3747400,0.0,0.0
2023-12-28 00:00:00-05:00,149.77496959088498,150.14157326088582,149.0900019002004,149.2926025390625,2601200,0.0,0.0
2023-12-29 00:00:00-05:00,149.08999373952201,149.73637850777652,148.96458832297088,149.5048370361328,3711400,0.0,0.0
2024-01-02 00:00:00-05:00,149.43728796723792,154.49249933383848,149.31188255959844,154.1837921142578,8059900,0.0,0.0
2024-01-03 00:00:00-05:00,154.92662916453202,156.04572413487492,154.20307866622503,154.8012237548828,5301400,0.0,0.0
2024-01-04 00:00:00-05:00,154.6565077426062,156.5666769724108,153.80753709794956,155.76596069335938,8332200,0.0,0.0
2024-01-05 00:00:00-05:00,155.6405343861185,157.28057920404558,154.9459247445328,156.42196655273438,5607600,0.0,0.0
2024-01-08 00:00:00-05:00,156.46056532726507,157.02976961962617,154.14520943391136,155.7370147705078,6001600,0.0,0.0
2024-01-09 00:00:00-05:00,155.73701259103737,157.70507832145222,155.1678230273156,156.5859832763672,4454000,0.0,0.0
2024-01-10 00:00:00-05:00,156.54739844734016,159.25829877308746,156.17115275659006,159.0749969482422,6609900,0.0,0.0
2024-01-11 00:00:00-05:00,158.45756129462507,159.29687517351553,157.3384663089892,158.00413513183594,4591500,0.0,0.0
2024-01-12 00:00:00-05:00,158.51061249288972,159.04628880998396,157.95545298390448,158.1697235107422,4971100,1.55,0.0
2024-01-16 00:00:00-05:00,157.7606420771016,158.0723136555047,156.82565706453005,157.27366638183594,4747700,0.0,0.0
2024-01-17 00:00:00-05:00,157.53665240573125,158.70539121329335,157.3126477257676,157.819091796875,4423100,0.0,0.0
2024-01-18 00:00:00-05:00,156.96200927236353,159.39688774260503,156.8061734835516,159.0462646484375,5074300,0.0,0.0
2024-01-19 00:00:00-05:00,159.6403827416419,160.57536779376417,158.36450874388623,160.4779815673828,5863000,0.0,0.0
2024-01-22 00:00:00-05:00,160.1565667911853,161.14025233175465,159.49427212702443,161.08181762695312,4864000,0.0,0.0
2024-01-23 00:00:00-05:00,160.16630139912883,163.16607343158336,159.78646095554663,163.13685607910156,5784700,0.0,0.0
2024-01-24 00:00:00-05:00,163.3998526882814,163.57515683061106,159.7864859655034,159.94232177734375,5422200,0.0,0.0
2024-01-25 00:00:00-05:00,159.72802819452298,160.9065159171336,158.9488641091152,160.82859802246094,4465800,0.0,0.0
2024-01-26 00:00:00-05:00,160.96494728597997,161.53957502829502,159.24104919771622,160.1175994873047,4654300,0.0,0.0
2024-01-29 00:00:00-05:00,161.52984899246493,162.4161334902869,159.41636133256836,159.640380859375,4704100,0.0,0.0
2024-01-30 00:00:00-05:00,159.9422909861769,160.6824886579385,159.0072911564566,160.62405395507812,3819600,0.0,0.0
2024-01-31 00:00:00-05:00,161.43243978300592,161.53957502829502,159.67932434251045,160.1175994873047,4993900,0.0,0.0
2024-02-01 00:00:00-05:00,159.43584732534578,163.31216988491232,158.43267853375934,163.22451782226562,5584400,0.0,0.0
2024-02-02 00:00:00-05:00,165.0068460033664,168.3475070656194,160.9259872200166,164.27638244628906,7870400,0.0,0.0
2024-02-05 00:00:00-05:00,165.41591040457348,168.6202189916649,164.06211848595458,166.79891967773438,6486700,0.0,0.0
2024-02-06 00:00:00-05:00,167.17876690766448,169.42860732760562,165.3477482166124,168.7760467529297,7037400,0.0,0.0
2024-02-07 00:00:00-05:00,169.47729666035139,170.9869244709361,168.80528260293093,170.4512481689453,6409100,0.0,0.0
2024-02-08 00:00:00-05:00,169.80844283565278,171.32780473401112,169.75974229043467,170.23696899414062,5709100,0.0,0.0
2024-02-09 00:00:00-05:00,170.50967313705632,170.83106401055088,168.5422872124364,169.5454559326172,3502700,0.0,0.0
2024-02-12 00:00:00-05:00,169.01952634125303,170.2077482868365,167.74365233279525,168.56178283691406,3477100,0.0,0.0
2024-02-13 00:00:00-05:00,169.91558307142208,170.63629766102545,167.49043851714077,168.7760467529297,5480400,0.0,0.0
2024-02-14 00:00:00-05:00,168.55202766840887,170.30514316860052,168.1819213791131,169.87660217285156,4348500,0.0,0.0
2024-02-15 00:00:00-05:00,169.48703430598414,172.13618342038043,169.2824979639325,171.99008178710938,5276200,0.0,0.0
2024-02-16 00:00:00-05:00,172.28226140296215,174.2593815428754,171.4836289881724,172.86663818359375,6689400,0.0,0.0
2024-02-20 00:00:00-05:00,171.2498844517355,174.0256371547178,170.9479618814309,171.17196655273438,5484100,0.0,0.0
2024-02-21 00:00:00-05:00,171.69788852526216,172.0290433011844,168.98057061459014,170.57785034179688,3819100,0.0,0.0
2024-02-22 00:00:00-05:00,170.22721915439698,172.72053228224374,168.62993950303775,172.14590454101562,4852300,0.0,0.0
2024-02-23 00:00:00-05:00,172.64263775773105,174.2496666515508,172.39914988242387,173.45101928710938,3941800,0.0,0.0
2024-02-26 00:00:00-05:00,174.18148481250452,175.10673577649771,173.36336910926764,174.1522674560547,4327400,0.0,0.0
2024-02-27 00:00:00-05:00,174.11328993528778,174.853487623689,172.36990866706552,174.3275604248047,3888500,0.0,0.0
2024-02-28 00:00:00-05:00,175.16515824781584,175.20410976328185,172.28225567982417,173.36334228515625,4331300,0.0,0.0
2024-02-29 00:00:00-05:00,173.23674102966268,173.38284266511315,170.8213455756779,171.4641571044922,7485700,0.0,0.0
2024-03-01 00:00:00-05:00,171.46416245615862,174.5223695344092,171.17197403745794,174.24966430664062,4028700,0.0,0.0
2024-03-04 00:00:00-05:00,173.7042348611776,175.29176550756466,171.6881483677364,172.43809509277344,4723600,0.0,0.0
2024-03-05 00:00:00-05:00,173.15882518509366,174.9119408020696,173.15882518509366,174.49314880371094,5309800,0.0,0.0
2024-03-06 00:00:00-05:00,173.7529137884768,177.4149803523891,173.46074027439283,176.3436279296875,6047100,0.0,0.0
2024-03-07 00:00:00-05:00,177.44420579502923,177.6682104531473,174.86322569949252,175.8664093017578,6125200,0.0,0.0
2024-03-08 00:00:00-05:00,175.05803934240726,177.3955168828109,174.02563831972054,174.19122314453125,6195600,0.0,0.0
2024-03-11 00:00:00-04:00,173.76269045820868,176.53844331284597,173.5971204867801,174.95091247558594,5134800,0.0,0.0
2024-03-12 00:00:00-04:00,175.03855190755388,178.12597615233997,175.00933455360632,176.20729064941406,5391100,0.0,0.0
2024-03-13 00:00:00-04:00,177.7461427781838,177.75587694278138,174.74637047561004,175.17491149902344,5987900,0.0,0.0
2024-03-14 00:00:00-04:00,175.46709278170837,177.298111360093,174.0061656401537,176.47999572753906,6999400,0.0,0.0
2024-03-15 00:00:00-04:00,175.15542701797585,175.87615644852627,172.91533568747792,173.24649047851562,20957800,0.0,0.0
2024-03-18 00:00:00-04:00,174.3470354605379,175.19438328762044,172.9445579224422,173.84059143066406,8569000,0.0,0.0
2024-03-19 00:00:00-04:00,173.54840800424952,175.24307398427845,173.54840800424952,174.98011779785156,7625600,0.0,0.0
2024-03-20 00:00:00-04:00,174.55157473818014,174.56130890230835,171.15247893119763,171.6784210205078,7326600,0.0,0.0
2024-03-21 00:00:00-04:00,172.204344448017,173.1101269768079,171.29857678054503,172.87637329101562,5743600,0.0,0.0
2024-03-22 00:00:00-04:00,172.6134137674504,174.32757785497668,172.17513858100605,173.8016357421875,4084000,0.0,0.0
2024-03-25 00:00:00-04:00,174.3373054788566,174.53209279204393,173.4899724927659,173.87954711914062,4366400,0.0,0.0
2024-03-26 00:00:00-04:00,174.5613056430815,175.08724772257185,173.73345586806008,174.52235412597656,4392400,0.0,0.0
2024-03-27 00:00:00-04:00,175.11646912990378,175.8761500522494,174.15225186939466,175.6521453857422,5073500,0.0,0.0
2024-03-28 00:00:00-04:00,176.28521482882758,177.55135470317705,175.60345177689166,177.3565673828125,5418700,0.0,0.0
2024-04-01 00:00:00-04:00,177.1422883285256,177.16175665669917,174.571057184291,176.05145263671875,3502100,0.0,0.0
2024-04-02 00:00:00-04:00,174.71715175613875,176.31443155554834,173.8600697160049,175.98329162597656,4523800,0.0,0.0
2024-04-03 00:00:00-04:00,176.01251030842624,176.86959235502462,171.99983501993384,172.7108154296875,5893000,0.0,0.0
2024-04-04 00:00:00-04:00,173.02247017533,173.07117072038312,163.0881682986069,163.5264434814453,10539000,0.0,0.0
2024-04-05 00:00:00-04:00,163.62384392233454,166.5846497971866,162.93233185249161,165.57174682617188,7029700,0.0,0.0
2024-04-08 00:00:00-04:00,164.80232535726364,167.49042591073143,164.0134122281506,165.376953125,4745000,0.0,0.0
2024-04-09 00:00:00-04:00,165.30877570339908,166.10742302706967,163.03946703802546,165.70809936523438,5934000,0.0,0.0
2024-04-10 00:00:00-04:00,164.19845792070632,165.5327814034583,163.00050189663597,164.6269989013672,3231700,0.0,0.0
2024-04-11 00:00:00-04:00,164.7925727599044,164.95814271339287,162.87388732636313,163.15634155273438,3307000,0.0,0.0
2024-04-12 00:00:00-04:00,161.66211079361125,161.66211079361125,157.28755370618012,159.52890014648438,7029400,1.55,0.0
2024-04-15 00:00:00-04:00,161.73093562042345,161.90787692301856,158.76212876485164,158.9292449951172,5433700,0.0,0.0
2024-04-16 00:00:00-04:00,159.43058727221742,160.96415350023386,159.3322915525446,159.78448486328125,4881300,0.0,0.0
2024-04-17 00:00:00-04:00,161.36718915954313,161.94719839784852,160.46278755080317,161.4654998779297,4792200,0.0,0.0
2024-04-18 00:00:00-04:00,162.1634626739929,164.60141537905082,161.64243389014396,161.86854553222656,4480100,0.0,0.0
2024-04-19 00:00:00-04:00,162.22244748595267,163.775663807792,160.48244980261046,163.58888244628906,5532400,0.0,0.0
2024-04-22 00:00:00-04:00,164.8373462139162,166.7149699536174,164.09023574685997,165.04379272460938,5580700,0.0,0.0
2024-04-23 00:00:00-04:00,165.7319254119512,167.48174824445513,165.368202744554,166.6658172607422,4084100,0.0,0.0
2024-04-24 00:00:00-04:00,165.6631174457961,166.24311169062497,163.91329463929253,164.955322265625,4074700,0.0,0.0
2024-04-25 00:00:00-04:00,164.81770190796908,166.4200586901316,162.76313680070936,164.45396423339844,5503700,0.0,0.0
2024-04-26 00:00:00-04:00,164.2573498469574,164.62108750394364,154.97738205978607,156.9139862060547,10721700,0.0,0.0
2024-04-29 00:00:00-04:00,156.88449520799895,158.81127427288658,155.87195781679105,158.7817840576172,6219000,0.0,0.0
2024-04-30 00:00:00-04:00,158.53602736685812,160.28585019634616,156.9828109788646,159.88279724121094,5484800,0.0,0.0
2024-05-01 00:00:00-04:00,159.34211621675496,160.91499772859387,158.40822438164864,158.9783935546875,5176400,0.0,0.0
2024-05-02 00:00:00-04:00,159.4207613092994,159.68618825114126,155.43941718211016,158.0838165283203,5904300,0.0,0.0
2024-05-03 00:00:00-04:00,158.42788653169262,161.4654987064172,158.01500851766195,161.01329040527344,5849900,0.0,0.0
2024-05-06 00:00:00-04:00,161.62277939071367,161.83905095550523,158.27058513655317,159.97125244140625,5834600,0.0,0.0
2024-05-07 00:00:00-04:00,160.5905926212959,161.2099171628432,159.14551202442559,159.79432678222656,5301700,0.0,0.0
2024-05-08 00:00:00-04:00,159.39127159311775,160.13838206125865,157.1597502604955,157.72991943359375,5906700,0.0,0.0
2024-05-09 00:00:00-04:00,158.08380854357887,158.58517218619096,157.30720790125733,157.68075561523438,3570000,0.0,0.0
2024-05-10 00:00:00-04:00,157.98551076467686,158.70313096910274,157.63161319809132,158.0248260498047,3509500,0.0,0.0
2024-05-13 00:00:00-04:00,158.5458526611328,159.8139919607534,158.07399420086261,158.5458526611328,3505900,0.0,0.0
2024-05-14 00:00:00-04:00,158.9095663666938,159.49940065885033,157.01229256044988,158.8505859375,4025000,0.0,0.0
2024-05-15 00:00:00-04:00,159.5583847843878,161.63261492637417,159.1258416268006,161.01329040527344,5261300,0.0,0.0
2024-05-16 00:00:00-04:00,160.67906078162113,162.13396642800723,159.43058664581378,161.56381225585938,4642000,0.0,0.0
2024-05-17 00:00:00-04:00,162.58618688028827,163.66754487397387,161.70145034008073,163.59872436523438,5152200,0.0,0.0
2024-05-20 00:00:00-04:00,163.19564849137865,163.5987014143099,161.62278208498486,161.77023315429688,3058700,0.0,0.0
2024-05-21 00:00:00-04:00,162.5665148267036,162.90076228334595,159.74517409049446,160.16787719726562,3645200,0.0,0.0
2024-05-22 00:00:00-04:00,158.83093860089272,159.19466125408732,156.48144146235848,156.90415954589844,6904900,0.0,0.0
2024-05-23 00:00:00-04:00,156.33399215616035,157.32686440995812,155.08551803496803,155.57704162597656,5672900,0.0,0.0
2024-05-24 00:00:00-04:00,155.67534895235437,156.08822695979254,153.7092546311577,154.3973846435547,3689900,0.0,0.0
2024-05-28 00:00:00-04:00,153.6994302051948,153.6994302051948,151.3401080097831,152.70654296875,5533500,0.0,0.0
2024-05-29 00:00:00-04:00,152.26417375298558,153.72891941892945,151.07468009136403,152.16586303710938,4254500,0.0,0.0
2024-05-30 00:00:00-04:00,152.0282484680644,153.778071341468,150.9763957296098,153.6601104736328,4311100,0.0,0.0
2024-05-31 00:00:00-04:00,153.99433286070467,158.89974362885854,153.55196463514508,158.50653076171875,15664400,0.0,0.0
2024-06-03 00:00:00-04:00,157.2875533471795,160.4234763420565,156.13738991334145,157.47433471679688,4467800,0.0,0.0
2024-06-04 00:00:00-04:00,157.47434198308028,160.04992098794918,157.06146393650585,159.3912811279297,4215500,0.0,0.0
2024-06-05 00:00:00-04:00,160.1383819269928,163.166169084988,159.41093660339206,162.6353302001953,5100500,0.0,0.0
2024-06-06 00:00:00-04:00,162.6844779974024,166.0170072306512,161.5638048481712,165.71226501464844,5186700,0.0,0.0
2024-06-07 00:00:00-04:00,166.13497354659853,167.45225316877602,164.9454798578439,166.5478515625,3781700,0.0,0.0
2024-06-10 00:00:00-04:00,166.13498066065378,167.85531330063097,164.84719119874566,167.5702362060547,4247500,0.0,0.0
2024-06-11 00:00:00-04:00,167.36378320890793,167.747171010968,164.5817578759655,164.8570098876953,3790200,0.0,0.0
2024-06-12 00:00:00-04:00,165.03397015415874,165.68276991165033,162.23227961004008,163.27430725097656,4725600,0.0,0.0
2024-06-13 00:00:00-04:00,163.18583933784768,164.0705758402377,162.2027921129209,163.73634338378906,3690800,0.0,0.0
2024-06-14 00:00:00-04:00,163.64786314032145,166.37090799377108,163.18582977168202,165.73191833496094,4377600,0.0,0.0
2024-06-17 00:00:00-04:00,165.54513710416674,167.51123144032127,164.52277464941452,166.80343627929688,4076000,0.0,0.0
2024-06-18 00:00:00-04:00,167.55056967595246,170.07699321771142,166.99022556351238,168.45497131347656,4250900,0.0,0.0
2024-06-20 00:00:00-04:00,168.27800725151758,169.88037893761438,167.13768393513956,169.2119140625,5847500,0.0,0.0
2024-06-21 00:00:00-04:00,169.77224033212732,169.9983369772988,166.71496308612998,167.50140380859375,12308100,0.0,0.0
2024-06-24 00:00:00-04:00,168.22886271053838,170.47020900095185,167.80614463816525,169.8115692138672,6249900,0.0,0.0
2024-06-25 00:00:00-04:00,169.18242055618668,170.4702099229824,167.7274999737543,167.8553009033203,5712700,0.0,0.0
2024-06-26 00:00:00-04:00,167.40309871742818,169.42818852084406,167.26547271138145,168.24851989746094,5576100,0.0,0.0
2024-06-27 00:00:00-04:00,168.3861491595055,168.65157610491008,164.9061686535417,166.12515258789062,5382000,0.0,0.0
2024-06-28 00:00:00-04:00,167.1081979043553,168.90717606934817,166.18413114199845,168.6122589111328,24463400,0.0,0.0
2024-07-01 00:00:00-04:00,168.36650198854977,170.9322558391412,166.66581949363692,167.48175048828125,5194500,0.0,0.0
2024-07-02 00:00:00-04:00,165.77124903581068,165.77124903581068,162.6451512359331,163.14651489257812,5965500,0.0,0.0
2024-07-03 00:00:00-04:00,163.27429501813327,164.26718222434624,160.74787168176584,161.06243896484375,3527600,0.0,0.0
2024-07-05 00:00:00-04:00,161.92753414622047,164.47362276529742,160.856016310408,164.41464233398438,5978300,0.0,0.0
2024-07-08 00:00:00-04:00,163.71667162800065,164.87667510662797,162.81227001760305,163.697021484375,3500200,0.0,0.0
2024-07-09 00:00:00-04:00,164.18854293469977,165.6729387649882,162.06515744228406,165.20108032226562,4224600,0.0,0.0
2024-07-10 00:00:00-04:00,164.6112610292111,165.5943082912549,163.29398129809903,165.28956604003906,3887800,0.0,0.0
2024-07-11 00:00:00-04:00,164.68007402531137,167.46209944999953,164.51295779840066,167.02955627441406,3689500,0.0,0.0
2024-07-12 00:00:00-04:00,167.73733726743694,168.72038440139582,167.0197020595686,167.3932647705078,4133500,0.0,0.0
2024-07-15 00:00:00-04:00,167.5718552798532,169.02028030806872,166.09365399246147,166.69882202148438,2395100,1.55,0.0
2024-07-16 00:00:00-04:00,167.26430531284686,168.50440243071225,165.93490969768789,167.8595428466797,3829500,0.0,0.0
2024-07-17 00:00:00-04:00,168.16709225596415,174.34774747538995,168.16709225596415,173.8814697265625,6983200,0.0,0.0
2024-07-18 00:00:00-04:00,173.0679545049461,175.28028357271018,169.36750886338555,169.7841796875,5957800,0.0,0.0
2024-07-19 00:00:00-04:00,172.29412977668792,172.47271163173878,169.86354247546453,170.954833984375,4293600,0.0,0.0
2024-07-22 00:00:00-04:00,171.9469232532059,173.34574137880236,170.63737335429246,172.234619140625,4066900,0.0,0.0
2024-07-23 00:00:00-04:00,171.94691054529594,173.206838298004,171.4012647944085,171.7782440185547,2933800,0.0,0.0
2024-07-24 00:00:00-04:00,171.8278621820955,175.20093559343493,171.5798427461693,174.81402587890625,6117700,0.0,0.0
2024-07-25 00:00:00-04:00,175.59775152941782,184.6355799113916,170.43895055726438,180.72679138183594,9442200,0.0,0.0
2024-07-26 00:00:00-04:00,181.99665566357493,185.36972901205738,180.6672751448806,183.693115234375,6948800,0.0,0.0
2024-07-29 00:00:00-04:00,182.581980883373,184.65543486789753,179.0997934603845,180.49862670898438,5458500,0.0,0.0
2024-07-30 00:00:00-04:00,182.1355473204587,186.22291787311875,181.15340005330617,185.30027770996094,6032200,0.0,0.0
2024-07-31 00:00:00-04:00,184.91336771769346,186.0145746048705,181.99665676582433,183.8518524169922,6473900,0.0,0.0
2024-08-01 00:00:00-04:00,186.2824286623266,189.45707418433244,185.29035099058078,188.20706176757812,6595500,0.0,0.0
2024-08-02 00:00:00-04:00,189.46700382865842,192.3737994982385,184.98282331280677,187.79039001464844,6303900,0.0,0.0
2024-08-05 00:00:00-04:00,185.9649610266155,187.79038035355964,181.58989475559363,182.89944458007812,6459300,0.0,0.0
2024-08-06 00:00:00-04:00,183.9609585926878,186.33203880162614,181.6295851064373,184.23875427246094,4273200,0.0,0.0
2024-08-07 00:00:00-04:00,186.41140006698893,188.08801385864624,184.50661263524304,186.0244903564453,6351000,0.0,0.0
2024-08-08 00:00:00-04:00,185.4391601777817,189.19914310374824,185.4391601777817,188.89158630371094,5744600,0.0,0.0
2024-08-09 00:00:00-04:00,189.26858031844904,189.49675394833247,186.60981937781315,188.42530822753906,3206500,0.0,0.0
2024-08-12 00:00:00-04:00,188.5741259004033,189.06024940981877,186.21297619453384,188.67332458496094,4808300,0.0,0.0
2024-08-13 00:00:00-04:00,189.0503213638131,190.41939341420036,187.879676960888,189.7150115966797,3477300,0.0,0.0
2024-08-14 00:00:00-04:00,189.4868376736814,191.81822628660822,188.96103771211136,191.4709930419922,4153400,0.0,0.0
2024-08-15 00:00:00-04:00,192.94920460777718,193.445243476506,189.77454373758886,191.86782836914062,4719900,0.0,0.0
2024-08-16 00:00:00-04:00,192.34403042916117,192.71109433614822,190.74678471743547,192.36386108398438,3674900,0.0,0.0
2024-08-19 00:00:00-04:00,191.86782239905858,195.61787491893085,191.81823062405272,195.31033325195312,4309300,0.0,0.0
2024-08-20 00:00:00-04:00,195.5583554182641,195.91550400315563,192.59205272226706,194.59603881835938,3631800,0.0,0.0
2024-08-21 00:00:00-04:00,194.88375435590845,195.77661826989967,194.11985025479729,194.97303771972656,4250400,0.0,0.0
2024-08-22 00:00:00-04:00,195.449229683816,195.9750296738431,193.80239214379583,194.81430053710938,3676700,0.0,0.0
2024-08-23 00:00:00-04:00,195.68732849310595,196.4115409835166,194.6754049892812,195.98495483398438,4720300,0.0,0.0
2024-08-26 00:00:00-04:00,195.99486845476233,196.40162394582404,194.5166823665154,195.87582397460938,4182300,0.0,0.0
2024-08-27 00:00:00-04:00,196.42146696781558,196.72900862914216,193.63371594768768,194.36785888671875,2504500,0.0,0.0
2024-08-28 00:00:00-04:00,193.97103410382823,194.67540078619837,192.4928328967197,193.8519744873047,3910200,0.0,0.0
2024-08-29 00:00:00-04:00,194.4472237258465,194.88374032362222,192.3142627860562,193.6337127685547,4538300,0.0,0.0
2024-08-30 00:00:00-04:00,193.70317603330864,194.94327319101228,192.63173027250411,194.75477600097656,3820800,0.0,0.0
2024-09-03 00:00:00-04:00,194.58611688985965,198.36593045462777,194.54644044306417,196.12384033203125,4872400,0.0,0.0
2024-09-04 00:00:00-04:00,197.1059866629749,198.2964919921174,194.883742342771,195.44921875,4214300,0.0,0.0
2024-09-05 00:00:00-04:00,195.39963220559656,195.568283599561,190.63765617529629,191.3321075439453,5902800,0.0,0.0
2024-09-06 00:00:00-04:00,191.93728107695702,193.19722404214158,191.30235193050035,191.86782836914062,4312600,0.0,0.0
2024-09-09 00:00:00-04:00,193.4253971724173,195.0524040520356,192.40355831656643,194.86390686035156,3606900,0.0,0.0
2024-09-10 00:00:00-04:00,194.5662691227317,197.8897353950511,191.38170825754707,197.77069091796875,6333300,0.0,0.0
2024-09-11 00:00:00-04:00,196.11391741612667,196.11391741612667,191.88767175717925,193.04840087890625,4909300,0.0,0.0
2024-09-12 00:00:00-04:00,193.23689904020048,193.5246100591299,189.75471165751318,192.48292541503906,4165200,0.0,0.0
2024-09-13 00:00:00-04:00,192.3241839853398,193.04839646945055,190.2904216679176,192.67141723632812,2718100,0.0,0.0
2024-09-16 00:00:00-04:00,194.2686655646548,194.60596835491322,192.9194392657166,194.1793670654297,3235700,0.0,0.0
2024-09-17 00:00:00-04:00,193.25674568898674,194.52660397798823,190.30035827908372,191.9174346923828,3534100,0.0,0.0
2024-09-18 00:00:00-04:00,191.59996568565137,194.03055295508156,190.26065477295316,191.41146850585938,3236800,0.0,0.0
2024-09-19 00:00:00-04:00,191.89757764855167,192.6218052514964,190.43923739135326,192.08607482910156,3929300,0.0,0.0
2024-09-20 00:00:00-04:00,191.47099339471973,192.28450436341976,190.60789065204384,191.93727111816406,11661200,0.0,0.0
2024-09-23 00:00:00-04:00,192.1654433925631,192.76069605511805,190.6773268740798,192.29441833496094,3178000,0.0,0.0
2024-09-24 00:00:00-04:00,191.4213981126766,193.6635035074763,190.0721717722511,191.97695922851562,4286500,0.0,0.0
2024-09-25 00:00:00-04:00,192.46307992834127,193.02857150154156,189.44717028498766,189.74478149414062,5589300,0.0,0.0
2024-09-26 00:00:00-04:00,188.5939720030139,191.34201626245817,188.1177638198989,190.37969970703125,6215700,0.0,0.0
2024-09-27 00:00:00-04:00,191.0741734390467,194.57620655233995,188.7626305529008,193.24681091308594,4891900,0.0,0.0
2024-09-30 00:00:00-04:00,193.30634281064758,196.0543870964359,192.83013462296742,195.91549682617188,4550200,0.0,0.0
2024-10-01 00:00:00-04:00,196.08414857301344,197.39369838466249,194.86389725790713,195.39962768554688,3924600,0.0,0.0
2024-10-02 00:00:00-04:00,194.10992841057242,195.4393089091416,192.90950772055405,195.2607421875,2946900,0.0,0.0
2024-10-03 00:00:00-04:00,195.3103293089134,195.48891116420435,193.1972141303157,193.90158081054688,3453800,0.0,0.0
2024-10-04 00:00:00-04:00,193.5543738866272,194.0900892076455,191.52061148408717,192.7507781982422,4749700,0.0,0.0
2024-10-07 00:00:00-04:00,192.8797524224527,193.5444426918013,191.31226777647493,192.076171875,5033800,0.0,0.0
2024-10-08 00:00:00-04:00,192.80037641124287,193.45515132575014,190.7269376532075,191.4809112548828,4419000,0.0,0.0
2024-10-09 00:00:00-04:00,191.32219642828028,193.3460283383108,190.4293173878718,193.20713806152344,4478900,0.0,0.0
2024-10-10 00:00:00-04:00,192.99878477731644,193.27658045397038,191.74877235294176,192.810302734375,3562500,0.0,0.0
2024-10-11 00:00:00-04:00,193.45514604402993,193.6932501349603,192.04639756630905,192.6515655517578,2973000,0.0,0.0
2024-10-14 00:00:00-04:00,192.7011728293248,194.78452686178696,192.12576596191033,194.09999084472656,3623900,0.0,0.0
2024-10-15 00:00:00-04:00,194.72999572753906,196.25,191.22000122070312,191.86000061035156,6553500,1.55,0.0
2024-10-16 00:00:00-04:00,190.4499969482422,191.0399932861328,188.72999572753906,190.4600067138672,5576000,0.0,0.0
2024-10-17 00:00:00-04:00,190.5399932861328,191.6199951171875,188.4600067138672,188.57000732421875,4419000,0.0,0.0
2024-10-18 00:00:00-04:00,188.97000122070312,189.69000244140625,188.16000366210938,188.86000061035156,5607900,0.0,0.0
2024-10-21 00:00:00-04:00,188.7100067138672,189.3800048828125,185.88999938964844,186.5399932861328,4496500,0.0,0.0
2024-10-22 00:00:00-04:00,186.32000732421875,189.10000610351562,186.22999572753906,188.75999450683594,4210400,0.0,0.0
2024-10-23 00:00:00-04:00,188.6999969482422,189.27000427246094,187.5,187.8800048828125,4266700,0.0,0.0
2024-10-24 00:00:00-04:00,188.42999267578125,190.47000122070312,188.1699981689453,189.64999389648438,6741800,0.0,0.0
2024-10-25 00:00:00-04:00,189.67999267578125,189.8800048828125,187.1699981689453,187.85000610351562,4017400,0.0,0.0
2024-10-28 00:00:00-04:00,188.08999633789062,190.13999938964844,187.52000427246094,189.67999267578125,5383700,0.0,0.0
2024-10-29 00:00:00-04:00,190.49000549316406,191.16000366210938,188.52000427246094,189.4499969482422,6131500,0.0,0.0
2024-10-30 00:00:00-04:00,191.6199951171875,202.35000610351562,188.5500030517578,201.5,10396400,0.0,0.0
2024-10-31 00:00:00-04:00,201.97000122070312,207.32000732421875,201.4199981689453,203.8699951171875,8829300,0.0,0.0
2024-11-01 00:00:00-04:00,204.3699951171875,204.72999572753906,202.32000732421875,203.5500030517578,4493900,0.0,0.0
2024-11-04 00:00:00-05:00,203.7899932861328,204.24000549316406,200.22000122070312,200.47000122070312,3531800,0.0,0.0
2024-11-05 00:00:00-05:00,200.49000549316406,202.4199981689453,198.35000610351562,201.67999267578125,5109300,0.0,0.0
2024-11-06 00:00:00-05:00,205.7899932861328,206.14999389648438,200.85000610351562,201.1999969482422,7194800,0.0,0.0
2024-11-07 00:00:00-05:00,201.9499969482422,202.32000732421875,199.22000122070312,200.50999450683594,4520200,0.0,0.0
2024-11-08 00:00:00-05:00,201.16000366210938,201.88999938964844,199.47999572753906,199.5,4596900,0.0,0.0
2024-11-11 00:00:00-05:00,178.57000732421875,178.57000732421875,172.6999969482422,174.42999267578125,20760300,0.0,0.0
2024-11-12 00:00:00-05:00,176.00999450683594,176.6300048828125,171.02999877929688,171.08999633789062,10557000,0.0,0.0
2024-11-13 00:00:00-05:00,171.6699981689453,172.63999938964844,169.64999389648438,170.35000610351562,8483500,0.0,0.0
2024-11-14 00:00:00-05:00,170.0,171.6199951171875,168.58999633789062,169.6300048828125,8442500,0.0,0.0
2024-11-15 00:00:00-05:00,169.6300048828125,169.6300048828125,164.72000122070312,164.99000549316406,11265400,0.0,0.0
2024-11-18 00:00:00-05:00,165.6199951171875,166.74000549316406,164.8000030517578,166.27999877929688,8341400,0.0,0.0
2024-11-19 00:00:00-05:00,165.27000427246094,167.10000610351562,163.80999755859375,166.57000732421875,5246000,0.0,0.0
2024-11-20 00:00:00-05:00,166.91000366210938,167.91000366210938,165.64999389648438,167.75999450683594,7135600,0.0,0.0
2024-11-21 00:00:00-05:00,168.58999633789062,172.4600067138672,166.9199981689453,171.72999572753906,6847700,0.0,0.0
2024-11-22 00:00:00-05:00,174.33999633789062,178.86000061035156,173.5,176.9499969482422,11328600,0.0,0.0
2024-11-25 00:00:00-05:00,177.02000427246094,180.19000244140625,176.75,177.05999755859375,12465000,0.0,0.0
2024-11-26 00:00:00-05:00,177.08999633789062,181.64999389648438,176.6699981689453,181.13999938964844,6947500,0.0,0.0
2024-11-27 00:00:00-05:00,181.13999938964844,184.24000549316406,180.88999938964844,183.0800018310547,5271500,0.0,0.0
2024-11-29 00:00:00-05:00,183.13999938964844,183.5399932861328,182.5,182.92999267578125,2710700,0.0,0.0
2024-12-02 00:00:00-05:00,182.27999877929688,182.6999969482422,178.86000061035156,181.77000427246094,3936600,0.0,0.0
2024-12-03 00:00:00-05:00,182.27999877929688,183.50999450683594,181.47999572753906,181.5,4107600,0.0,0.0
2024-12-04 00:00:00-05:00,180.10000610351562,180.4499969482422,175.91000366210938,176.4600067138672,6125500,0.0,0.0
2024-12-05 00:00:00-05:00,174.97999572753906,176.72000122070312,173.52999877929688,176.1699981689453,5444200,0.0,0.0
2024-12-06 00:00:00-05:00,176.0,176.74000549316406,174.16000366210938,176.19000244140625,4839600,0.0,0.0
2024-12-09 00:00:00-05:00,175.58999633789062,178.1300048828125,174.3800048828125,176.57000732421875,4394500,0.0,0.0
2024-12-10 00:00:00-05:00,175.52999877929688,176.9199981689453,173.8300018310547,175.6699981689453,4089600,0.0,0.0
2024-12-11 00:00:00-05:00,175.9600067138672,176.0,173.83999633789062,174.3699951171875,9492200,0.0,0.0
2024-12-12 00:00:00-05:00,174.91000366210938,175.91000366210938,171.99000549316406,173.19000244140625,4999500,0.0,0.0
2024-12-13 00:00:00-05:00,173.25,174.9199981689453,172.38999938964844,173.3699951171875,5471600,0.0,0.0
2024-12-16 00:00:00-05:00,171.6699981689453,173.33999633789062,170.52999877929688,171.6300048828125,8157900,0.0,0.0
2024-12-17 00:00:00-05:00,170.5800018310547,176.5,170.2100067138672,175.3800048828125,7664700,0.0,0.0
2024-12-18 00:00:00-05:00,176.02999877929688,176.5,172.82000732421875,173.02000427246094,5471600,0.0,0.0
2024-12-19 00:00:00-05:00,172.92999267578125,173.8800048828125,170.33999633789062,171.52000427246094,6110500,0.0,0.0
2024-12-20 00:00:00-05:00,171.7899932861328,176.8000030517578,170.66000366210938,175.5800018310547,18950900,0.0,0.0
2024-12-23 00:00:00-05:00,175.2899932861328,178.64999389648438,174.6300048828125,178.38999938964844,6945600,0.0,0.0
2024-12-24 00:00:00-05:00,178.41000366210938,180.1699981689453,177.83999633789062,180.0,2692800,0.0,0.0
2024-12-26 00:00:00-05:00,179.02000427246094,180.35000610351562,178.6300048828125,179.1999969482422,2759300,0.0,0.0
2024-12-27 00:00:00-05:00,177.9199981689453,179.66000366210938,177.2899932861328,178.00999450683594,2745400,0.0,0.0
2024-12-30 00:00:00-05:00,177.02000427246094,177.33999633789062,175.50999450683594,176.1999969482422,3405700,0.0,0.0
2024-12-31 00:00:00-05:00,176.35000610351562,177.83999633789062,175.9199981689453,177.6999969482422,3326400,0.0,0.0
2025-01-02 00:00:00-05:00,178.66000366210938,179.77999877929688,177.89999389648438,179.44000244140625,4092000,0.0,0.0
2025-01-03 00:00:00-05:00,179.66000366210938,181.57000732421875,178.8000030517578,181.22000122070312,4380200,0.0,0.0
2025-01-06 00:00:00-05:00,180.77999877929688,181.97999572753906,179.25999450683594,180.10000610351562,6302100,0.0,0.0
2025-01-07 00:00:00-05:00,179.6300048828125,182.1699981689453,178.38999938964844,179.52999877929688,5905200,0.0,0.0
2025-01-08 00:00:00-05:00,179.1999969482422,179.24000549316406,176.17999267578125,178.5,4488500,0.0,0.0
