Date,Open,High,Low,Close,Volume,Dividends,Stock Splits
2020-01-13 00:00:00-05:00,78.36102505286215,78.57182386941088,77.66448065008572,78.01275634765625,5571500,0.0,0.0
2020-01-14 00:00:00-05:00,77.43288860155602,79.15403110824744,77.32244561040838,78.91472625732422,8751400,0.36,0.0
2020-01-15 00:00:00-05:00,79.25529458727144,80.85678154925968,79.25529458727144,80.4241943359375,5389700,0.0,0.0
2020-01-16 00:00:00-05:00,80.93960178507876,81.28014370702758,80.46099207878984,81.25253295898438,5023300,0.0,0.0
2020-01-17 00:00:00-05:00,81.40900169406086,82.09929851008307,81.28014685016836,81.91522216796875,5879700,0.0,0.0
2020-01-21 00:00:00-05:00,81.78638071986435,82.8724481691754,81.55628174350238,82.58712768554688,7458100,0.0,0.0
2020-01-22 00:00:00-05:00,83.5535324621674,85.09059181551643,82.86323558852482,84.54756164550781,9841200,0.0,0.0
2020-01-23 00:00:00-05:00,84.50155253233498,84.53836921411975,82.98290478558144,83.50753021240234,7418400,0.0,0.0
2020-01-24 00:00:00-05:00,83.61794875876296,84.24381812176938,83.02889606676422,83.20377349853516,4218700,0.0,0.0
2020-01-27 00:00:00-05:00,82.01645833652618,82.83560991727654,81.81397016653187,82.45824432373047,4482200,0.0,0.0
2020-01-28 00:00:00-05:00,82.55949874819687,82.86323104122674,82.2741783031423,82.41223907470703,4983700,0.0,0.0
2020-01-29 00:00:00-05:00,82.47666979952226,83.0473177345334,81.9796552152344,82.04408264160156,3914300,0.0,0.0
2020-01-30 00:00:00-05:00,81.26175305676351,82.10851558074442,80.9672266561587,82.0625,5248100,0.0,0.0
2020-01-31 00:00:00-05:00,82.03487079644061,82.12691598923283,79.98239220312095,80.20328521728516,5914100,0.0,0.0
2020-02-03 00:00:00-05:00,80.79234770473647,81.36299566755646,79.84434108968017,80.1296615600586,4675900,0.0,0.0
2020-02-04 00:00:00-05:00,81.1328791128235,82.14531293789787,81.1328791128235,81.20651245117188,3904600,0.0,0.0
2020-02-05 00:00:00-05:00,81.79558802265412,82.47667903797834,81.50106160883308,82.43065643310547,3565700,0.0,0.0
2020-02-06 00:00:00-05:00,82.83561746163473,82.90925080689557,82.14532064945443,82.34780883789062,4270700,0.0,0.0
2020-02-07 00:00:00-05:00,82.12694522291912,82.38465500152142,80.700328491573,80.87520599365234,4472300,0.0,0.0
2020-02-10 00:00:00-05:00,80.26771526404927,81.27095031738281,80.26771526404927,81.27095031738281,4219400,0.0,0.0
2020-02-11 00:00:00-05:00,81.58388476031315,82.2925934726548,81.48264065855007,82.07169342041016,2661900,0.0,0.0
2020-02-12 00:00:00-05:00,82.43066380792555,82.45827456449409,81.52867965705369,81.72196197509766,3389400,0.0,0.0
2020-02-13 00:00:00-05:00,81.45503311620072,81.95204772023527,80.71871362383921,81.6207046508789,4448800,0.0,0.0
2020-02-14 00:00:00-05:00,81.79559142765945,82.56872066284981,81.28016491546862,82.522705078125,3919800,0.0,0.0
2020-02-18 00:00:00-05:00,82.30178596911166,82.36621339048604,81.28014612870219,81.80477142333984,4492300,0.0,0.0
2020-02-19 00:00:00-05:00,81.758758136684,82.77119208177648,81.62990329033018,82.24656677246094,3464900,0.0,0.0
2020-02-20 00:00:00-05:00,82.0072656500141,82.4306468819461,81.03164833391267,81.418212890625,3657500,0.0,0.0
2020-02-21 00:00:00-05:00,81.03164648347568,81.22492875741806,80.22170071332725,80.48860931396484,5570900,0.0,0.0
2020-02-24 00:00:00-05:00,78.64782122702279,78.85030943408577,77.37767750371361,77.89309692382812,5667200,0.0,0.0
2020-02-25 00:00:00-05:00,78.16922191522434,78.57419834713222,74.3495776309987,74.67171478271484,7021800,0.0,0.0
2020-02-26 00:00:00-05:00,75.59210931395401,76.28240620767643,74.6533086281993,74.88340759277344,7380100,0.0,0.0
2020-02-27 00:00:00-05:00,73.99980139655054,75.50004356994188,72.85851291508754,72.88612365722656,8657200,0.0,0.0
2020-02-28 00:00:00-05:00,70.98091818207743,71.93813054288228,68.12768592376639,70.89807891845703,16671900,0.0,0.0
2020-03-02 00:00:00-05:00,71.68043032730918,75.17793756410013,71.10058343693143,75.11351013183594,11483600,0.0,0.0
2020-03-03 00:00:00-05:00,75.08589433475137,76.85305266278007,71.10978458565533,71.78166961669922,9510600,0.0,0.0
2020-03-04 00:00:00-05:00,74.2391234315581,75.77618262528395,73.13464433519206,75.55528259277344,8660000,0.0,0.0
2020-03-05 00:00:00-05:00,73.89858814250984,74.98465559257706,72.83092552085647,74.11027526855469,9288700,0.0,0.0
2020-03-06 00:00:00-05:00,72.34310457314457,75.74857306267917,71.87370077428832,75.23314666748047,10647600,0.0,0.0
2020-03-09 00:00:00-04:00,70.51151926106311,73.02419573660644,69.12171970663427,70.88887786865234,10285000,0.0,0.0
2020-03-10 00:00:00-04:00,72.92295726721134,74.55205463054175,69.88564852899403,74.44160461425781,9417400,0.0,0.0
2020-03-11 00:00:00-04:00,72.27868706508407,72.77570168109028,70.27222377323531,71.87371063232422,11534200,0.0,0.0
2020-03-12 00:00:00-04:00,67.44659783540577,71.92892755944553,66.27769835036081,68.79037475585938,13876300,0.0,0.0
2020-03-13 00:00:00-04:00,71.70803619501974,76.08911490558702,68.87321560202047,75.15031433105469,18316900,0.0,0.0
2020-03-16 00:00:00-04:00,65.02597026807416,72.94137342456014,64.42771154219824,67.7963638305664,14358900,0.0,0.0
2020-03-17 00:00:00-04:00,69.50830392082149,73.4383988348375,67.50184032845911,73.16227722167969,13315300,0.0,0.0
2020-03-18 00:00:00-04:00,69.01128368152388,75.46325351158983,68.46824648044891,72.95057678222656,17541100,0.0,0.0
2020-03-19 00:00:00-04:00,74.88341273831972,75.29758809418762,67.6951228381469,68.56949615478516,14476000,0.0,0.0
2020-03-20 00:00:00-04:00,68.15531143129749,68.90082977821721,62.5408914639231,62.5869140625,15131400,0.0,0.0
2020-03-23 00:00:00-04:00,61.73095779837546,62.11752242280557,56.70559661459181,57.81927490234375,13037100,0.0,0.0
2020-03-24 00:00:00-04:00,59.74289646338831,64.40009709800373,59.36553080396671,64.14238739013672,10903700,0.0,0.0
2020-03-25 00:00:00-04:00,63.46128857106978,66.84834544771753,62.72497613305414,65.11800384521484,9351000,0.0,0.0
2020-03-26 00:00:00-04:00,65.42174621117186,69.92248187241655,65.34811284942649,69.77521514892578,10530500,0.0,0.0
2020-03-27 00:00:00-04:00,71.3306839707398,71.3306839707398,67.75034439513485,68.62471771240234,8360600,0.0,0.0
2020-03-30 00:00:00-04:00,76.23637891800355,77.68139991268974,72.22345303045554,73.0241928100586,47540200,0.0,0.0
2020-03-31 00:00:00-04:00,74.94781172085494,75.00303320812428,72.30627390084962,72.62841796875,23792300,0.0,0.0
2020-04-01 00:00:00-04:00,70.87047137342952,71.22021922369368,69.35181701101503,70.47470092773438,12208300,0.0,0.0
2020-04-02 00:00:00-04:00,70.0605424324411,73.31874494694797,69.9500923901978,73.11625671386719,10167900,0.0,0.0
2020-04-03 00:00:00-04:00,72.51799250264835,73.62246475400833,71.95655045195575,73.12545013427734,9139400,0.0,0.0
2020-04-06 00:00:00-04:00,74.62569365973118,76.50330194722146,73.27271070094682,76.14434814453125,12373800,0.0,0.0
2020-04-07 00:00:00-04:00,76.8070417073364,77.75505546508705,75.26077618035255,75.40804290771484,10872100,0.0,0.0
2020-04-08 00:00:00-04:00,75.93266993971746,78.59261381584061,74.59809854960265,78.18763732910156,9266400,0.0,0.0
2020-04-09 00:00:00-04:00,78.23365197848624,79.61424583693011,76.34683756312089,79.19086456298828,10466800,0.0,0.0
2020-04-13 00:00:00-04:00,79.44857076149007,79.59583747043511,76.87145953145716,79.01598358154297,6665800,0.0,0.0
2020-04-14 00:00:00-04:00,80.41163142886047,82.7592822041289,79.94949561605094,82.38957214355469,9861300,0.36,0.0
2020-04-15 00:00:00-04:00,83.1936879409019,84.94056068503237,81.8072805533931,84.05326080322266,14128000,0.0,0.0
2020-04-16 00:00:00-04:00,85.58755458625032,89.64510662282132,84.23811880442251,88.7300796508789,27036500,0.0,0.0
2020-04-17 00:00:00-04:00,90.0702651649031,90.34754946729727,87.10335415646963,88.73931884765625,16074800,0.0,0.0
2020-04-20 00:00:00-04:00,87.63944418902143,92.4271719796317,87.48231968904813,90.57862854003906,17251400,0.0,0.0
2020-04-21 00:00:00-04:00,88.82250224456294,89.62662110135842,86.53031255077055,86.92774963378906,12030300,0.0,0.0
2020-04-22 00:00:00-04:00,87.14032059277932,88.71158645852502,85.76315795794117,88.24945068359375,8369000,0.0,0.0
2020-04-23 00:00:00-04:00,88.60992487372506,90.07026870911751,86.2807563865343,86.82608032226562,10567500,0.0,0.0
2020-04-24 00:00:00-04:00,87.34366294654589,87.41760636418343,85.75391472550102,86.93698120117188,9016100,0.0,0.0
2020-04-27 00:00:00-04:00,88.24946004569277,88.63765244542536,86.90001723429901,87.75959014892578,6838200,0.0,0.0
2020-04-28 00:00:00-04:00,87.69488941238416,87.94444670053512,84.4229670073092,84.53388214111328,7805500,0.0,0.0
2020-04-29 00:00:00-04:00,85.11616471125092,86.00347161570136,84.17341082126687,85.29177856445312,7068300,0.0,0.0
2020-04-30 00:00:00-04:00,84.89434195966395,86.6689416746797,84.89434195966395,85.11616516113281,7978300,0.0,0.0
2020-05-01 00:00:00-04:00,84.10872069953695,84.44145905984159,82.0291094734495,83.04580688476562,6839800,0.0,0.0
2020-05-04 00:00:00-04:00,82.99034915102315,83.33233218713615,81.99213411450371,83.0273208618164,5036800,0.0,0.0
2020-05-05 00:00:00-04:00,84.06249874163832,86.56728096943691,83.544908904979,85.9849853515625,6747900,0.0,0.0
2020-05-06 00:00:00-04:00,86.09589718063647,86.35469208904397,84.13643893584316,84.18265533447266,4248400,0.0,0.0
2020-05-07 00:00:00-04:00,85.16237544156515,87.38062845177942,84.8573641541889,86.87227630615234,7255000,0.0,0.0
2020-05-08 00:00:00-04:00,87.6579325748738,87.75036539454427,85.86485010973892,86.60426330566406,6167600,0.0,0.0
2020-05-11 00:00:00-04:00,86.16058932464188,89.18295399066625,86.08664591313727,88.79476165771484,7239100,0.0,0.0
2020-05-12 00:00:00-04:00,89.1552369298145,89.35857780834239,86.63197943223791,86.6966781616211,5384200,0.0,0.0
2020-05-13 00:00:00-04:00,86.2068049966586,87.50078658645465,83.96082483165682,85.18087005615234,11622500,0.0,0.0
2020-05-14 00:00:00-04:00,83.64659181857569,84.82965850830078,82.57443322374125,84.82965850830078,8189200,0.0,0.0
2020-05-15 00:00:00-04:00,83.14747766478114,84.25660788745924,82.06608151526731,83.08277893066406,13609400,0.0,0.0
2020-05-18 00:00:00-04:00,84.94057316614993,85.95727065605612,83.20293780543358,83.43400573730469,7646500,0.0,0.0
2020-05-19 00:00:00-04:00,83.48946715135092,83.64659165322456,81.43758278032534,81.53925323486328,7693100,0.0,0.0
2020-05-20 00:00:00-04:00,82.79625805530219,83.57264287485899,81.36363414330584,83.26763153076172,7488800,0.0,0.0
2020-05-21 00:00:00-04:00,82.85170293897612,83.74824748979435,81.68711878676451,83.54490661621094,6148300,0.0,0.0
2020-05-22 00:00:00-04:00,83.57262583034641,84.60781243026395,82.91639392337763,84.5431137084961,5184500,0.0,0.0
2020-05-26 00:00:00-04:00,85.91105139826608,86.22530744203243,82.41730551256815,82.7038345336914,6243800,0.0,0.0
2020-05-27 00:00:00-04:00,82.51896162043916,83.9053689246848,81.4930196511668,83.88688659667969,5420600,0.0,0.0
2020-05-28 00:00:00-04:00,84.98676983854554,86.26226914517055,84.30281083673506,85.12541198730469,5316300,0.0,0.0
2020-05-29 00:00:00-04:00,85.86483179775863,88.35111757037927,83.8776464764205,87.73185729980469,10138500,0.0,0.0
2020-06-01 00:00:00-04:00,85.91103061571562,86.84454677813088,85.06994724192833,85.96649169921875,5451600,0.0,0.0
2020-06-02 00:00:00-04:00,85.88331055865108,86.09589611743621,84.81115922968401,85.60603332519531,6394100,0.0,0.0
2020-06-03 00:00:00-04:00,85.5505677151664,85.67996516093251,83.70202471664244,84.4784164428711,8056300,0.0,0.0
2020-06-04 00:00:00-04:00,84.15492632181618,84.42295886229238,81.55771850596746,81.56696319580078,9113600,0.0,0.0
2020-06-05 00:00:00-04:00,81.77031664014649,83.14747946859082,80.7074027980501,83.0550537109375,11874500,0.0,0.0
2020-06-08 00:00:00-04:00,82.2416883565556,85.59679165603744,82.17698962796942,85.55057525634766,5426800,0.0,0.0
2020-06-09 00:00:00-04:00,85.32876559930133,85.79090146304357,83.40627871374154,83.43400573730469,4857400,0.0,0.0
2020-06-10 00:00:00-04:00,83.97006952168152,85.72618688985956,83.77597334095697,85.18087005615234,5829100,0.0,0.0
2020-06-11 00:00:00-04:00,85.19011253037117,85.49512385380905,80.35617596301068,81.13256072998047,8168300,0.0,0.0
2020-06-12 00:00:00-04:00,82.49124157987609,83.36005915387851,80.95694731528737,82.27865600585938,5590400,0.0,0.0
2020-06-15 00:00:00-04:00,80.89223945187064,83.50792951754255,80.45783776554481,82.76851654052734,5666000,0.0,0.0
2020-06-16 00:00:00-04:00,83.75748574631014,84.81115469064133,82.38956082558911,82.94412231445312,6143400,0.0,0.0
2020-06-17 00:00:00-04:00,83.5726352923775,84.72797477734721,83.27686866629055,84.01628875732422,4359100,0.0,0.0
2020-06-18 00:00:00-04:00,83.64657053302662,84.42295520622942,82.78699775819102,83.44322967529297,6022900,0.0,0.0
2020-06-19 00:00:00-04:00,84.7279693438421,85.40269066251368,83.74824377993886,83.81294250488281,9473300,0.0,0.0
2020-06-22 00:00:00-04:00,83.48945773444359,83.78522437293022,82.40806162356746,83.49869537353516,5072800,0.0,0.0
2020-06-23 00:00:00-04:00,84.21038010936519,85.31026549242497,83.91461350026074,84.38599395751953,4156900,0.0,0.0
2020-06-24 00:00:00-04:00,83.76673834848077,83.85917115616385,80.24526556605677,80.68891906738281,6141900,0.0,0.0
2020-06-25 00:00:00-04:00,80.63345056482784,83.00882824041915,79.63524261890548,82.83322143554688,5781100,0.0,0.0
2020-06-26 00:00:00-04:00,83.01808387554965,83.13823665805367,81.28045561680618,81.99214172363281,8522500,0.0,0.0
2020-06-29 00:00:00-04:00,82.79625901546629,82.9071671043273,81.41908913128673,82.26942443847656,4669300,0.0,0.0
2020-06-30 00:00:00-04:00,82.02909381518374,84.94055038627435,81.74257191302752,84.50614166259766,5220900,0.0,0.0
2020-07-01 00:00:00-04:00,85.0144894131829,85.0144894131829,83.58186587301282,84.70023345947266,3389600,0.0,0.0
2020-07-02 00:00:00-04:00,85.49513283856564,86.01272273760613,84.96829824800415,85.2455825805664,3845300,0.0,0.0
2020-07-06 00:00:00-04:00,85.73543871523114,86.85380654579603,85.44890971367786,85.92953491210938,5919100,0.0,0.0
2020-07-07 00:00:00-04:00,85.4581527709961,86.32697034657723,85.11616973448095,85.4581527709961,3389200,0.0,0.0
2020-07-08 00:00:00-04:00,85.80937445450381,86.57652159720386,84.57085385927203,85.5690689086914,3815300,0.0,0.0
2020-07-09 00:00:00-04:00,85.71695747352204,87.69489839331065,84.89435620555545,86.57653045654297,4576800,0.0,0.0
2020-07-10 00:00:00-04:00,86.39165392619633,86.69666519838162,85.32874034386161,85.99421691894531,2923200,0.0,0.0
2020-07-13 00:00:00-04:00,86.08665218948349,88.37884875182125,85.76315855510559,86.04043579101562,4297300,0.0,0.0
2020-07-14 00:00:00-04:00,85.95694043107012,88.12813627465378,85.09403044230123,87.97967529296875,4122800,0.36,0.0
2020-07-15 00:00:00-04:00,88.9817666666045,90.1230303901433,88.86114034789877,89.75189208984375,6205000,0.0,0.0
2020-07-16 00:00:00-04:00,90.79108796595685,90.92098778301319,87.48790905393714,89.44569396972656,7582200,0.0,0.0
2020-07-17 00:00:00-04:00,90.80963635364822,92.78597507428763,90.63334073572449,92.09008026123047,8315500,0.0,0.0
2020-07-20 00:00:00-04:00,92.78598717109787,93.44476683053158,91.59832766794926,91.93235778808594,5677900,0.0,0.0
2020-07-21 00:00:00-04:00,91.74678591088362,92.30350752348022,90.70758733592325,91.1065673828125,5063500,0.0,0.0
2020-07-22 00:00:00-04:00,91.03234503602648,93.3148797832783,90.93027986985177,92.96229553222656,4662000,0.0,0.0
2020-07-23 00:00:00-04:00,93.04578405820583,94.62315004099645,92.85093434037458,93.54682922363281,5905800,0.0,0.0
2020-07-24 00:00:00-04:00,92.98083482561512,92.98083482561512,91.264295516949,91.81172943115234,4534400,0.0,0.0
2020-07-27 00:00:00-04:00,91.44059705226286,93.04579073390033,91.31069723105553,92.7767105102539,3717900,0.0,0.0
2020-07-28 00:00:00-04:00,92.91586646859844,93.5189766678301,92.10862601002614,92.65606689453125,4114200,0.0,0.0
2020-07-29 00:00:00-04:00,92.95298020851992,95.46747901563441,92.86946915876688,95.1241683959961,4744200,0.0,0.0
2020-07-30 00:00:00-04:00,93.6952859095884,94.25200037492054,93.0086645593039,94.20560455322266,3176900,0.0,0.0
2020-07-31 00:00:00-04:00,93.9087169937653,94.057178003141,91.96949284211635,93.37983703613281,4604000,0.0,0.0
2020-08-03 00:00:00-04:00,93.78806885309253,94.22416408508529,92.98082829095647,93.41692352294922,3670900,0.0,0.0
2020-08-04 00:00:00-04:00,92.9344573541509,93.41694142046926,92.11793605559866,92.7210464477539,2730600,0.0,0.0
2020-08-05 00:00:00-04:00,92.75815969602071,94.97574439494429,92.67464862001022,94.77161407470703,4415300,0.0,0.0
2020-08-06 00:00:00-04:00,94.19633337220232,94.45614008902268,92.7117589568463,94.40974426269531,3943000,0.0,0.0
2020-08-07 00:00:00-04:00,94.36333423214187,94.92005574823183,93.30557467798396,93.92724609375,3141900,0.0,0.0
2020-08-10 00:00:00-04:00,93.65818018071793,93.9550950643194,92.81382427731455,92.82310485839844,2776300,0.0,0.0
2020-08-11 00:00:00-04:00,93.18497376281132,93.18497376281132,91.55193829145053,91.91380310058594,4823000,0.0,0.0
2020-08-12 00:00:00-04:00,92.368454660335,93.80663323899213,92.15504377138105,93.38909912109375,2668900,0.0,0.0
2020-08-13 00:00:00-04:00,93.10145750059796,93.96436747715703,92.78598853749486,93.80663299560547,2951700,0.0,0.0
2020-08-14 00:00:00-04:00,93.64890109179686,93.91798131544328,92.39629162786366,92.7767105102539,2739900,0.0,0.0
2020-08-17 00:00:00-04:00,93.06434433212384,94.10354281731678,92.9808332658444,93.44476318359375,4657400,0.0,0.0
2020-08-18 00:00:00-04:00,93.7973618024387,94.38191811929671,93.18497789788489,93.67674255371094,3777600,0.0,0.0
2020-08-19 00:00:00-04:00,93.78807588662109,94.2891210580386,93.0921809950427,93.23136138916016,2716800,0.0,0.0
2020-08-20 00:00:00-04:00,92.77671118033619,94.66026568045588,92.55402678223089,94.29840087890625,3548600,0.0,0.0
2020-08-21 00:00:00-04:00,94.29840701190292,95.14276298977367,93.56539677983123,95.01286315917969,3585000,0.0,0.0
2020-08-24 00:00:00-04:00,95.2911928515696,95.78296446212411,93.43547336406867,94.07569885253906,3212700,0.0,0.0
2020-08-25 00:00:00-04:00,94.62315519903987,95.47678460340707,94.19633341784706,95.07780456542969,2626400,0.0,0.0
2020-08-26 00:00:00-04:00,94.6324287463186,95.83864944189888,93.95509498694612,95.74586486816406,2968800,0.0,0.0
2020-08-27 00:00:00-04:00,103.00172076835973,105.7760196525633,101.61920453741807,103.26152038574219,36319000,0.0,0.0
2020-08-28 00:00:00-04:00,105.34921453291958,105.96159838954013,101.51715567117618,102.79759979248047,17204000,0.0,0.0
2020-08-31 00:00:00-04:00,102.71407854804644,103.67905360380422,101.37796523000448,101.57281494140625,6943200,0.0,0.0
2020-09-01 00:00:00-04:00,101.07177592712635,101.20167574261188,97.96344677827851,98.86347198486328,7963100,0.0,0.0
2020-09-02 00:00:00-04:00,98.77067689835609,101.98107816654665,98.24179707399105,101.54498291015625,5843700,0.0,0.0
2020-09-03 00:00:00-04:00,100.85834380419038,101.08103522299476,96.77576689888222,97.91703033447266,6096900,0.0,0.0
2020-09-04 00:00:00-04:00,97.84282230760202,98.39026332232483,95.03140798105152,96.64588928222656,5027700,0.0,0.0
2020-09-08 00:00:00-04:00,95.72729988335831,96.33041020706462,95.040685570328,95.42110443115234,5217700,0.0,0.0
2020-09-09 00:00:00-04:00,96.73865579666092,99.21603953492155,96.61802950323488,98.17683410644531,4365100,0.0,0.0
2020-09-10 00:00:00-04:00,97.98201105414996,97.98201105414996,96.24691744722747,96.4974365234375,4271200,0.0,0.0
2020-09-11 00:00:00-04:00,97.68510265408858,98.07480216704127,96.79435787633518,97.14694213867188,4111000,0.0,0.0
2020-09-14 00:00:00-04:00,97.972721959038,98.96553883284822,97.5366337590114,98.06551361083984,3824100,0.0,0.0
2020-09-15 00:00:00-04:00,99.28100345219717,99.77276803759,98.51087808159652,98.89130401611328,3654900,0.0,0.0
2020-09-16 00:00:00-04:00,99.23460041821568,99.6243069049934,98.03766753421083,98.07477569580078,4242500,0.0,0.0
2020-09-17 00:00:00-04:00,97.38817198426736,99.04904201603132,96.85929213675665,98.96553802490234,4283500,0.0,0.0
2020-09-18 00:00:00-04:00,98.87273177528216,100.19957148860397,98.48303238286799,99.15109252929688,7622400,0.0,0.0
2020-09-21 00:00:00-04:00,98.16757412341883,98.77995793810551,96.92423825395021,98.30674743652344,4559800,0.0,0.0
2020-09-22 00:00:00-04:00,97.85210707645491,97.90777640680584,96.09845238030631,97.2397232055664,4180300,0.0,0.0
2020-09-23 00:00:00-04:00,97.41600419595646,97.41600419595646,94.85511609300005,95.31904602050781,4040100,0.0,0.0
2020-09-24 00:00:00-04:00,95.33760320888166,96.06133278673099,93.22208380316546,93.63961791992188,7604000,0.0,0.0
2020-09-25 00:00:00-04:00,93.30559170872675,96.13556730903308,93.10146139276898,95.98710632324219,5060300,0.0,0.0
2020-09-28 00:00:00-04:00,96.72010159180039,97.65724195275678,96.33040218273239,96.90567779541016,5515500,0.0,0.0
2020-09-29 00:00:00-04:00,98.36242253604011,98.73356788374986,97.35105164050628,97.60157775878906,4464300,0.0,0.0
2020-09-30 00:00:00-04:00,98.34386300612883,101.58209896261512,98.11189804483944,100.97898864746094,9487000,0.0,0.0
2020-10-01 00:00:00-04:00,101.30372607524724,102.37076618550661,100.56143545619516,100.80268096923828,7242100,0.0,0.0
2020-10-02 00:00:00-04:00,99.91194486896947,100.82125059976308,98.65933553819947,98.81707000732422,5590500,0.0,0.0
2020-10-05 00:00:00-04:00,99.4480181852511,100.81197328613354,99.4480181852511,100.72846221923828,3603400,0.0,0.0
2020-10-06 00:00:00-04:00,100.7284598153698,100.92330952813026,98.39953676356002,98.5851058959961,3992600,0.0,0.0
2020-10-07 00:00:00-04:00,99.62431722677123,100.37588145948074,99.21605661689985,99.96762084960938,4162400,0.0,0.0
2020-10-08 00:00:00-04:00,100.33874697867535,101.25732609577223,99.67068686478392,100.70989227294922,4168400,0.0,0.0
2020-10-09 00:00:00-04:00,101.45220387668383,102.03676017771829,100.95116573152521,101.7398452758789,3060700,0.0,0.0
2020-10-12 00:00:00-04:00,102.2965505210179,103.52132526450374,101.84190116749146,103.0388412475586,4201800,0.0,0.0
2020-10-13 00:00:00-04:00,102.52851641896773,102.9831657766216,100.44083169550458,100.55217742919922,4773600,0.0,0.0
2020-10-14 00:00:00-04:00,101.11075462994928,102.2465178504772,99.92844094198172,100.31013488769531,4191600,0.36,0.0
2020-10-15 00:00:00-04:00,99.47226415563263,100.3008112370526,98.96954899905143,99.9098129272461,3518500,0.0,0.0
2020-10-16 00:00:00-04:00,100.26357954062914,102.7585324782419,100.26357954062914,102.0975570678711,4363500,0.0,0.0
2020-10-19 00:00:00-04:00,102.31167309471304,103.3729582927339,100.37529034293337,100.5801010131836,4228500,0.0,0.0
2020-10-20 00:00:00-04:00,100.86869446840728,102.30236206431867,100.64526787371821,100.87800598144531,3873500,0.0,0.0
2020-10-21 00:00:00-04:00,100.55216630311286,101.47380714996632,97.51725962347682,98.61578369140625,5716000,0.0,0.0
2020-10-22 00:00:00-04:00,99.07195786293039,102.45131979658974,98.90438613809931,101.9206771850586,4953800,0.0,0.0
2020-10-23 00:00:00-04:00,102.06962696035133,102.40477041354941,100.14255565576414,100.34736633300781,3573000,0.0,0.0
2020-10-26 00:00:00-04:00,100.14256117451849,101.62277935815061,99.65846899466764,101.47382354736328,7298000,0.0,0.0
2020-10-27 00:00:00-04:00,101.37141005959856,102.17202972175406,100.85007896893113,101.08281707763672,4518000,0.0,0.0
2020-10-28 00:00:00-04:00,99.43503134539684,99.99360851115115,98.10376902520927,99.07196044921875,7104700,0.0,0.0
2020-10-29 00:00:00-04:00,99.03473491777633,99.22092969912615,97.34971298653733,97.7500228881836,4237600,0.0,0.0
2020-10-30 00:00:00-04:00,97.52659264453199,98.26204602279033,96.00913541874911,97.85242462158203,4433200,0.0,0.0
2020-11-02 00:00:00-05:00,99.69568364617146,101.19451749628487,98.78335432159976,100.05876159667969,5907100,0.0,0.0
2020-11-03 00:00:00-05:00,101.23177455579851,103.14954156767084,100.87801515681431,101.99515533447266,3870100,0.0,0.0
2020-11-04 00:00:00-05:00,102.56302856463746,106.34270029912965,102.50717369109537,103.8291244506836,7421200,0.0,0.0
2020-11-05 00:00:00-05:00,105.67240122937784,106.91056243337378,104.93694803453964,105.6910171508789,5139900,0.0,0.0
2020-11-06 00:00:00-05:00,106.01685426048915,107.18985624561734,105.0486629349583,106.51956939697266,5644100,0.0,0.0
2020-11-09 00:00:00-05:00,104.08049005938196,105.39312936225215,98.8578460806648,101.8368911743164,13990700,0.0,0.0
2020-11-10 00:00:00-05:00,101.7065603706064,103.88498580590773,100.91525216810645,103.15884399414062,5243500,0.0,0.0
2020-11-11 00:00:00-05:00,104.210797518511,105.15105418057229,103.77324882299634,104.87177276611328,3994000,0.0,0.0
2020-11-12 00:00:00-05:00,104.64837532639858,105.06730111593002,103.61501746944339,104.22013092041016,2816800,0.0,0.0
2020-11-13 00:00:00-05:00,105.19762347744961,105.28140578601392,103.72671694898084,104.82524108886719,3918900,0.0,0.0
2020-11-16 00:00:00-05:00,104.31322690361661,105.89584325852674,103.88498251795023,105.82136535644531,4144900,0.0,0.0
2020-11-17 00:00:00-05:00,105.40243480130621,106.70576961814243,104.58319212081315,105.25347900390625,3793000,0.0,0.0
2020-11-18 00:00:00-05:00,105.8213591439235,105.858598092778,102.17202738742125,102.19064331054688,4545700,0.0,0.0
2020-11-19 00:00:00-05:00,102.40475628827069,103.5218962431017,101.71585355287833,103.33570861816406,3548100,0.0,0.0
2020-11-20 00:00:00-05:00,103.09369308620022,104.04326875389224,102.46995652371143,103.23333740234375,4075300,0.0,0.0
2020-11-23 00:00:00-05:00,103.73602692784699,103.81980923517233,101.34347952753562,101.72516632080078,4105500,0.0,0.0
2020-11-24 00:00:00-05:00,101.76239514509822,102.02306065653674,99.84463565156986,100.17977905273438,7316300,0.0,0.0
2020-11-25 00:00:00-05:00,99.65846158151234,100.9152459554768,98.3365037182234,99.06265258789062,6224100,0.0,0.0
2020-11-27 00:00:00-05:00,99.30468554869341,100.31011579211608,98.55992792966396,100.18909454345703,1979000,0.0,0.0
2020-11-30 00:00:00-05:00,100.32874777759311,101.05489669361927,99.6956997936294,100.7476806640625,5702300,0.0,0.0
2020-12-01 00:00:00-05:00,101.69723005225354,102.03237345765284,100.60801753600715,100.99901580810547,4265200,0.0,0.0
2020-12-02 00:00:00-05:00,100.83145907682399,101.12936358112249,99.9470570772951,100.68251037597656,3444700,0.0,0.0
2020-12-03 00:00:00-05:00,100.68249389329577,101.13865853712981,99.68637520425267,100.10530090332031,3846300,0.0,0.0
2020-12-04 00:00:00-05:00,99.68637221927068,100.79420060683799,99.54672795622878,100.44975280761719,4686800,0.0,0.0
2020-12-07 00:00:00-05:00,100.28219513615898,100.8221492407081,99.27676482477851,99.77947998046875,6928000,0.0,0.0
2020-12-08 00:00:00-05:00,99.42572021484375,99.83533444541506,98.8764545996685,99.42572021484375,6643500,0.0,0.0
2020-12-09 00:00:00-05:00,99.7049929984396,100.25425856580962,98.23408661424487,98.97885131835938,5742400,0.0,0.0
2020-12-10 00:00:00-05:00,99.38848038214967,99.69568927669495,98.71819351659057,99.16504669189453,4828500,0.0,0.0
2020-12-11 00:00:00-05:00,98.77404917002316,99.93773968122184,98.0479074274517,99.63052368164062,4719000,0.0,0.0
2020-12-14 00:00:00-05:00,100.07738005636706,101.63206881401337,99.3977816992111,99.4164047241211,6250000,0.0,0.0
2020-12-15 00:00:00-05:00,99.55604219022374,100.92454322077296,99.05332709108714,100.03082275390625,5256600,0.0,0.0
2020-12-16 00:00:00-05:00,100.03084162080255,100.73836749776801,99.24884494305424,99.92843627929688,4458700,0.0,0.0
2020-12-17 00:00:00-05:00,100.38460284887971,101.41796062074303,100.17979217660361,101.26900482177734,3924300,0.0,0.0
2020-12-18 00:00:00-05:00,101.33416785905784,102.04169367555411,100.06807202010796,101.44588470458984,10669800,0.0,0.0
2020-12-21 00:00:00-05:00,100.13322150609011,100.71041445669485,98.09444091306436,100.62662506103516,4544000,0.0,0.0
2020-12-22 00:00:00-05:00,100.3846096778919,101.51106134943784,99.5746784467753,100.80353546142578,3426400,0.0,0.0
2020-12-23 00:00:00-05:00,101.35278043057025,102.10684952797392,100.01220683287265,100.03082275390625,3149500,0.0,0.0
2020-12-24 00:00:00-05:00,100.02152750535701,101.42726050672023,99.96566553193509,100.86869049072266,1451500,0.0,0.0
2020-12-28 00:00:00-05:00,101.43657900459979,101.56691178055421,99.85396266652275,100.34736633300781,2034200,0.0,0.0
2020-12-29 00:00:00-05:00,101.00834261213619,101.41796397021673,100.67319915599822,100.85008239746094,2834400,0.0,0.0
2020-12-30 00:00:00-05:00,101.18521459218006,101.58552439231434,100.39389940166603,100.95247650146484,2415800,0.0,0.0
2020-12-31 00:00:00-05:00,100.70110544464578,102.06960641936689,100.40320100204407,101.92996215820312,2982200,0.0,0.0
2021-01-04 00:00:00-05:00,101.9672159575107,102.63750282667283,99.85395711969423,101.57621765136719,6192000,0.0,0.0
2021-01-05 00:00:00-05:00,101.33417378466517,103.25194068079007,100.82215419355988,102.8330078125,4322800,0.0,0.0
2021-01-06 00:00:00-05:00,101.42726378569841,103.363646532853,101.09212034474461,102.61888885498047,5539600,0.0,0.0
2021-01-07 00:00:00-05:00,102.66543762230494,103.91291762991972,101.70655771119267,103.6150131225586,5568800,0.0,0.0
2021-01-08 00:00:00-05:00,103.95945747377394,104.77870016824458,102.72128902152423,103.90360260009766,4242200,0.0,0.0
2021-01-11 00:00:00-05:00,103.53122254633377,104.24805992022159,102.61889311015388,103.186767578125,3177400,0.0,0.0
2021-01-12 00:00:00-05:00,102.88886774124902,103.07506250383635,100.85939099597275,101.32486724853516,5777100,0.0,0.0
2021-01-13 00:00:00-05:00,101.55758449596672,105.10451764106203,100.77558796167955,104.40630340576172,6047100,0.0,0.0
2021-01-14 00:00:00-05:00,103.94830646907585,104.36892704396801,102.58364111949646,102.85470581054688,4391000,0.45,0.0
2021-01-15 00:00:00-05:00,102.81733105004459,104.33155249274736,102.24716164372417,104.0324478149414,4480100,0.0,0.0
2021-01-19 00:00:00-05:00,104.4437001905172,105.74293665277702,103.30336150998016,105.2195053100586,6820300,0.0,0.0
2021-01-20 00:00:00-05:00,105.2942813976533,106.11681736902891,104.68672309629743,105.51860809326172,2952100,0.0,0.0
2021-01-21 00:00:00-05:00,104.92038741789536,106.12615486401178,103.06033087600241,105.57467651367188,5028100,0.0,0.0
2021-01-22 00:00:00-05:00,105.6214339475884,106.09813445152642,104.4437062271841,105.47187805175781,4163900,0.0,0.0
2021-01-25 00:00:00-05:00,105.67750058368888,107.86470893287051,105.6307697205183,107.22911071777344,4689300,0.0,0.0
2021-01-26 00:00:00-05:00,106.78981143366447,107.60300556280464,106.35984893484176,107.23847198486328,4142400,0.0,0.0
2021-01-27 00:00:00-05:00,107.67777782615323,110.0893131674275,106.08878565126452,106.82720184326172,9104900,0.0,0.0
2021-01-28 00:00:00-05:00,110.21082562063783,115.96859194664738,109.500449398893,112.52888488769531,11296300,0.0,0.0
2021-01-29 00:00:00-05:00,112.39801629254504,116.57613912025636,111.89327590417554,115.5199203491211,10995100,0.0,0.0
2021-02-01 00:00:00-05:00,115.1927794504945,116.66961169336138,114.50110132494578,114.53849029541016,8337100,0.0,0.0
2021-02-02 00:00:00-05:00,115.3423285578593,115.64143317278987,112.37932235195078,112.38866424560547,7277000,0.0,0.0
2021-02-03 00:00:00-05:00,111.92131934431667,112.99622906805644,111.13617235869475,112.36997985839844,4991900,0.0,0.0
2021-02-04 00:00:00-05:00,112.00544501952723,112.97753684615164,111.03335319290282,111.92131805419922,4377900,0.0,0.0
2021-02-05 00:00:00-05:00,112.56626914774735,116.20226281352932,112.20173559172828,115.93119812011719,5803400,0.0,0.0
2021-02-08 00:00:00-05:00,116.83785771749106,117.58562285936976,115.6881700598155,116.3705062866211,3456000,0.0,0.0
2021-02-09 00:00:00-05:00,116.6789684677547,117.09958193378345,115.53862975211727,116.97807312011719,3424500,0.0,0.0
2021-02-10 00:00:00-05:00,117.57626864657867,117.9594930947515,116.6135258824572,117.10891723632812,4195400,0.0,0.0
2021-02-11 00:00:00-05:00,117.48280614350737,118.58575581658795,117.0247966022196,118.55770874023438,3697400,0.0,0.0
2021-02-12 00:00:00-05:00,118.15580451241182,120.14671211733751,118.00624861593388,119.8569564819336,3658700,0.0,0.0
2021-02-16 00:00:00-05:00,120.09997891670233,120.10932081108291,118.56705962345205,119.6606674194336,5174000,0.0,0.0
2021-02-17 00:00:00-05:00,119.0530955150785,119.64195569854441,118.13708365402636,118.93157958984375,3161800,0.0,0.0
2021-02-18 00:00:00-05:00,117.27717211522841,118.38947083030418,115.96858665005993,117.2210922241211,5427900,0.0,0.0
2021-02-19 00:00:00-05:00,117.07152887509403,117.20238670014571,114.6599938741989,115.0058364868164,6204200,0.0,0.0
2021-02-22 00:00:00-05:00,114.92171939036952,114.92171939036952,112.65974007032271,114.54784393310547,4842000,0.0,0.0
2021-02-23 00:00:00-05:00,114.26744112387547,115.13671519436103,112.36064615857754,112.91212463378906,5565900,0.0,0.0
2021-02-24 00:00:00-05:00,112.91212126508172,114.88434509593158,112.7812634202003,114.38894653320312,4127400,0.0,0.0
2021-02-25 00:00:00-05:00,113.71595225596535,114.74412396564406,112.88406015799984,113.64117431640625,3468900,0.0,0.0
2021-02-26 00:00:00-05:00,114.21134707839583,114.37024485634959,111.84654993528459,111.95870971679688,5197500,0.0,0.0
2021-03-01 00:00:00-05:00,113.0896952621897,114.92171198333023,112.73451074819464,114.23003387451172,3858600,0.0,0.0
2021-03-02 00:00:00-05:00,114.23004725620132,115.06193231551843,113.27665337999234,114.5291519165039,4908100,0.0,0.0
2021-03-03 00:00:00-05:00,113.74399438091217,113.9309321021766,111.28572127210492,111.39788818359375,5239500,0.0,0.0
2021-03-04 00:00:00-05:00,111.22965055847943,111.98675766264417,107.24781401233413,108.43489074707031,6699600,0.0,0.0
2021-03-05 00:00:00-05:00,109.36022688940898,109.90235622137833,107.30388359525708,109.59390258789062,4859500,0.0,0.0
2021-03-08 00:00:00-05:00,109.36024994960694,110.5566686371206,108.01427536054513,108.07970428466797,3931600,0.0,0.0
2021-03-09 00:00:00-05:00,109.11720769498339,111.54743365608356,108.8835319846619,109.07981872558594,5176100,0.0,0.0
2021-03-10 00:00:00-05:00,109.58455854966303,111.41657525337584,107.78993081515458,108.31336212158203,7640200,0.0,0.0
2021-03-11 00:00:00-05:00,109.07048496260775,110.17343468279628,108.27598178331286,109.84628295898438,4915700,0.0,0.0
2021-03-12 00:00:00-05:00,109.4443568907499,109.61260369454392,108.53770108658908,109.08917236328125,3714000,0.0,0.0
2021-03-15 00:00:00-04:00,109.53783653394031,110.5005793922587,108.9302782149264,110.38841247558594,4651800,0.0,0.0
2021-03-16 00:00:00-04:00,110.71554986687417,111.64091082399416,109.85562495530321,110.50057220458984,3870500,0.0,0.0
2021-03-17 00:00:00-04:00,109.98647390204613,110.50056328115323,109.28544682029077,109.93974304199219,3797200,0.0,0.0
2021-03-18 00:00:00-04:00,109.82758915268181,111.36985034149481,109.64999332227525,110.39775848388672,4253000,0.0,0.0
2021-03-19 00:00:00-04:00,110.65013600540688,113.08971134930017,109.89302887496336,112.39803314208984,11275200,0.0,0.0
2021-03-22 00:00:00-04:00,112.40737096046212,114.23938775953806,112.1736952391838,113.53836059570312,5173100,0.0,0.0
2021-03-23 00:00:00-04:00,113.81877119421743,114.17396286705866,112.04284135488062,112.62235260009766,3788500,0.0,0.0
2021-03-24 00:00:00-04:00,112.16434396352423,112.58495740090068,110.24820023499392,110.31362915039062,6521300,0.0,0.0
2021-03-25 00:00:00-04:00,110.97728541417528,111.6970035545736,109.58457287136123,111.2763900756836,5320100,0.0,0.0
2021-03-26 00:00:00-04:00,111.49136765063771,114.3141745763021,111.17357206801222,114.09918975830078,4857000,0.0,0.0
2021-03-29 00:00:00-04:00,113.09904586693494,114.72542684381791,112.2110810039375,114.24873352050781,4810100,0.0,0.0
2021-03-30 00:00:00-04:00,113.56640175837316,114.4917556278117,111.58482905345802,111.93067169189453,5054400,0.0,0.0
2021-03-31 00:00:00-04:00,112.16435692427419,113.51967338462207,111.93068118068194,112.01480102539062,5792800,0.0,0.0
2021-04-01 00:00:00-04:00,112.426059512883,112.9775379117193,111.02400521473854,111.1735610961914,4015100,0.0,0.0
2021-04-05 00:00:00-04:00,111.83719866766923,112.49148781743068,111.30441832251579,112.03348541259766,6314600,0.0,0.0
2021-04-06 00:00:00-04:00,112.1737033659492,114.04310927161052,111.79047173230417,112.13631439208984,5146400,0.0,0.0
2021-04-07 00:00:00-04:00,111.99608621840268,112.98686887794136,111.79045046690229,112.26715087890625,4313000,0.0,0.0
2021-04-08 00:00:00-04:00,113.1083973958171,113.63182872611986,111.73438302255526,111.95870971679688,3768800,0.0,0.0
2021-04-09 00:00:00-04:00,111.83719851356902,113.03361703217965,111.55678480336228,113.00557708740234,4102500,0.0,0.0
2021-04-12 00:00:00-04:00,112.68776834704812,113.44488247140407,112.61299754206858,113.13642883300781,2915900,0.0,0.0
2021-04-13 00:00:00-04:00,113.14580427289059,115.5666816898798,113.01494641960566,114.97782135009766,4944600,0.0,0.0
2021-04-14 00:00:00-04:00,114.96842762469717,115.23110423498662,113.78637572099386,113.98338317871094,4726500,0.45,0.0
2021-04-15 00:00:00-04:00,114.82770195639033,116.96664817392515,114.35863455228531,116.27243041992188,4510900,0.0,0.0
2021-04-16 00:00:00-04:00,116.69460022968767,116.90099105391764,115.3436836764743,116.65707397460938,6243100,0.0,0.0
2021-04-19 00:00:00-04:00,115.95346963980121,117.660874833681,115.94408628693674,116.82593536376953,6853100,0.0,0.0
2021-04-20 00:00:00-04:00,113.04525458017984,114.4524569193522,111.64743559400763,112.57618713378906,9908200,0.0,0.0
2021-04-21 00:00:00-04:00,112.97957661281968,115.24986115851763,112.44484005193378,115.01532745361328,7040300,0.0,0.0
2021-04-22 00:00:00-04:00,115.21234193222168,117.09799503870751,114.93090576361553,115.85965728759766,6366900,0.0,0.0
2021-04-23 00:00:00-04:00,115.97222313082631,116.43190716519089,115.06223125649215,115.681396484375,5227000,0.0,0.0
2021-04-26 00:00:00-04:00,115.75645367848935,115.76583703066518,114.40553726119389,114.99656677246094,4377500,0.0,0.0
2021-04-27 00:00:00-04:00,114.45244855926059,114.9684255755618,113.51431373500435,114.17100524902344,3384900,0.0,0.0
2021-04-28 00:00:00-04:00,114.00213918226918,114.37739453847453,113.0827710748367,113.93647003173828,3755900,0.0,0.0
2021-04-29 00:00:00-04:00,113.98338861875429,113.99277197168412,112.58556964305753,113.5237045288086,3889200,0.0,0.0
2021-04-30 00:00:00-04:00,113.0452447613673,113.6550338201909,111.96638829689488,112.65122985839844,4773500,0.0,0.0
2021-05-03 00:00:00-04:00,113.09214773643836,113.19534313222476,111.8069005436261,112.13524627685547,4917600,0.0,0.0
2021-05-04 00:00:00-04:00,111.82567171759656,111.91010757629277,109.22704132165043,110.26837158203125,9221800,0.0,0.0
2021-05-05 00:00:00-04:00,110.51228511926531,111.51608909455032,109.9306389517784,111.17835998535156,5632400,0.0,0.0
2021-05-06 00:00:00-04:00,110.74680708822768,111.52545346992497,109.48031948425512,111.44102478027344,4305300,0.0,0.0
2021-05-07 00:00:00-04:00,112.36038033189577,112.97016926661304,111.4128695186542,111.59111022949219,4076600,0.0,0.0
2021-05-10 00:00:00-04:00,111.82567413514037,112.52927529074923,111.40351630473549,111.5817642211914,3923200,0.0,0.0
2021-05-11 00:00:00-04:00,111.50670514972613,111.8819605087753,110.6623823812157,111.06578063964844,5520800,0.0,0.0
2021-05-12 00:00:00-04:00,109.92125543662554,110.32465369660419,109.0581731176854,109.15198516845703,4745500,0.0,0.0
2021-05-13 00:00:00-04:00,109.76177164614211,110.72804934536424,109.45218544423584,110.18392944335938,4519500,0.0,0.0
2021-05-14 00:00:00-04:00,110.69054264158981,111.46919638119775,110.07137728583777,110.9907455444336,3800500,0.0,0.0
2021-05-17 00:00:00-04:00,110.69992003970893,111.0282658286854,109.45219888419689,109.51786804199219,3732400,0.0,0.0
2021-05-18 00:00:00-04:00,109.49909442382334,110.69990581630769,109.49909442382334,109.74301147460938,3398400,0.0,0.0
2021-05-19 00:00:00-04:00,108.9737311225388,109.22702434445614,108.03559641448966,109.18011474609375,3430800,0.0,0.0
2021-05-20 00:00:00-04:00,109.33961481434817,110.67176452489439,109.20827651372534,110.51228332519531,2858200,0.0,0.0
2021-05-21 00:00:00-04:00,110.9156820471634,111.59113310004452,109.74301353136889,109.88372802734375,4629300,0.0,0.0
2021-05-24 00:00:00-04:00,110.73744517370785,110.94383599823178,109.98693438587561,110.03384399414062,3096000,0.0,0.0
2021-05-25 00:00:00-04:00,110.69990943315983,111.86319461296152,110.28712781948153,111.07516479492188,4704500,0.0,0.0
2021-05-26 00:00:00-04:00,110.2496052585912,110.96258975406889,108.8705530308528,109.5272445678711,6692900,0.0,0.0
2021-05-27 00:00:00-04:00,109.76175285484037,110.29648931322181,108.45774627813121,108.53279876708984,10358900,0.0,0.0
2021-05-28 00:00:00-04:00,109.2645613529443,110.53104190206415,109.09569680256828,109.43342590332031,4813000,0.0,0.0
2021-06-01 00:00:00-04:00,103.33554554274357,104.41440195132715,99.15146535999533,99.24527740478516,25124100,0.0,0.0
2021-06-02 00:00:00-04:00,99.24527569372661,101.25288347869727,98.84187746642503,100.28660583496094,19215100,0.0,0.0
2021-06-03 00:00:00-04:00,100.38042691354234,102.88524519444988,99.95826910256717,102.44432067871094,12118000,0.0,0.0
2021-06-04 00:00:00-04:00,102.53813854024686,103.11040135220895,101.70319912424985,102.52875518798828,7197200,0.0,0.0
2021-06-07 00:00:00-04:00,103.17607992870882,104.02039561669491,102.93216284950772,103.19483947753906,7933600,0.0,0.0
2021-06-08 00:00:00-04:00,103.66388794788311,103.66388794788311,101.15906992972383,101.22473907470703,8173900,0.0,0.0
2021-06-09 00:00:00-04:00,101.14030426296337,102.75389716467951,100.9432968259957,102.30359649658203,13780400,0.0,0.0
2021-06-10 00:00:00-04:00,102.30360156484797,103.42936044826345,102.2473086104969,103.3355484008789,8012600,0.0,0.0
2021-06-11 00:00:00-04:00,103.50440457103475,103.50440457103475,102.73513439290882,103.11038970947266,6517500,0.0,0.0
2021-06-14 00:00:00-04:00,103.2698862292702,103.72018695010023,102.84772125141602,103.6451416015625,4888700,0.0,0.0
2021-06-15 00:00:00-04:00,104.07667041137142,104.5082115331546,103.28863350742817,103.57946014404297,5398800,0.0,0.0
2021-06-16 00:00:00-04:00,103.37307599644889,104.23615829545827,103.00720399670794,103.25111389160156,7051500,0.0,0.0
2021-06-17 00:00:00-04:00,102.96030044150432,105.06172051478029,102.94154089364154,104.72399139404297,5967400,0.0,0.0
2021-06-18 00:00:00-04:00,103.19483881460799,104.46131949585248,103.19483881460799,103.50442504882812,8831800,0.0,0.0
2021-06-21 00:00:00-04:00,103.42935558386226,105.23057257557392,102.9415286659654,104.54573822021484,4743300,0.0,0.0
2021-06-22 00:00:00-04:00,104.7521347477744,104.99604464138478,103.66389494895711,104.0954360961914,6519400,0.0,0.0
2021-06-23 00:00:00-04:00,103.75769879195033,104.37687114384464,103.75769879195033,103.98284912109375,4356100,0.0,0.0
2021-06-24 00:00:00-04:00,104.60203348983268,106.46891979647587,104.51760479072956,104.78965759277344,9718600,0.0,0.0
2021-06-25 00:00:00-04:00,104.9585070192354,106.2531374780758,104.6114017630881,105.74654388427734,8750400,0.0,0.0
2021-06-28 00:00:00-04:00,105.99983872093816,109.16135526559292,105.76530504378749,108.54218292236328,9567200,0.0,0.0
2021-06-29 00:00:00-04:00,108.57973415595781,111.48795099038466,108.31705752228591,109.95879364013672,8150200,0.0,0.0
2021-06-30 00:00:00-04:00,109.76177671375595,109.9306412719193,108.12004073726814,108.75797271728516,5844600,0.0,0.0
2021-07-01 00:00:00-04:00,108.45778369566347,110.03385072053543,108.33582872708115,109.91189575195312,4739600,0.0,0.0
2021-07-02 00:00:00-04:00,109.68672081806808,110.93444183940797,109.43342756735277,110.73743438720703,4787000,0.0,0.0
2021-07-06 00:00:00-04:00,110.69992214575919,111.70372623824247,110.47477176580634,111.46919250488281,5040400,0.0,0.0
2021-07-07 00:00:00-04:00,111.71308868580687,112.55741139937649,111.4035024979313,112.45421600341797,4068700,0.0,0.0
2021-07-08 00:00:00-04:00,111.50669505334633,112.0414315654184,110.66237236128515,111.88195037841797,3908900,0.0,0.0
2021-07-09 00:00:00-04:00,112.24783143449835,112.8013275367796,111.86319272689227,112.33226013183594,4353600,0.0,0.0
2021-07-12 00:00:00-04:00,111.45980072021484,112.28536397992895,111.11269540183595,111.45980072021484,3905200,0.0,0.0
2021-07-13 00:00:00-04:00,111.23465513160603,111.88197050486517,110.80311393523371,111.30970764160156,3877100,0.0,0.0
2021-07-14 00:00:00-04:00,111.23434694493434,111.40385436053332,110.04779503574153,110.3397216796875,4660300,0.45,0.0
2021-07-15 00:00:00-04:00,109.89712085234032,110.33031206698251,109.49218686142167,109.85945892333984,5761200,0.0,0.0
2021-07-16 00:00:00-04:00,110.21730138881394,110.94241204682287,109.64285999619122,110.65990447998047,3977600,0.0,0.0
2021-07-19 00:00:00-04:00,110.16080174478174,112.37381002465241,110.11371355779887,111.86528778076172,6739700,0.0,0.0
2021-07-20 00:00:00-04:00,111.62986561824376,113.00475595352039,111.21551254732654,111.80879211425781,4678400,0.0,0.0
2021-07-21 00:00:00-04:00,112.2702427630615,112.33616192637963,110.39624896188897,112.04423522949219,4285300,0.0,0.0
2021-07-22 00:00:00-04:00,111.12134679427358,111.82762654084735,109.10609582548835,111.35677337646484,6958000,0.0,0.0
2021-07-23 00:00:00-04:00,112.65633101586725,114.04064053618306,112.31731614621239,113.75813293457031,4736100,0.0,0.0
2021-07-26 00:00:00-04:00,113.23077173927362,113.4661983314039,111.47919731905245,112.55274200439453,4954800,0.0,0.0
2021-07-27 00:00:00-04:00,112.62807870909398,114.16306466711922,112.62807870909398,112.82583618164062,5630800,0.0,0.0
2021-07-28 00:00:00-04:00,112.82584274089075,114.01239482980137,112.32673949287867,113.49445343017578,3796100,0.0,0.0
2021-07-29 00:00:00-04:00,114.02179996302121,114.32314569014125,113.40027035947115,114.03121185302734,3925500,0.0,0.0
2021-07-30 00:00:00-04:00,113.9464661582632,114.34198109333974,113.38144379606115,113.9276351928711,4688800,0.0,0.0
2021-08-02 00:00:00-04:00,114.41732331282297,114.68099994539915,113.17427119878569,113.87113189697266,3646100,0.0,0.0
2021-08-03 00:00:00-04:00,114.30432226429151,115.40612423208452,114.01239557422359,115.00119018554688,3696200,0.0,0.0
2021-08-04 00:00:00-04:00,114.30431171847479,115.50028278065969,113.95588497464306,114.48323822021484,3513400,0.0,0.0
2021-08-05 00:00:00-04:00,115.22719489597029,115.22719489597029,113.78638526330245,115.0859375,3258100,0.0,0.0
2021-08-06 00:00:00-04:00,114.88817519393226,115.08593266612455,114.1536453873182,115.04826354980469,3550300,0.0,0.0
2021-08-09 00:00:00-04:00,115.25544237239939,116.07472950306828,114.91642750347772,115.98056030273438,4271200,0.0,0.0
2021-08-10 00:00:00-04:00,116.15946616002981,116.35722361319715,114.98233333071323,115.54735565185547,4356900,0.0,0.0
2021-08-11 00:00:00-04:00,115.67922155663638,116.2065820755668,114.27608090098377,114.37966918945312,3683100,0.0,0.0
2021-08-12 00:00:00-04:00,114.11599148373175,116.06532360909071,113.94648403002009,115.65097045898438,3023600,0.0,0.0
2021-08-13 00:00:00-04:00,115.56622155758585,116.04649387900194,115.20836849334823,115.88639831542969,3476600,0.0,0.0
2021-08-16 00:00:00-04:00,116.47967105142433,117.43078937625197,116.14065616061353,117.39312744140625,4601900,0.0,0.0
2021-08-17 00:00:00-04:00,117.3742806997357,119.01284776230894,117.12002314255945,118.36307525634766,4609700,0.0,0.0
2021-08-18 00:00:00-04:00,118.47607089963674,118.73033563175701,116.63974643276423,116.7056655883789,3585200,0.0,0.0
2021-08-19 00:00:00-04:00,116.5079216577107,119.02227612282896,116.37608333116405,118.3913345336914,4283800,0.0,0.0
2021-08-20 00:00:00-04:00,118.57024874103486,119.57787423764438,117.82629987013263,118.95634460449219,5485800,0.0,0.0
2021-08-23 00:00:00-04:00,119.28595155594788,119.87923120399012,118.45725248546572,118.50433349609375,3906700,0.0,0.0
2021-08-24 00:00:00-04:00,118.2783198968755,118.57025376025149,117.56262103633851,118.18415069580078,3945700,0.0,0.0
2021-08-25 00:00:00-04:00,118.50432804018703,118.57025438440083,116.93168010154737,117.46845245361328,4379000,0.0,0.0
2021-08-26 00:00:00-04:00,117.42135406701284,118.90924447477947,117.38368495502972,118.1558837890625,3991900,0.0,0.0
2021-08-27 00:00:00-04:00,118.35366559828736,118.89985705748816,117.05411329831128,117.32720184326172,4094300,0.0,0.0
2021-08-30 00:00:00-04:00,117.2706936760135,118.83392970643618,117.11060531665198,118.59850311279297,3151800,0.0,0.0
2021-08-31 00:00:00-04:00,119.0316756370976,119.79445542742563,118.57024157001696,119.00342559814453,6190300,0.0,0.0
2021-09-01 00:00:00-04:00,118.39132173963262,120.02988875296072,118.1464760805126,119.973388671875,3484200,0.0,0.0
2021-09-02 00:00:00-04:00,120.06756057468239,121.3388699049573,119.91688410885895,120.9998550415039,3402700,0.0,0.0
2021-09-03 00:00:00-04:00,121.48012221468527,121.8567990164686,120.67966604927203,121.42362213134766,2463300,0.0,0.0
2021-09-07 00:00:00-04:00,120.65141305730955,120.99985417820255,119.64379473406406,120.90567779541016,2765500,0.0,0.0
2021-09-08 00:00:00-04:00,121.06576791153692,121.96981234387748,120.53841464654609,121.53662109375,3121200,0.0,0.0
2021-09-09 00:00:00-04:00,121.62136450294855,121.62136450294855,119.90746648635621,120.51957702636719,4546900,0.0,0.0
2021-09-10 00:00:00-04:00,120.53841820619907,121.89447771010668,120.53841820619907,121.29178619384766,4127400,0.0,0.0
2021-09-13 00:00:00-04:00,122.11106115178748,122.1393111928527,117.53436769833996,119.23886108398438,5811000,0.0,0.0
2021-09-14 00:00:00-04:00,119.9263064322214,120.52899794253977,119.323614921903,119.643798828125,4197400,0.0,0.0
2021-09-15 00:00:00-04:00,119.48369455989099,120.70790845756845,118.91867220829764,120.05813598632812,4803200,0.0,0.0
2021-09-16 00:00:00-04:00,120.41600430548237,120.51017351195507,118.93752549144628,120.01107025146484,3317100,0.0,0.0
2021-09-17 00:00:00-04:00,119.38953722304886,120.350081782342,119.08819145995977,119.39895629882812,10045200,0.0,0.0
2021-09-20 00:00:00-04:00,118.27831532572388,119.19177162860991,116.59266010842943,117.59087371826172,5262200,0.0,0.0
2021-09-21 00:00:00-04:00,118.25006935210455,119.38953320495644,117.80746620582129,117.8357162475586,4918600,0.0,0.0
2021-09-22 00:00:00-04:00,118.18416183007537,118.41016937087704,116.94110957869086,117.38371276855469,6553400,0.0,0.0
2021-09-23 00:00:00-04:00,118.10881926573707,118.56084151544759,117.53437776604136,117.99581909179688,4161500,0.0,0.0
2021-09-24 00:00:00-04:00,117.53436390202663,118.16531259891745,117.02584162532982,117.1200180053711,3045700,0.0,0.0
2021-09-27 00:00:00-04:00,116.14063365747562,116.3007219958263,113.42851505648292,113.55094146728516,6481200,0.0,0.0
2021-09-28 00:00:00-04:00,112.62808248435535,112.7787589549554,111.09310365952739,111.8182144165039,5855200,0.0,0.0
2021-09-29 00:00:00-04:00,111.9877240167671,113.06126874425576,111.8464666190134,112.49624633789062,4511300,0.0,0.0
2021-09-30 00:00:00-04:00,112.87292190572123,113.63570173810412,111.21551674415737,111.24376678466797,4786200,0.0,0.0
2021-10-01 00:00:00-04:00,111.30969825188092,111.52629389416683,108.39040972696829,110.37741088867188,8173200,0.0,0.0
2021-10-04 00:00:00-04:00,109.81238614904159,110.71642344957377,108.164399914971,108.79534149169922,5903500,0.0,0.0
2021-10-05 00:00:00-04:00,109.3415193167935,110.13254916196357,108.79532793723382,109.12492370605469,4238400,0.0,0.0
2021-10-06 00:00:00-04:00,109.00251064653897,109.77470957064467,107.731208503574,109.69937133789062,5498900,0.0,0.0
2021-10-07 00:00:00-04:00,110.69758334776083,111.78995896818496,110.60340696586545,111.0365982055664,4505800,0.0,0.0
2021-10-08 00:00:00-04:00,111.20610215755231,112.37382323321538,110.95184459804551,111.48861694335938,7193200,0.0,0.0
2021-10-11 00:00:00-04:00,111.26261392693056,112.00656285398146,110.03839271843671,110.06664276123047,3873200,0.0,0.0
2021-10-12 00:00:00-04:00,111.02717895047947,111.41327481395768,109.62403851523307,110.48098754882812,4599200,0.0,0.0
2021-10-13 00:00:00-04:00,110.65048723139314,111.33793597288467,109.65228087971241,110.17963409423828,3935100,0.0,0.0
2021-10-14 00:00:00-04:00,110.28364023605705,111.24788624406963,110.26472935042348,111.1438980102539,4977400,0.45,0.0
2021-10-15 00:00:00-04:00,111.62601587713996,111.8623514423207,110.72793640201971,111.0682601928711,6012400,0.0,0.0
2021-10-18 00:00:00-04:00,110.8792104564234,111.06827605060613,109.94332350415567,110.43489837646484,5275800,0.0,0.0
2021-10-19 00:00:00-04:00,110.66177450097665,113.61124526456408,110.66177450097665,112.81715393066406,5880000,0.0,0.0
2021-10-20 00:00:00-04:00,116.77814402081988,117.97873289236577,115.51138868300806,116.5701675415039,8401900,0.0,0.0
2021-10-21 00:00:00-04:00,116.75922936712304,118.73499131005508,116.36218012013337,118.21505737304688,4984000,0.0,0.0
2021-10-22 00:00:00-04:00,118.64991414777386,119.90721392594398,118.05434388256705,119.79377746582031,5742300,0.0,0.0
2021-10-25 00:00:00-04:00,119.57635342520494,119.91667725273042,118.54593371192324,119.66143798828125,4426900,0.0,0.0
2021-10-26 00:00:00-04:00,120.05847517151103,121.74118335457823,119.8599541489189,121.12671661376953,3994000,0.0,0.0
2021-10-27 00:00:00-04:00,121.9491601303646,122.32729129108974,120.40825473447994,120.72966766357422,4128600,0.0,0.0
2021-10-28 00:00:00-04:00,121.03217691958807,121.89244189873375,120.09629003573109,120.72966766357422,3645300,0.0,0.0
2021-10-29 00:00:00-04:00,120.30427124019833,121.95861316450717,119.89777373525678,121.84517669677734,4692200,0.0,0.0
2021-11-01 00:00:00-04:00,121.60884282717429,122.4501969658991,121.27796722523917,121.89244842529297,3494700,0.0,0.0
2021-11-02 00:00:00-04:00,122.26112482911346,122.45019040947602,120.33262561737908,120.72966766357422,8069600,0.0,0.0
2021-11-03 00:00:00-04:00,120.41771379587797,121.70338726506456,120.03012715755611,121.66556549072266,5110600,0.0,0.0
2021-11-04 00:00:00-04:00,121.90190099152585,122.41239397125089,121.18344595221627,122.03424835205078,4675900,0.0,0.0
2021-11-05 00:00:00-04:00,120.13410431157611,120.3609844499552,117.15627454734104,117.57222747802734,7989800,0.0,0.0
2021-11-08 00:00:00-05:00,117.22245376484737,120.27591279039939,117.04283640675905,119.86941528320312,4930000,0.0,0.0
2021-11-09 00:00:00-05:00,119.774862040727,120.5311387373681,119.34946090660958,119.51962280273438,5130300,0.0,0.0
2021-11-10 00:00:00-05:00,119.2927584419664,121.10781409887838,119.16041108442428,120.83366394042969,5358900,0.0,0.0
2021-11-11 00:00:00-05:00,120.97545504270117,121.91134911074718,120.28535199163194,120.29480743408203,5054800,0.0,0.0
2021-11-12 00:00:00-05:00,120.94710270082064,121.8073677022198,120.1719222614583,121.4292221069336,6462200,0.0,0.0
2021-11-15 00:00:00-05:00,121.73173468076448,123.08356727553024,121.24960086532793,122.3651123046875,4565800,0.0,0.0
2021-11-16 00:00:00-05:00,122.55418476466218,124.40706216424691,122.55418476466218,123.7358627319336,4141300,0.0,0.0
2021-11-17 00:00:00-05:00,123.47114863600947,123.55622597434852,121.51428330554576,121.58991241455078,4759900,0.0,0.0
2021-11-18 00:00:00-05:00,122.2422256599467,122.35566213408073,120.50279907424917,120.66350555419922,4466100,0.0,0.0
2021-11-19 00:00:00-05:00,121.39140560683892,121.50484206448186,119.54798383385956,119.90721130371094,6867700,0.0,0.0
2021-11-22 00:00:00-05:00,119.85049901111006,119.86940989658002,117.86528156774878,118.41358184814453,4205400,0.0,0.0
2021-11-23 00:00:00-05:00,117.70457524133694,118.06380272940251,116.4850827731178,117.67621612548828,4873700,0.0,0.0
2021-11-24 00:00:00-05:00,117.28861312958848,118.43247639109369,117.2224394603242,118.23395538330078,3729500,0.0,0.0
2021-11-26 00:00:00-05:00,120.82419813868347,122.65816452509655,118.58374148351847,118.99968719482422,4671400,0.0,0.0
2021-11-29 00:00:00-05:00,119.44401286750838,121.89245347638317,118.50812589475852,121.03218841552734,5648200,0.0,0.0
2021-11-30 00:00:00-05:00,121.19287286061196,121.75062132292334,118.48919346433594,118.89569091796875,7269900,0.0,0.0
2021-12-01 00:00:00-05:00,119.56690690998283,121.45758444990994,118.28124070141604,119.81269073486328,4816700,0.0,0.0
2021-12-02 00:00:00-05:00,119.38727565216317,122.75269902392935,119.38727565216317,121.36304473876953,5090800,0.0,0.0
2021-12-03 00:00:00-05:00,121.83572449001242,123.3293671070897,121.03217773707023,123.14974975585938,5254500,0.0,0.0
2021-12-06 00:00:00-05:00,123.61295808300912,125.99522479750054,123.4711625031855,125.22949981689453,6601600,0.0,0.0
2021-12-07 00:00:00-05:00,126.6758861234782,126.75151524915248,124.5961356541683,125.18224334716797,5143600,0.0,0.0
2021-12-08 00:00:00-05:00,125.54146870628159,126.15593547239277,123.95328603536733,125.13496398925781,5389400,0.0,0.0
2021-12-09 00:00:00-05:00,125.25787287550749,125.83453233894446,124.29361955103664,125.2862319946289,2663300,0.0,0.0
2021-12-10 00:00:00-05:00,126.12756250424977,127.14853387526243,125.60762137668155,127.025634765625,4371800,0.0,0.0
2021-12-13 00:00:00-05:00,127.14854143110061,129.51189721978278,127.14854143110061,128.52874755859375,5094800,0.0,0.0
2021-12-14 00:00:00-05:00,128.5003694272334,128.56655031084588,124.7851811840563,125.6738052368164,8193300,0.0,0.0
2021-12-15 00:00:00-05:00,126.24099366660523,128.2545772104116,125.6359752230134,128.1505889892578,6422300,0.0,0.0
2021-12-16 00:00:00-05:00,128.0371750647299,129.14322392534973,127.24309092245619,128.65164184570312,6984100,0.0,0.0
2021-12-17 00:00:00-05:00,130.0223960971734,131.6578489450506,129.4079292657434,129.61590576171875,12146000,0.0,0.0
2021-12-20 00:00:00-05:00,128.75562903614235,130.2776308421568,126.8838551660956,127.60231018066406,6501200,0.0,0.0
2021-12-21 00:00:00-05:00,128.58544859737518,129.68203457387548,126.10864225314148,127.8764419555664,7153800,0.0,0.0
2021-12-22 00:00:00-05:00,128.45309748419322,131.42147129347202,128.36800572685206,131.3931121826172,6768900,0.0,0.0
2021-12-23 00:00:00-05:00,132.01702617310687,132.5653263539687,131.1378648928678,131.55381774902344,3491800,0.0,0.0
2021-12-27 00:00:00-05:00,132.17777329012034,134.80582384904108,131.80907592865148,133.72813415527344,3801700,0.0,0.0
2021-12-28 00:00:00-05:00,133.84155149687194,133.96445059980144,132.47080818066513,132.79222106933594,3296000,0.0,0.0
2021-12-29 00:00:00-05:00,132.7922223230957,133.91718186884214,131.71453277313591,133.47286987304688,2848900,0.0,0.0
2021-12-30 00:00:00-05:00,133.68086775871825,134.00228070198222,132.90568009284425,133.29327392578125,2809100,0.0,0.0
2021-12-31 00:00:00-05:00,133.2932538786368,134.02117143166353,133.02855920931393,133.04747009277344,3271800,0.0,0.0
2022-01-03 00:00:00-05:00,131.80905152076195,132.18719704271444,129.71040517922683,131.44036865234375,6688100,0.0,0.0
2022-01-04 00:00:00-05:00,131.87527499704143,132.01707059809343,127.39434648164,128.34915161132812,8241200,0.0,0.0
2022-01-05 00:00:00-05:00,127.7629982832187,129.54024631475903,127.6873835976355,127.7724609375,5948200,0.0,0.0
2022-01-06 00:00:00-05:00,127.62119271249988,128.76506308297294,126.5624140999988,127.7535400390625,5710200,0.0,0.0
2022-01-07 00:00:00-05:00,127.50776320378166,128.7366965495187,127.03509209395125,128.1505889892578,4367500,0.0,0.0
2022-01-10 00:00:00-05:00,127.42268472160622,128.0938841144222,126.60024152071229,127.86699676513672,5975600,0.0,0.0
2022-01-11 00:00:00-05:00,127.83864690866389,128.53820546771075,126.71368716057746,128.282958984375,5709400,0.0,0.0
2022-01-12 00:00:00-05:00,127.51722739333202,128.28295237913233,125.28621889870453,126.41117858886719,8416000,0.0,0.0
2022-01-13 00:00:00-05:00,125.59531301117094,126.0127330928151,122.78722349189276,122.99593353271484,7174500,0.47,0.0
2022-01-14 00:00:00-05:00,123.79283899723843,123.88769799042839,120.50092215444518,121.5824203491211,9256900,0.0,0.0
2022-01-18 00:00:00-05:00,120.86142385435687,121.36422139234496,119.10637324970484,120.07402038574219,5850100,0.0,0.0
2022-01-19 00:00:00-05:00,120.24477454579834,121.0321779623488,119.37199369840286,119.58070373535156,3996400,0.0,0.0
2022-01-20 00:00:00-05:00,119.76094533242058,121.3452409321055,118.21460490734196,118.3094711303711,8652600,0.0,0.0
2022-01-21 00:00:00-05:00,120.30169315567359,120.5673214805647,118.45177643744687,119.37199401855469,10132700,0.0,0.0
2022-01-24 00:00:00-05:00,117.64540745632793,118.1102570438037,114.48631209711343,117.46515655517578,10864500,0.0,0.0
2022-01-25 00:00:00-05:00,116.76313859859226,118.22410169305581,115.34960499993511,116.9433822631836,9126600,0.0,0.0
2022-01-26 00:00:00-05:00,113.07279031113528,115.43499352078449,112.89253940270615,113.90762329101562,14753100,0.0,0.0
2022-01-27 00:00:00-05:00,114.77091515319073,116.84851229140341,113.59455078472945,114.25862884521484,9179500,0.0,0.0
2022-01-28 00:00:00-05:00,114.57167749034535,119.08738043614701,113.47121632412477,118.91661834716797,8286500,0.0,0.0
2022-01-31 00:00:00-05:00,119.07789979131593,121.39267332524582,118.70791644618176,120.9183349609375,7210000,0.0,0.0
2022-02-01 00:00:00-05:00,120.83296481948183,121.1080819559182,119.76095541925913,120.67168426513672,5602000,0.0,0.0
2022-02-02 00:00:00-05:00,121.66778844410682,124.02999867074969,121.29780510505748,123.36591339111328,7450500,0.0,0.0
2022-02-03 00:00:00-05:00,122.02828979342229,124.21973067658936,121.67726956740755,123.43232727050781,5613300,0.0,0.0
2022-02-04 00:00:00-05:00,122.91056150147377,123.8212975810514,121.99983989755503,123.05287170410156,4149700,0.0,0.0
2022-02-07 00:00:00-05:00,123.20464197817553,123.28053785346063,121.1270448665063,121.47805786132812,4035200,0.0,0.0
2022-02-08 00:00:00-05:00,120.98474315610595,122.32238082992646,120.63373739549733,122.04725646972656,3890900,0.0,0.0
2022-02-09 00:00:00-05:00,122.87262898224934,124.07743815257776,122.77775550751268,123.7928466796875,3434200,0.0,0.0
2022-02-10 00:00:00-05:00,121.97136729513525,123.25207212353264,120.64321126210498,121.20293426513672,5917700,0.0,0.0
2022-02-11 00:00:00-05:00,121.22190901401761,122.30339988589253,118.72689186887264,119.0494384765625,4803200,0.0,0.0
2022-02-14 00:00:00-05:00,118.58458667173718,119.12533209744716,115.71958624239268,116.47852325439453,7433900,0.0,0.0
2022-02-15 00:00:00-05:00,117.81614931812777,118.98301748341969,117.07618272787865,117.61692810058594,5298000,0.0,0.0
2022-02-16 00:00:00-05:00,117.1141452118463,117.74027535875133,115.32114668255198,117.33234405517578,5078100,0.0,0.0
2022-02-17 00:00:00-05:00,116.67774070906411,116.85799159106708,114.28707870390582,114.39143371582031,3688300,0.0,0.0
2022-02-18 00:00:00-05:00,113.84121883741199,114.13530633663643,108.94604295324498,110.79596710205078,12376100,0.0,0.0
2022-02-22 00:00:00-05:00,110.55879389198394,113.20560300263271,110.14137378859246,111.47901153564453,8372800,0.0,0.0
2022-02-23 00:00:00-05:00,111.94385312208489,112.7407380938808,110.98568760690543,111.23234558105469,5184200,0.0,0.0
2022-02-24 00:00:00-05:00,109.09783599475298,112.81664744984279,108.5570904884661,112.62691497802734,6252600,0.0,0.0
2022-02-25 00:00:00-05:00,112.62689837980876,116.62082639691278,112.41818834887216,116.12751770019531,5837700,0.0,0.0
2022-02-28 00:00:00-05:00,114.8373288942444,114.84681045095418,113.03484153673786,114.42939758300781,6828400,0.0,0.0
2022-03-01 00:00:00-05:00,114.13530854896074,114.94168965495325,111.355685112289,112.10514068603516,6697700,0.0,0.0
2022-03-02 00:00:00-05:00,112.532036147317,114.83732088722915,112.19051194600935,114.18273162841797,6419800,0.0,0.0
2022-03-03 00:00:00-05:00,114.60016313953489,115.80497952037317,114.30606840261392,114.76143646240234,5223100,0.0,0.0
2022-03-04 00:00:00-05:00,113.77480348494807,115.51088368319316,112.90202260767038,115.17884826660156,5911400,0.0,0.0
2022-03-07 00:00:00-05:00,114.35348161449211,114.6855169867463,111.2418234325187,112.75970458984375,6632000,0.0,0.0
2022-03-08 00:00:00-05:00,111.85847703213932,112.9115015466837,109.77138387740253,110.1508560180664,6694000,0.0,0.0
2022-03-09 00:00:00-05:00,111.84898558262675,113.08226096321677,110.4639184542435,112.31383514404297,5004700,0.0,0.0
2022-03-10 00:00:00-05:00,111.16594796595173,111.76361174569027,109.79036949795987,110.99518585205078,4377600,0.0,0.0
2022-03-11 00:00:00-05:00,111.41260136825913,112.00077632913707,108.03530717009049,108.16812133789062,8012400,0.0,0.0
2022-03-14 00:00:00-04:00,109.00295817485663,111.19439911410417,108.69938190951572,109.59113311767578,5527500,0.0,0.0
2022-03-15 00:00:00-04:00,111.46952424543971,111.74464138658503,110.25521909681872,111.45055389404297,5041200,0.0,0.0
2022-03-16 00:00:00-04:00,112.14307687433727,113.40481867907573,110.95723094608589,113.347900390625,4441800,0.0,0.0
2022-03-17 00:00:00-04:00,112.89253588364947,115.01756982663183,112.63639633981889,114.97962188720703,3998900,0.0,0.0
2022-03-18 00:00:00-04:00,115.49190667787116,116.37417635374173,114.48631162888098,116.16546630859375,7823800,0.0,0.0
2022-03-21 00:00:00-04:00,115.67214518196381,116.78209513457715,114.9416673400588,115.51087188720703,4135100,0.0,0.0
2022-03-22 00:00:00-04:00,115.63420104980469,116.24135355177314,115.0365373413188,115.63420104980469,4479600,0.0,0.0
2022-03-23 00:00:00-04:00,114.8942388017193,115.01756417041304,110.7485189057601,110.91928100585938,5656000,0.0,0.0
2022-03-24 00:00:00-04:00,111.35567409195578,111.83001246602961,110.62519618052691,111.7730941772461,4505800,0.0,0.0
2022-03-25 00:00:00-04:00,112.56049410057733,113.18661697113288,111.69719481256152,112.8450927734375,2896300,0.0,0.0
2022-03-28 00:00:00-04:00,113.25303265294308,113.84121486871675,112.61742094033849,113.83172607421875,5350900,0.0,0.0
2022-03-29 00:00:00-04:00,115.5772985193143,115.8049789291312,113.18662888383274,114.02146911621094,5126100,0.0,0.0
2022-03-30 00:00:00-04:00,113.71787080139184,114.54321484132923,113.33839869996524,114.20169067382812,4064800,0.0,0.0
2022-03-31 00:00:00-04:00,114.04042799225579,114.30605631661744,112.03871952789315,112.2853775024414,5432600,0.0,0.0
2022-04-01 00:00:00-04:00,112.74074560137775,112.8640782155797,111.24184178254428,112.49409484863281,4314000,0.0,0.0
2022-04-04 00:00:00-04:00,111.82052824190566,112.87355998625208,111.53592232911997,112.7786865234375,4037200,0.0,0.0
2022-04-05 00:00:00-04:00,112.19051360659898,114.9701367519334,112.07666979186835,113.347900390625,6113400,0.0,0.0
2022-04-06 00:00:00-04:00,112.89252807876659,114.0214556756595,111.71617098924379,113.78428649902344,5485100,0.0,0.0
2022-04-07 00:00:00-04:00,113.46173097101534,117.83513110229632,113.167643512457,117.03824615478516,5863500,0.0,0.0
2022-04-08 00:00:00-04:00,117.08567362744833,117.97743201908952,115.84290949785968,116.92440032958984,5093900,0.0,0.0
2022-04-11 00:00:00-04:00,117.14260051042875,117.16157085952655,113.63249242538133,113.879150390625,4071100,0.0,0.0
2022-04-12 00:00:00-04:00,113.64198398591822,114.41989859878632,111.67822348527382,112.31383514404297,4432300,0.0,0.0
2022-04-13 00:00:00-04:00,111.9709502666108,114.11398057736176,111.67569063802182,113.79967498779297,4407900,0.47,0.0
2022-04-14 00:00:00-04:00,114.34257355943944,114.53306223236507,111.97094816145616,112.09477233886719,3140000,0.0,0.0
2022-04-18 00:00:00-04:00,111.45662752323977,112.70435239488266,110.0469938087264,110.76133728027344,4115900,0.0,0.0
2022-04-19 00:00:00-04:00,111.13278782449875,114.51401626892329,111.10421525022832,114.2759017944336,5120900,0.0,0.0
2022-04-20 00:00:00-04:00,113.79967731568698,118.15240978967384,111.91380740631068,116.80944061279297,8334200,0.0,0.0
2022-04-21 00:00:00-04:00,117.32376090368524,118.43813486935345,116.81895939445145,117.50473022460938,7321100,0.0,0.0
2022-04-22 00:00:00-04:00,117.17136181001423,117.32375855440971,113.87585851256789,113.95205688476562,6710100,0.0,0.0
2022-04-25 00:00:00-04:00,113.49488612050651,114.59020688510526,112.23763472459974,114.30447387695312,4503500,0.0,0.0
2022-04-26 00:00:00-04:00,112.97102688457977,113.95205731361828,111.40899658203125,111.40899658203125,3366300,0.0,0.0
2022-04-27 00:00:00-04:00,111.71379153781106,112.94246314012945,110.60893685045102,111.17089080810547,4178700,0.0,0.0
2022-04-28 00:00:00-04:00,111.96141405887839,113.09483386676132,111.27564330004185,112.39954376220703,4960000,0.0,0.0
2022-04-29 00:00:00-04:00,111.49473697926011,112.17098132258646,107.75157655304655,108.10398864746094,6815900,0.0,0.0
2022-05-02 00:00:00-04:00,108.103988348252,108.5992633354166,105.03707227385334,107.4658432006836,4905000,0.0,0.0
2022-05-03 00:00:00-04:00,107.67535769251582,108.90402186549865,106.50383139578335,107.08483123779297,4491500,0.0,0.0
2022-05-04 00:00:00-04:00,107.15150167853278,110.79941676856869,105.84663188653298,110.1993637084961,5347400,0.0,0.0
2022-05-05 00:00:00-04:00,109.39931370765285,109.53265723077355,106.37049733008264,107.63726806640625,5703300,0.0,0.0
2022-05-06 00:00:00-04:00,107.19914366706752,108.26589190534686,105.69425838329217,106.93244934082031,4966800,0.0,0.0
2022-05-09 00:00:00-04:00,105.42756835451779,105.91331665647792,101.85585119299074,102.28445434570312,6478200,0.0,0.0
2022-05-10 00:00:00-04:00,103.73218575284645,104.4179492864351,101.16054525185187,101.67487335205078,6248300,0.0,0.0
2022-05-11 00:00:00-04:00,101.58916609272548,102.88450218951643,100.63670816468571,100.80814361572266,6636100,0.0,0.0
2022-05-12 00:00:00-04:00,100.48430384761166,102.88449444834006,99.65566289656137,102.83687591552734,8516100,0.0,0.0
2022-05-13 00:00:00-04:00,103.20834167054763,105.25612766930398,103.20834167054763,104.65607452392578,6159300,0.0,0.0
2022-05-16 00:00:00-04:00,104.19888865074387,105.26563677576644,102.68447691371847,104.49414825439453,7459000,0.0,0.0
2022-05-17 00:00:00-04:00,106.28478048003524,109.94222283239048,106.28478048003524,109.09453582763672,9172000,0.0,0.0
2022-05-18 00:00:00-04:00,108.02777574240764,109.24692071959649,106.89435575684968,107.3801040649414,6933900,0.0,0.0
2022-05-19 00:00:00-04:00,106.70384915463964,107.63726102207427,105.2656358017596,107.0943603515625,6304800,0.0,0.0
2022-05-20 00:00:00-04:00,108.00872762402541,108.31351386223506,105.55138449095429,107.85633087158203,4509600,0.0,0.0
2022-05-23 00:00:00-04:00,108.43733288274737,109.87554637852799,107.5705999530679,109.56123352050781,4357000,0.0,0.0
2022-05-24 00:00:00-04:00,109.68506062128809,109.68506062128809,106.51337391502577,108.36113739013672,5272600,0.0,0.0
2022-05-25 00:00:00-04:00,107.8182275375718,109.4755094566196,107.00863980470923,107.80870819091797,3921700,0.0,0.0
2022-05-26 00:00:00-04:00,108.37066108164613,110.0184164822067,107.82776035737862,109.40884399414062,4027800,0.0,0.0
2022-05-27 00:00:00-04:00,110.56131121457256,111.36137233679578,109.98983794631643,111.1423110961914,3884800,0.0,0.0
2022-05-31 00:00:00-04:00,110.06603798184734,112.4757554240351,108.96119054248281,111.8757095336914,10563500,0.0,0.0
2022-06-01 00:00:00-04:00,112.24717699666155,112.3900471540065,109.08501663858883,109.60887145996094,4890200,0.0,0.0
2022-06-02 00:00:00-04:00,109.8088819545378,112.01858418890741,107.84682083091964,111.92333984375,3856600,0.0,0.0
2022-06-03 00:00:00-04:00,111.22803806329723,111.96143475298251,110.7994348931427,111.02802276611328,3778200,0.0,0.0
2022-06-06 00:00:00-04:00,111.79951350002735,112.60910858495424,110.52322331282828,110.8851547241211,4205600,0.0,0.0
2022-06-07 00:00:00-04:00,110.58036431112656,111.65664642359025,109.74220394803714,111.32328033447266,3285600,0.0,0.0
2022-06-08 00:00:00-04:00,110.2374880495788,110.62799932170847,108.90404538216038,109.23741149902344,3683400,0.0,0.0
2022-06-09 00:00:00-04:00,109.18978383056238,109.9517531322921,107.32296703467016,107.3515396118164,3424700,0.0,0.0
2022-06-10 00:00:00-04:00,105.5418694895578,106.1800218772811,103.9131671686752,104.41796875,4805600,0.0,0.0
2022-06-13 00:00:00-04:00,102.56067189059091,102.96070248380943,100.33191651882966,100.87482452392578,5215300,0.0,0.0
2022-06-14 00:00:00-04:00,100.10332583419326,100.38906611656594,97.10308193598897,98.0460205078125,5890100,0.0,0.0
2022-06-15 00:00:00-04:00,99.36041342051927,101.03674145338384,97.77933699634869,99.81759643554688,5278100,0.0,0.0
2022-06-16 00:00:00-04:00,97.531697211289,97.86505604618867,96.42684248227569,97.2173843383789,4793600,0.0,0.0
2022-06-17 00:00:00-04:00,96.42683835270984,98.76036463042739,96.42683835270984,97.65550994873047,10249200,0.0,0.0
2022-06-21 00:00:00-04:00,99.87473963865936,99.96045736479842,98.4174801608766,99.44613647460938,5338300,0.0,0.0
2022-06-22 00:00:00-04:00,98.62702483365459,101.51297129473085,98.37938372896058,100.42716979980469,5511600,0.0,0.0
2022-06-23 00:00:00-04:00,100.91291949985018,101.70346136275242,100.07475909822564,101.16056060791016,5064800,0.0,0.0
2022-06-24 00:00:00-04:00,101.912994438105,104.4274826915054,101.3700937303635,104.24651336669922,14301600,0.0,0.0
2022-06-27 00:00:00-04:00,104.675126836851,104.86561551413556,103.15119561854291,103.89411163330078,3804100,0.0,0.0
2022-06-28 00:00:00-04:00,104.05601735054246,104.70368896201839,101.8177429157883,101.88441467285156,4185500,0.0,0.0
2022-06-29 00:00:00-04:00,102.35113175463982,104.45606297927799,101.66536085912959,103.91316223144531,4552100,0.0,0.0
2022-06-30 00:00:00-04:00,102.94164977324878,103.89410765656898,102.25587893458993,103.48455047607422,6070900,0.0,0.0
2022-07-01 00:00:00-04:00,103.0654693740526,105.2180262812486,102.53209527079866,104.97991180419922,3291700,0.0,0.0
2022-07-05 00:00:00-04:00,103.57027917098395,104.28462265915978,102.10349300326158,104.1036605834961,4752300,0.0,0.0
2022-07-06 00:00:00-04:00,103.65598755805995,104.29413256123591,102.98926271592738,103.52264404296875,3975300,0.0,0.0
2022-07-07 00:00:00-04:00,103.32264486461979,104.4084463804528,103.05595052621857,104.28462219238281,4149000,0.0,0.0
2022-07-08 00:00:00-04:00,103.56075023557084,104.69417019053778,103.38930752361357,104.0655517578125,3115500,0.0,0.0
2022-07-11 00:00:00-04:00,103.43693633511393,104.19890563433347,102.94166137729567,103.71315002441406,4041100,0.0,0.0
2022-07-12 00:00:00-04:00,103.34167273801138,105.12277146479906,102.57970358073797,103.15118408203125,5756300,0.0,0.0
2022-07-13 00:00:00-04:00,101.76060651589023,101.88443070325906,100.65575904405233,101.16056060791016,5087700,0.0,0.0
2022-07-14 00:00:00-04:00,100.09862268984794,101.3327555227121,99.2663058088063,101.13185119628906,4993600,0.47,0.0
2022-07-15 00:00:00-04:00,102.75823133719743,104.26023660988683,102.61472616103445,104.10716247558594,4617900,0.0,0.0
2022-07-18 00:00:00-04:00,103.85841455849673,104.24109257280251,102.0789679961045,102.3851089477539,4499900,0.0,0.0
2022-07-19 00:00:00-04:00,103.73404558598014,105.23605074557153,103.28439947404928,105.16908264160156,5788400,0.0,0.0
2022-07-20 00:00:00-04:00,102.35640680610217,104.10715375081985,102.25117017233384,103.54270935058594,7300200,0.0,0.0
2022-07-21 00:00:00-04:00,103.91582818475861,105.9248787749538,103.71492385563675,105.89617919921875,5698000,0.0,0.0
2022-07-22 00:00:00-04:00,107.14943427199574,107.14943427199574,103.63837866858726,104.47069549560547,4733900,0.0,0.0
2022-07-25 00:00:00-04:00,104.36546218840508,104.59507338157297,102.81562677889092,103.80101776123047,3905600,0.0,0.0
2022-07-26 00:00:00-04:00,104.00192314572938,105.12125035272109,103.60968345992706,104.36546325683594,4824000,0.0,0.0
2022-07-27 00:00:00-04:00,104.64290386168238,105.84833708272737,103.91582364490394,105.22648620605469,3303500,0.0,0.0
2022-07-28 00:00:00-04:00,105.33172540760548,106.52758969992384,103.83928910646462,105.5804672241211,4736100,0.0,0.0
2022-07-29 00:00:00-04:00,105.07341911708117,105.1116876492873,103.85841694120904,104.12628936767578,4922900,0.0,0.0
2022-08-01 00:00:00-04:00,103.6862125844148,105.14038761779379,103.42790911477545,104.77684020996094,3871900,0.0,0.0
2022-08-02 00:00:00-04:00,104.87252025199653,106.09708415038166,103.83929172561787,103.9349594116211,3093800,0.0,0.0
2022-08-03 00:00:00-04:00,104.38460744841032,105.20736270104318,103.5809828137327,104.86295318603516,3866200,0.0,0.0
2022-08-04 00:00:00-04:00,105.62830485068228,105.82920917617189,104.83424920781161,104.96818542480469,2794000,0.0,0.0
2022-08-05 00:00:00-04:00,104.04020889945653,104.58552280586699,103.69579934814702,104.5185546875,2789600,0.0,0.0
2022-08-08 00:00:00-04:00,105.03513727335252,105.21691095355071,103.887103349592,104.27935028076172,2283800,0.0,0.0
2022-08-09 00:00:00-04:00,103.40877735237477,104.08803471827815,102.89217038235574,103.23657989501953,3943500,0.0,0.0
2022-08-10 00:00:00-04:00,105.00645449830355,105.59959851975971,104.4707023285986,105.4943618774414,3960900,0.0,0.0
2022-08-11 00:00:00-04:00,106.03967452484972,107.27380734457913,105.60916630123599,105.704833984375,3281400,0.0,0.0
2022-08-12 00:00:00-04:00,106.05880338768625,106.69978483887745,105.65699477341497,106.6519546508789,2813300,0.0,0.0
2022-08-15 00:00:00-04:00,106.48932023614665,107.44601166164139,106.21187884687602,107.05377197265625,2949500,0.0,0.0
2022-08-16 00:00:00-04:00,106.63281732429131,107.65647677999225,106.60411775153884,107.17813110351562,2897400,0.0,0.0
2022-08-17 00:00:00-04:00,106.79545101318752,107.27379668030576,105.59002518731201,105.7622299194336,3053500,0.0,0.0
2022-08-18 00:00:00-04:00,106.12578393714864,106.12578393714864,104.07846479691004,105.19779205322266,4143600,0.0,0.0
2022-08-19 00:00:00-04:00,105.69527298128969,106.00141394862024,104.6620444794329,105.29345703125,5092700,0.0,0.0
2022-08-22 00:00:00-04:00,104.25066862378492,104.57594021374248,102.26074865317791,102.79649353027344,3496800,0.0,0.0
2022-08-23 00:00:00-04:00,102.19379449366903,102.24163199235835,100.95009251752198,101.41887664794922,4203000,0.0,0.0
2022-08-24 00:00:00-04:00,101.31362761310447,101.57193109712976,100.56740943816848,100.87355041503906,4278200,0.0,0.0
2022-08-25 00:00:00-04:00,100.68221095768554,101.37103000238433,100.0220987889966,101.30406188964844,5249200,0.0,0.0
2022-08-26 00:00:00-04:00,101.35189659451206,101.69630610738226,97.2285513984762,97.48686218261719,5440700,0.0,0.0
2022-08-29 00:00:00-04:00,97.10418701246864,98.16611515878915,96.82674560227008,97.42945861816406,4229900,0.0,0.0
2022-08-30 00:00:00-04:00,97.99391464102912,98.27135606324272,97.42946283749741,97.77387237548828,4629700,0.0,0.0
2022-08-31 00:00:00-04:00,98.51051718469624,99.54374567528914,98.15653872987006,98.20437622070312,7600700,0.0,0.0
2022-09-01 00:00:00-04:00,97.9269318265081,100.35692884693563,97.61122191424138,100.29952239990234,4397900,0.0,0.0
2022-09-02 00:00:00-04:00,100.88311968366276,101.07446237049952,97.56340618053815,98.06088256835938,4103200,0.0,0.0
2022-09-06 00:00:00-04:00,98.0608678389931,99.4289368237303,97.81212603295651,98.26177215576172,4670400,0.0,0.0
2022-09-07 00:00:00-04:00,98.42441778976546,100.4239067978341,98.29048156518404,100.16559600830078,5100800,0.0,0.0
2022-09-08 00:00:00-04:00,99.14193098287203,102.91129758010372,99.1036624495171,102.35641479492188,8700700,0.0,0.0
2022-09-09 00:00:00-04:00,102.49033651399589,104.34631997479408,102.39466884362983,103.78187561035156,5781200,0.0,0.0
2022-09-12 00:00:00-04:00,104.06890138680663,104.92035624758081,103.81059789041613,104.55681610107422,4358100,0.0,0.0
2022-09-13 00:00:00-04:00,102.57646453679367,102.92087406319294,101.007491049409,101.2562255859375,5300800,0.0,0.0
2022-09-14 00:00:00-04:00,101.34232720106037,102.16508244505427,100.46217280482672,101.19882202148438,3264200,0.0,0.0
2022-09-15 00:00:00-04:00,101.46670129523949,102.44253074287344,100.31867437929296,100.510009765625,4237000,0.0,0.0
2022-09-16 00:00:00-04:00,100.25168239003017,100.45258668752817,98.93145102119665,99.49589538574219,8898200,0.0,0.0
2022-09-19 00:00:00-04:00,98.77839862455403,99.60115390888011,97.82170711245182,99.58201599121094,3816000,0.0,0.0
2022-09-20 00:00:00-04:00,98.33831207867127,98.5679159760871,96.84587579700387,97.87909698486328,4617100,0.0,0.0
2022-09-21 00:00:00-04:00,98.41484105615945,99.41936258665984,96.26228553497553,96.29098510742188,4720500,0.0,0.0
2022-09-22 00:00:00-04:00,95.71698793564707,97.41989764565764,95.52564525537925,96.69281005859375,5567500,0.0,0.0
2022-09-23 00:00:00-04:00,96.04225312542786,96.52059884566567,94.53067889772207,96.31969451904297,6214600,0.0,0.0
2022-09-26 00:00:00-04:00,95.84134638190949,96.29099251543023,94.96119203062172,95.51606750488281,6037800,0.0,0.0
2022-09-27 00:00:00-04:00,95.9083102245368,96.36752529551542,93.66965591332789,94.07146453857422,6377800,0.0,0.0
2022-09-28 00:00:00-04:00,93.82272918263595,94.97075599048,93.34438346287152,94.444580078125,7206900,0.0,0.0
2022-09-29 00:00:00-04:00,94.56894032634938,94.88465022974171,93.32524592655447,94.03319549560547,6698800,0.0,0.0
2022-09-30 00:00:00-04:00,94.43501102277678,95.19079813510352,92.48335961227035,92.56946563720703,6728400,0.0,0.0
2022-10-03 00:00:00-04:00,93.56443474548243,95.85092692295363,93.18175667290217,95.2099380493164,4817600,0.0,0.0
2022-10-04 00:00:00-04:00,96.37709145900023,98.74012043060556,96.18575609488474,98.61575317382812,5710800,0.0,0.0
2022-10-05 00:00:00-04:00,97.74516754250736,99.45764618129668,97.50599467059227,98.90276336669922,3803400,0.0,0.0
2022-10-06 00:00:00-04:00,98.4052779833497,98.74011851353893,97.46771719984373,98.01303100585938,6348100,0.0,0.0
2022-10-07 00:00:00-04:00,98.06086467669813,100.53869180258141,96.66409616303397,97.3816146850586,8485900,0.0,0.0
2022-10-10 00:00:00-04:00,97.6973358067626,97.88867118168648,95.97528823654093,96.75020599365234,4044600,0.0,0.0
2022-10-11 00:00:00-04:00,96.48232196039905,98.30003699975167,95.75523448486284,97.34334564208984,5304800,0.0,0.0
2022-10-12 00:00:00-04:00,96.86500900387462,97.49642886237154,95.72654384632943,95.74568176269531,4106200,0.0,0.0
2022-10-13 00:00:00-04:00,94.13085426805235,99.08106402606388,93.89055289468689,98.4947280883789,6250900,0.47,0.0
2022-10-14 00:00:00-04:00,99.17718006367002,99.88847005363642,96.87989959150342,96.99524688720703,6087200,0.0,0.0
2022-10-17 00:00:00-04:00,98.15830833953109,99.91730883184282,97.9180069644344,99.50399017333984,7315800,0.0,0.0
2022-10-18 00:00:00-04:00,101.70513587157987,102.53177306034847,100.59975558434698,100.90734100341797,8943900,0.0,0.0
2022-10-19 00:00:00-04:00,97.08175443256854,97.24515760575206,92.58331244869309,94.30387115478516,18525200,0.0,0.0
2022-10-20 00:00:00-04:00,92.77555724452267,93.94822919879445,91.3241421317981,91.5163803100586,12651200,0.0,0.0
2022-10-21 00:00:00-04:00,90.6897449309839,91.81435369862976,89.63242026054552,91.37220001220703,9859000,0.0,0.0
2022-10-24 00:00:00-04:00,92.32378481698133,94.66912108789568,92.17960253527957,94.47688293457031,8118000,0.0,0.0
2022-10-25 00:00:00-04:00,94.2654251223388,95.06322746454498,93.87133467222557,94.15007781982422,7114400,0.0,0.0
2022-10-26 00:00:00-04:00,94.28463000080168,95.65915395541671,94.08277775572861,94.6018295288086,8290100,0.0,0.0
2022-10-27 00:00:00-04:00,94.84214269409989,94.84214269409989,93.01585082037481,93.16964721679688,6610000,0.0,0.0
2022-10-28 00:00:00-04:00,93.54452623903558,96.13977835743022,93.42917893003846,95.63034057617188,5768100,0.0,0.0
2022-10-31 00:00:00-04:00,95.28430864789563,95.63995736052259,94.342331265028,95.1016845703125,5885600,0.0,0.0
2022-11-01 00:00:00-04:00,95.75529987528661,96.42814082933904,94.8133152061968,95.45732116699219,5249400,0.0,0.0
2022-11-02 00:00:00-04:00,94.89981397896618,97.3028275197406,94.21735167998074,94.23657989501953,5196700,0.0,0.0
2022-11-03 00:00:00-04:00,93.05430943522799,93.24655495041463,91.65095017474003,92.7082748413086,4873400,0.0,0.0
2022-11-04 00:00:00-04:00,94.03473174970175,94.41921539972203,92.41990628634912,94.26541900634766,4902800,0.0,0.0
2022-11-07 00:00:00-05:00,94.94788443388876,96.15900549782562,94.3230993506363,95.63995361328125,4903700,0.0,0.0
2022-11-08 00:00:00-05:00,96.02444402087974,96.37047863477544,95.11129427121507,95.77452850341797,5708200,0.0,0.0
2022-11-09 00:00:00-05:00,96.03404069097776,97.34127336523903,95.39964156956883,95.60149383544922,5339600,0.0,0.0
2022-11-10 00:00:00-05:00,99.03300374663553,100.38830705253547,98.1775314188297,100.18645477294922,5907400,0.0,0.0
2022-11-11 00:00:00-05:00,100.58054585654375,101.80128098373547,99.89809081171917,100.0518798828125,7106900,0.0,0.0
2022-11-14 00:00:00-05:00,99.64817145886886,100.26334238623136,98.03334594118832,98.05257415771484,5661600,0.0,0.0
2022-11-15 00:00:00-05:00,99.43669661080826,100.42674434197907,98.40820711668941,99.13872528076172,5262900,0.0,0.0
2022-11-16 00:00:00-05:00,100.19604901152636,101.21493172396606,99.25407182465115,99.59049224853516,3292800,0.0,0.0
2022-11-17 00:00:00-05:00,98.68697098899622,99.0906755556013,97.61042547804935,98.58123779296875,3332900,0.0,0.0
2022-11-18 00:00:00-05:00,99.50399577318287,100.14800906808168,98.94650212498028,99.84042358398438,3931800,0.0,0.0
2022-11-21 00:00:00-05:00,99.70584640885677,100.83045504624488,99.64816909406187,99.85002136230469,4148800,0.0,0.0
2022-11-22 00:00:00-05:00,99.94614820003643,100.92657455472222,98.87920953949897,100.80162048339844,4511700,0.0,0.0
2022-11-23 00:00:00-05:00,100.89772881330805,102.33953686760873,100.3498420460104,101.90699005126953,4617500,0.0,0.0
2022-11-25 00:00:00-05:00,102.53178877101413,103.18540880336927,102.37799970462137,102.81053924560547,2558100,0.0,0.0
2022-11-28 00:00:00-05:00,102.5798500564608,103.56989052806935,101.05152952902766,101.30144500732422,4149700,0.0,0.0
2022-11-29 00:00:00-05:00,100.92657470703125,101.29183014689367,100.42675108756603,100.92657470703125,4832300,0.0,0.0
2022-11-30 00:00:00-05:00,101.05153615875254,103.52183411247069,99.4271037767898,103.406494140625,12737300,0.0,0.0
2022-12-01 00:00:00-05:00,104.04087600632737,104.43497376144143,103.1854037412534,103.74290466308594,5076200,0.0,0.0
2022-12-02 00:00:00-05:00,102.6086861601974,103.94476120596134,102.0800202068019,103.89669799804688,4944100,0.0,0.0
2022-12-05 00:00:00-05:00,102.74325105595176,102.90665422416893,100.98424330373437,101.32067108154297,4687100,0.0,0.0
2022-12-06 00:00:00-05:00,100.9169624826675,101.32067436242734,99.12911968209762,99.83080291748047,4175700,0.0,0.0
2022-12-07 00:00:00-05:00,99.98459663662142,101.39756994800962,99.98459663662142,100.74394989013672,3592400,0.0,0.0
2022-12-08 00:00:00-05:00,100.59977548305623,102.93549790858073,100.1864568069172,102.7720947265625,4607700,0.0,0.0
2022-12-09 00:00:00-05:00,102.5894713562228,104.27158106508308,102.3203276427354,103.3392105102539,5346400,0.0,0.0
2022-12-12 00:00:00-05:00,103.5506619941691,105.33849730913211,103.5506619941691,105.24237823486328,4752500,0.0,0.0
2022-12-13 00:00:00-05:00,107.96260028702545,108.32785573300478,106.75147931690212,107.2032470703125,6246000,0.0,0.0
2022-12-14 00:00:00-05:00,107.04945877721786,108.52971612172692,106.24204234684203,106.9437255859375,5614900,0.0,0.0
2022-12-15 00:00:00-05:00,105.58841783337965,105.73260011840607,104.2042869640068,104.31001281738281,4947800,0.0,0.0
2022-12-16 00:00:00-05:00,103.5218275674833,103.66600985659106,101.67631480046846,102.76248168945312,7976100,0.0,0.0
2022-12-19 00:00:00-05:00,102.5990773172581,103.02201010167916,101.72438408897015,102.45489501953125,4352000,0.0,0.0
2022-12-20 00:00:00-05:00,102.47411194058667,102.83936736560246,101.52252061395637,102.3587646484375,3673000,0.0,0.0
2022-12-21 00:00:00-05:00,102.93548691019943,104.18505691387388,102.90665192038495,103.94475555419922,3228600,0.0,0.0
2022-12-22 00:00:00-05:00,103.5314343360271,103.96398117268586,102.09924032149837,103.83901977539062,3311100,0.0,0.0
2022-12-23 00:00:00-05:00,103.49299845458766,104.19468172361147,102.94511159159177,103.98321533203125,2618400,0.0,0.0
2022-12-27 00:00:00-05:00,104.14660401140073,104.8194521939571,103.21423359657999,104.35807037353516,2927400,0.0,0.0
2022-12-28 00:00:00-05:00,104.79061909499609,105.82872278225342,103.56027724346852,103.64678955078125,3265200,0.0,0.0
2022-12-29 00:00:00-05:00,104.53109282658457,106.46311783701161,104.2523423657038,106.03057098388672,3047800,0.0,0.0
2022-12-30 00:00:00-05:00,105.54036819783623,105.8479536684762,104.4445945003429,105.53075408935547,3471000,0.0,0.0
2023-01-03 00:00:00-05:00,106.22282462990286,107.01101286713148,104.53110085240624,105.32890319824219,4171900,0.0,0.0
2023-01-04 00:00:00-05:00,106.70342985370148,107.59735130598166,106.0690306724759,106.89566802978516,4395500,0.0,0.0
2023-01-05 00:00:00-05:00,106.78992890338789,107.37626484132798,106.07863889127313,106.50157165527344,4896900,0.0,0.0
2023-01-06 00:00:00-05:00,107.65501417547323,108.36630418006187,105.93445547962317,107.97221374511719,3800400,0.0,0.0
2023-01-09 00:00:00-05:00,109.11604885182213,109.26023114841887,107.6742405526873,107.79920196533203,7277700,0.0,0.0
2023-01-10 00:00:00-05:00,108.13561686218847,109.65432328569501,107.96259958187234,109.43324279785156,5591700,0.0,0.0
2023-01-11 00:00:00-05:00,110.41367342319793,111.20186160415571,107.78957930036856,108.7603988647461,5350300,0.0,0.0
2023-01-12 00:00:00-05:00,108.1327889666146,108.51901346352729,107.07067712506938,107.52449035644531,4697700,0.51,0.0
2023-01-13 00:00:00-05:00,107.4375867350975,109.96735020076073,107.36034772873052,109.6004409790039,5348700,0.0,0.0
2023-01-17 00:00:00-05:00,109.59077765055018,110.34391133151603,109.16592998780258,109.48456573486328,5711000,0.0,0.0
2023-01-18 00:00:00-05:00,109.31077945164009,109.66803843013325,107.36035626173681,107.6693344116211,4288500,0.0,0.0
2023-01-19 00:00:00-05:00,107.23481532540686,108.45141985771839,106.78100211441499,107.94933319091797,6157700,0.0,0.0
2023-01-20 00:00:00-05:00,108.33555575975795,109.14662794435185,107.8045035194042,108.9342041015625,5078300,0.0,0.0
2023-01-23 00:00:00-05:00,108.55763869563313,110.74945115449121,108.54798105720793,110.08322143554688,6115300,0.0,0.0
2023-01-24 00:00:00-05:00,108.97282582337766,109.74527481102528,108.41280067566413,108.65419006347656,4662000,0.0,0.0
2023-01-25 00:00:00-05:00,106.21133752771327,108.37418452016946,105.81545537004148,107.17689514160156,6070800,0.0,0.0
2023-01-26 00:00:00-05:00,107.41826932951105,107.77552824802797,106.31753439492468,107.24446868896484,4159500,0.0,0.0
2023-01-27 00:00:00-05:00,106.83894248349598,107.42793316786579,106.02787032525748,106.16304779052734,4860600,0.0,0.0
2023-01-30 00:00:00-05:00,106.02787780761719,106.85825793379993,105.84442687273022,106.02787780761719,4434800,0.0,0.0
2023-01-31 00:00:00-05:00,106.00857524660701,106.84861305384554,105.1202639768547,106.74240112304688,5698300,0.0,0.0
2023-02-01 00:00:00-05:00,106.96445491039543,108.22933283360332,105.89268553375007,107.96863555908203,4532300,0.0,0.0
2023-02-02 00:00:00-05:00,107.44724283799248,108.4997043966913,107.07067598333843,108.38383483886719,5051800,0.0,0.0
2023-02-03 00:00:00-05:00,107.95899754774919,108.46109164667813,106.84861215322826,107.93968963623047,3754500,0.0,0.0
2023-02-06 00:00:00-05:00,107.72725032712228,107.84311987947815,106.65548090934259,106.93549346923828,4145600,0.0,0.0
2023-02-07 00:00:00-05:00,106.24995530723453,108.53832938763524,106.0954625608998,108.1327896118164,3401600,0.0,0.0
2023-02-08 00:00:00-05:00,107.56310763115926,108.01692083759376,105.9699362730919,106.40443420410156,4222300,0.0,0.0
2023-02-09 00:00:00-05:00,106.87757238491675,107.43759019053184,103.80709894283336,104.34780883789062,3912700,0.0,0.0
2023-02-10 00:00:00-05:00,104.53126955926143,105.14922584410354,104.08711393994491,104.4347152709961,4186300,0.0,0.0
2023-02-13 00:00:00-05:00,104.58920190700474,105.3809588668208,104.05814226527805,104.78231048583984,3711000,0.0,0.0
2023-02-14 00:00:00-05:00,104.46368854836369,104.60851630816512,102.69671621258095,103.56571960449219,4244000,0.0,0.0
2023-02-15 00:00:00-05:00,103.0829276510229,103.61397989153824,102.61945677873972,103.58501434326172,4060300,0.0,0.0
2023-02-16 00:00:00-05:00,102.12702558496731,103.69123157153095,102.03047129689746,102.42635345458984,3299000,0.0,0.0
2023-02-17 00:00:00-05:00,101.90494774376653,103.27603773758258,101.85666691818186,103.06361389160156,3564100,0.0,0.0
2023-02-21 00:00:00-05:00,102.20426360842106,102.48427617757085,99.79036977087394,100.08003997802734,5204300,0.0,0.0
2023-02-22 00:00:00-05:00,99.68415124916805,100.27314189584173,97.0385258411279,99.1530990600586,8900900,0.0,0.0
2023-02-23 00:00:00-05:00,99.68416645389009,100.2055684517835,98.15859101555753,99.01793670654297,4611100,0.0,0.0
2023-02-24 00:00:00-05:00,97.95580833800608,98.29375936633977,96.44954095058242,96.99990844726562,5476800,0.0,0.0
2023-02-27 00:00:00-05:00,97.79166550342899,97.82063105068283,96.22746701876656,96.33367156982422,4489800,0.0,0.0
2023-02-28 00:00:00-05:00,96.40126168943482,98.8924019217821,96.25643395108162,98.21651458740234,7877000,0.0,0.0
2023-03-01 00:00:00-05:00,97.23163528855083,97.86890676132268,96.93231482707137,97.35716247558594,3963500,0.0,0.0
2023-03-02 00:00:00-05:00,96.81644519775423,99.43311244900234,96.81644519775423,99.09516143798828,5209900,0.0,0.0
2023-03-03 00:00:00-05:00,99.35587583702365,100.91042412047914,99.22069836599445,100.85248565673828,4982400,0.0,0.0
2023-03-06 00:00:00-05:00,100.91042776579046,100.9973244146113,99.0951747464757,99.21104431152344,5005100,0.0,0.0
2023-03-07 00:00:00-05:00,99.31724866727238,99.54898041308392,96.38195287605517,96.53644561767578,6349000,0.0,0.0
2023-03-08 00:00:00-05:00,96.47851187247045,96.8164555530112,95.84124769868214,95.97642517089844,6252600,0.0,0.0
2023-03-09 00:00:00-05:00,96.44954328280849,96.52678965495946,94.14186132278967,94.47980499267578,5146000,0.0,0.0
2023-03-10 00:00:00-05:00,94.39291720035298,95.01087350226852,93.23424360929617,93.62046813964844,7042400,0.0,0.0
2023-03-13 00:00:00-04:00,93.27285750992081,95.78330565726397,93.07009130916897,94.80809783935547,6553000,0.0,0.0
2023-03-14 00:00:00-04:00,95.86054589265223,96.07296971792375,93.98736201520578,95.15569305419922,5093900,0.0,0.0
2023-03-15 00:00:00-04:00,94.14186359423105,94.56671128469254,93.36941458732282,94.43153381347656,5712100,0.0,0.0
2023-03-16 00:00:00-04:00,93.71701395077278,95.86055290198458,93.65908285477879,95.6191635131836,5289100,0.0,0.0
2023-03-17 00:00:00-04:00,95.59986997841979,95.78332093219215,93.18597572744095,93.66875457763672,10848100,0.0,0.0
2023-03-20 00:00:00-04:00,93.91013190891113,94.8177510210932,93.8328855348387,94.4991226196289,6075700,0.0,0.0
2023-03-21 00:00:00-04:00,94.78877509104109,95.0205141878779,93.93908716916276,94.94326782226562,4475000,0.0,0.0
2023-03-22 00:00:00-04:00,95.21363633686296,95.88952371597578,93.50459524498918,93.52391052246094,3606700,0.0,0.0
2023-03-23 00:00:00-04:00,93.5625382768578,94.44119191258486,93.11838263939067,93.69771575927734,4525000,0.0,0.0
2023-03-24 00:00:00-04:00,93.69770504401787,94.70188577473958,93.47562356737137,94.67292022705078,5269100,0.0,0.0
2023-03-27 00:00:00-04:00,95.59018853345229,96.05365935553282,94.8853283463883,95.06878662109375,4627700,0.0,0.0
2023-03-28 00:00:00-04:00,94.7211968750626,94.8563743465768,93.28251814730739,93.76529693603516,4815400,0.0,0.0
2023-03-29 00:00:00-04:00,94.63430636934694,95.3391593213163,93.90048050021348,95.22329711914062,6780200,0.0,0.0
2023-03-30 00:00:00-04:00,95.9571051622633,96.05366680904466,95.11707482157273,95.66744232177734,5199300,0.0,0.0
2023-03-31 00:00:00-04:00,96.4785107788841,97.91719686442391,96.29505984959553,97.7723617553711,6442400,0.0,0.0
2023-04-03 00:00:00-04:00,97.32821174588838,98.15859189441785,96.59438588673255,98.09099578857422,5432400,0.0,0.0
2023-04-04 00:00:00-04:00,98.39031225388065,99.78071006620864,98.322723522494,99.25931549072266,7979000,0.0,0.0
2023-04-05 00:00:00-04:00,99.09516774502886,100.69799679848684,98.96964791672723,100.6207504272461,7298300,0.0,0.0
2023-04-06 00:00:00-04:00,100.89110842760036,101.9146044611114,100.59178793821582,101.31595611572266,5065000,0.0,0.0
2023-04-10 00:00:00-04:00,100.82351374528574,101.29664223064884,99.51035493820046,100.12831115722656,4900200,0.0,0.0
2023-04-11 00:00:00-04:00,100.61109064642629,101.09386940646984,99.54897884765435,99.73243713378906,4658000,0.0,0.0
2023-04-12 00:00:00-04:00,99.82901018034653,100.26350819942373,98.7862060946165,99.02759552001953,4560700,0.0,0.0
2023-04-13 00:00:00-04:00,99.70683674303424,100.63840338039655,98.78497600702681,100.54136657714844,4778700,0.51,0.0
2023-04-14 00:00:00-04:00,100.54137940646751,101.25946072625273,100.39582048130491,100.88101196289062,5043700,0.0,0.0
2023-04-17 00:00:00-04:00,100.91982733859162,101.74465136980669,100.91982733859162,101.42442321777344,4806400,0.0,0.0
2023-04-18 00:00:00-04:00,102.317186506493,102.56948075754235,100.8519060946896,101.06539154052734,6552100,0.0,0.0
2023-04-19 00:00:00-04:00,105.28654980355786,109.36215522167669,104.94691725262035,108.96430206298828,12425400,0.0,0.0
2023-04-20 00:00:00-04:00,108.9254856695632,108.96430187580857,106.74212404144278,107.08175659179688,7413200,0.0,0.0
2023-04-21 00:00:00-04:00,107.59606137084023,108.79934158771944,107.59606137084023,108.35296630859375,6301100,0.0,0.0
2023-04-24 00:00:00-04:00,108.44029504747951,108.44029504747951,106.8779779001583,107.13027954101562,5341900,0.0,0.0
2023-04-25 00:00:00-04:00,107.12057175175663,107.25642477057134,106.42189485303284,106.7130126953125,5636700,0.0,0.0
2023-04-26 00:00:00-04:00,106.08226993385992,106.17930675378584,105.0633648160508,105.5291519165039,4240000,0.0,0.0
2023-04-27 00:00:00-04:00,105.49033168560483,106.29575132680621,104.48113250929849,106.2569351196289,4257200,0.0,0.0
2023-04-28 00:00:00-04:00,106.19871080177948,107.56694689068226,106.13078429245004,107.19820404052734,4835900,0.0,0.0
2023-05-01 00:00:00-04:00,107.18850160516594,108.26562729039627,106.67419981740335,107.81925201416016,3722900,0.0,0.0
2023-05-02 00:00:00-04:00,107.77072962717207,108.62467137380449,107.15939102500663,108.19770050048828,4998000,0.0,0.0
2023-05-03 00:00:00-04:00,108.49851165206364,109.60474758589682,108.12976880859729,108.44999694824219,5602000,0.0,0.0
2023-05-04 00:00:00-04:00,108.1491749035823,108.18799110930799,107.28553468562994,107.57665252685547,4070700,0.0,0.0
2023-05-05 00:00:00-04:00,108.0715559532922,108.44029882320397,107.76103369351526,107.96481323242188,4025000,0.0,0.0
2023-05-08 00:00:00-04:00,107.18850001813743,108.2753315899041,107.02353669307762,107.61547088623047,2445500,0.0,0.0
2023-05-09 00:00:00-04:00,106.86826970560166,107.74161582565793,106.05315159583863,106.9847183227539,3274300,0.0,0.0
2023-05-10 00:00:00-04:00,107.61548457457225,107.68341109373306,106.38309392252373,107.41170501708984,3129100,0.0,0.0
2023-05-11 00:00:00-04:00,106.8003402832571,107.19820082843248,106.02403840038671,106.79064178466797,3879400,0.0,0.0
2023-05-12 00:00:00-04:00,106.50924537082966,107.27584886679759,106.23753930206838,107.21762084960938,3325000,0.0,0.0
2023-05-15 00:00:00-04:00,107.36316998526709,107.69310404109389,106.2957502111158,106.58686065673828,3020000,0.0,0.0
2023-05-16 00:00:00-04:00,106.29575882646283,107.18850944422493,106.02405276048611,106.15019989013672,3393800,0.0,0.0
2023-05-17 00:00:00-04:00,106.51893729287504,106.72272423529648,104.77225235723068,105.59707641601562,3801000,0.0,0.0
2023-05-18 00:00:00-04:00,105.50974794464778,105.61648326459769,104.67521796369519,105.2574462890625,3481600,0.0,0.0
2023-05-19 00:00:00-04:00,105.75234138572024,106.72272437460086,105.18951747534517,105.70381927490234,4487200,0.0,0.0
2023-05-22 00:00:00-04:00,105.46121790098816,106.08226238846225,104.86928371707779,105.04395294189453,2809500,0.0,0.0
2023-05-23 00:00:00-04:00,104.12208632870869,104.296755543822,102.39479857772866,102.60828399658203,4337800,0.0,0.0
2023-05-24 00:00:00-04:00,102.52095816378046,102.52095816378046,100.91011894431155,100.9586410522461,4507600,0.0,0.0
2023-05-25 00:00:00-04:00,100.2114517227115,100.46375338214426,98.33861218853953,99.11492156982422,6734500,0.0,0.0
2023-05-26 00:00:00-04:00,99.12462626867591,100.38611974364275,99.00817764186758,99.82330322265625,4911800,0.0,0.0
2023-05-30 00:00:00-04:00,99.22167010605766,99.483670280611,98.56180931434939,98.69766235351562,5168700,0.0,0.0
2023-05-31 00:00:00-04:00,98.49386585459989,99.24105744150309,97.40703432476113,98.97905731201172,7063400,0.0,0.0
2023-06-01 00:00:00-04:00,98.89173558871363,99.85241269065833,97.92135258375764,99.7747802734375,4603900,0.0,0.0
2023-06-02 00:00:00-04:00,100.25026657219126,101.40502472524295,99.80389127521003,101.11390686035156,6024300,0.0,0.0
2023-06-05 00:00:00-04:00,100.97804586329109,101.89991409375037,100.2793689654289,100.68693542480469,3565900,0.0,0.0
2023-06-06 00:00:00-04:00,100.79367473391358,100.9586380504915,99.19254146432414,99.58069610595703,4044300,0.0,0.0
2023-06-07 00:00:00-04:00,99.386625154352,99.45455166826326,98.25127882036325,98.64913940429688,6231200,0.0,0.0
2023-06-08 00:00:00-04:00,98.25127005801005,98.37741717161369,97.59140938024852,97.7951889038086,5159000,0.0,0.0
2023-06-09 00:00:00-04:00,97.97957620425143,98.95966514232069,97.5623112031673,98.67825317382812,4276000,0.0,0.0
2023-06-12 00:00:00-04:00,98.82379114010033,98.8917250505054,97.8048935355343,98.3968276977539,3629100,0.0,0.0
2023-06-13 00:00:00-04:00,98.48416395467646,99.04698784497032,97.95045777189523,98.84320831298828,4642200,0.0,0.0
2023-06-14 00:00:00-04:00,100.2502600975903,101.06538562458088,99.77477452551584,100.1920394897461,5020600,0.0,0.0
2023-06-15 00:00:00-04:00,100.20175339610094,102.2007400617264,100.05619446142914,101.90962219238281,6378600,0.0,0.0
2023-06-16 00:00:00-04:00,102.31717891257509,103.41370896257139,102.24925240334407,103.0546646118164,10020500,0.0,0.0
2023-06-20 00:00:00-04:00,102.08428908013057,104.48113628504626,101.7931786209324,103.53986358642578,6573100,0.0,0.0
2023-06-21 00:00:00-04:00,103.46223191471934,103.59808493428973,102.48214307058932,103.10318756103516,4428600,0.0,0.0
2023-06-22 00:00:00-04:00,103.53015792910568,105.1506956572511,103.2875621948288,105.04395294189453,5480300,0.0,0.0
2023-06-23 00:00:00-04:00,104.99543555757043,105.28655341317425,104.19002331014447,104.84988403320312,5647000,0.0,0.0
2023-06-26 00:00:00-04:00,104.89839645195887,105.97552212938845,103.63690304654091,105.29625701904297,6134700,0.0,0.0
2023-06-27 00:00:00-04:00,105.66499972942113,105.71352183870641,103.60778519273651,104.59757995605469,4849700,0.0,0.0
2023-06-28 00:00:00-04:00,104.7625451584328,104.94692029289774,104.18031685375378,104.42291259765625,3900000,0.0,0.0
2023-06-29 00:00:00-04:00,103.86009711388144,104.66551682574931,103.80187649972454,104.47144317626953,3417400,0.0,0.0
2023-06-30 00:00:00-04:00,104.80137309510941,106.10168287430714,104.51025520847105,105.7911605834961,4449200,0.0,0.0
2023-07-03 00:00:00-04:00,105.0439496916791,105.26714101781906,103.86008136048903,104.0444564819336,2268000,0.0,0.0
2023-07-05 00:00:00-04:00,103.55926731597188,104.63639295890141,103.2972597793489,104.19001770019531,4968600,0.0,0.0
2023-07-06 00:00:00-04:00,103.58838554178453,104.26765068232396,102.99645131784241,104.02505493164062,5325000,0.0,0.0
2023-07-07 00:00:00-04:00,103.15171875017484,104.73344041923501,102.928527396413,103.20023345947266,5053700,0.0,0.0
2023-07-10 00:00:00-04:00,103.42341648062558,104.55876275412454,103.14200453700515,103.85037994384766,5259500,0.0,0.0
2023-07-11 00:00:00-04:00,103.85037505825937,104.4908313281141,103.60777933242362,104.316162109375,3899700,0.0,0.0
2023-07-12 00:00:00-04:00,104.85957966145955,105.00513858527603,103.50104944833087,103.68541717529297,4845300,0.0,0.0
2023-07-13 00:00:00-04:00,104.02668421267995,105.09922326304383,103.79267001195484,105.05046844482422,4936800,0.51,0.0
2023-07-14 00:00:00-04:00,105.30397768340254,105.76224618392193,104.50444778003063,105.23572540283203,4015600,0.0,0.0
2023-07-17 00:00:00-04:00,104.85546212878882,105.02121660539339,104.04617977039138,104.32894134521484,4580800,0.0,0.0
2023-07-18 00:00:00-04:00,104.14368494846605,104.5142037172994,103.3149051027687,104.28018951416016,3913900,0.0,0.0
2023-07-19 00:00:00-04:00,104.39719475423094,105.3917290635461,104.38744230287213,104.6019515991211,6225900,0.0,0.0
2023-07-20 00:00:00-04:00,105.40148502633788,109.75990106132463,105.08947352292863,109.03837585449219,8768600,0.0,0.0
2023-07-21 00:00:00-04:00,110.03290292101927,111.92447671976191,109.52588705110854,111.43695831298828,7062700,0.0,0.0
2023-07-24 00:00:00-04:00,110.9981930247294,112.93852174008597,110.35467256275224,111.75872802734375,5665900,0.0,0.0
2023-07-25 00:00:00-04:00,110.28641543366265,110.66667919878994,109.70139482876993,110.11090850830078,4732500,0.0,0.0
2023-07-26 00:00:00-04:00,109.69164068361194,111.44670991012592,109.57463358886417,111.2322006225586,3682500,0.0,0.0
2023-07-27 00:00:00-04:00,111.60272025394276,111.72947237016704,109.70140131587335,109.83790588378906,4762900,0.0,0.0
2023-07-28 00:00:00-04:00,110.35466476629819,110.68617370593876,109.51613252740209,109.91590118408203,3409200,0.0,0.0
2023-07-31 00:00:00-04:00,110.03291806071711,110.0719204312983,107.93658713536313,108.55086517333984,3930800,0.0,0.0
2023-08-01 00:00:00-04:00,107.9463275462424,108.47284833194225,107.54656631052667,107.77082061767578,3733700,0.0,0.0
2023-08-02 00:00:00-04:00,107.27355397798294,107.44906091347188,105.36248259095954,105.90850830078125,4699400,0.0,0.0
2023-08-03 00:00:00-04:00,105.02120795416131,105.6062285191827,104.46543730154998,104.85545349121094,4947700,0.0,0.0
2023-08-04 00:00:00-04:00,104.64095881902298,106.0645117868626,104.60195645071956,104.96272277832031,3231100,0.0,0.0
2023-08-07 00:00:00-04:00,105.29423598010106,105.87925665027002,104.9432220902114,105.74275207519531,3632500,0.0,0.0
2023-08-08 00:00:00-04:00,104.91396822384841,104.91396822384841,101.08207293589362,102.94439697265625,7544300,0.0,0.0
2023-08-09 00:00:00-04:00,102.86638347581872,104.2314364978831,102.5543719941132,102.67137908935547,5135200,0.0,0.0
2023-08-10 00:00:00-04:00,102.84688353031588,104.32893617290945,102.00835129867073,102.12535095214844,4708200,0.0,0.0
2023-08-11 00:00:00-04:00,101.61834284772542,102.77863909282304,101.10157450160524,102.6811294555664,3478600,0.0,0.0
2023-08-14 00:00:00-04:00,102.51538902282455,103.56843076239711,102.51538902282455,103.45142364501953,3076100,0.0,0.0
2023-08-15 00:00:00-04:00,103.50017499580333,103.50017499580333,101.94011734451655,102.32038116455078,3150600,0.0,0.0
2023-08-16 00:00:00-04:00,101.85234098478448,102.74937303561784,101.83284352234908,101.92059326171875,4086400,0.0,0.0
2023-08-17 00:00:00-04:00,102.57387221224111,103.26615491234307,101.87185193875332,102.31061553955078,4175200,0.0,0.0
2023-08-18 00:00:00-04:00,101.94984300493978,102.43736139335505,100.70179712082714,101.12106323242188,4809700,0.0,0.0
2023-08-21 00:00:00-04:00,101.18932716231603,101.80360516338196,100.77981345423282,101.27708435058594,2954700,0.0,0.0
2023-08-22 00:00:00-04:00,101.28683020036848,102.89564256849306,101.13082816507013,102.52513122558594,4840500,0.0,0.0
2023-08-23 00:00:00-04:00,103.06138590809165,103.46115456338383,102.18385874670562,102.505615234375,3403300,0.0,0.0
2023-08-24 00:00:00-04:00,102.29111091902996,103.20764042262707,101.0430576070672,101.16006469726562,3529500,0.0,0.0
2023-08-25 00:00:00-04:00,101.42332217505205,102.16435220777862,100.71154949431777,101.60858154296875,3000800,0.0,0.0
2023-08-28 00:00:00-04:00,102.44711996415903,102.59337697720898,99.34650253105121,100.22403717041016,5862500,0.0,0.0
2023-08-29 00:00:00-04:00,100.66280634952001,101.34533663526646,100.40930211438723,101.27708435058594,4515600,0.0,0.0
2023-08-30 00:00:00-04:00,101.48184017050099,102.45687704968196,101.48184017050099,101.80360412597656,3711300,0.0,0.0
2023-08-31 00:00:00-04:00,101.91085385040326,101.9693611230759,100.29229645932364,100.331298828125,4042300,0.0,0.0
2023-09-01 00:00:00-04:00,100.81881261520648,101.19907639474975,99.99977778615423,100.28253936767578,2641100,0.0,0.0
2023-09-05 00:00:00-04:00,100.21428100041925,100.28253327878443,98.3519645827747,98.36170959472656,4284000,0.0,0.0
2023-09-06 00:00:00-04:00,98.48847631138506,99.51226056141427,97.279425236673,99.02474212646484,5094400,0.0,0.0
2023-09-07 00:00:00-04:00,99.4440078995005,99.72676948336763,98.00095750335079,98.1569595336914,3863200,0.0,0.0
2023-09-08 00:00:00-04:00,98.08870218397811,98.30321147368961,97.3476721210495,98.21546173095703,3521300,0.0,0.0
2023-09-11 00:00:00-04:00,98.28371232251934,100.5555424107736,98.03995312275013,99.89251708984375,4891100,0.0,0.0
2023-09-12 00:00:00-04:00,99.81452297351164,100.35078876669233,99.06374044854174,99.8437728881836,3531400,0.0,0.0
2023-09-13 00:00:00-04:00,99.52201558471802,100.85781880901604,99.51226313286355,100.12654113769531,3192500,0.0,0.0
2023-09-14 00:00:00-04:00,100.64331041051541,101.0333266598626,99.96078011442252,100.08753967285156,4086600,0.0,0.0
2023-09-15 00:00:00-04:00,100.28254023522969,100.32154260256397,98.94674448900037,99.20024871826172,8300900,0.0,0.0
2023-09-18 00:00:00-04:00,99.5220107481438,99.5220107481438,98.23496240672499,98.47872161865234,3652600,0.0,0.0
2023-09-19 00:00:00-04:00,98.8492348160112,99.41475798374545,97.64019118484289,98.1569595336914,4090800,0.0,0.0
2023-09-20 00:00:00-04:00,98.6639746672251,98.81997668459609,97.76693517131578,97.77668762207031,3966000,0.0,0.0
2023-09-21 00:00:00-04:00,97.50367723242307,97.69868161131183,96.38238345646216,96.46038818359375,3943700,0.0,0.0
2023-09-22 00:00:00-04:00,96.43114487788371,96.46039479282713,95.57310769852602,95.69986724853516,4357800,0.0,0.0
2023-09-25 00:00:00-04:00,95.52436843657576,95.75837521494729,94.73459091023349,95.03684997558594,4096300,0.0,0.0
2023-09-26 00:00:00-04:00,94.62733452932567,95.09534807754022,93.63279272122261,93.82780456542969,3967700,0.0,0.0
2023-09-27 00:00:00-04:00,94.17880800634165,94.52007686309504,92.39449618208225,93.14527130126953,5391000,0.0,0.0
2023-09-28 00:00:00-04:00,93.87655200617226,95.82662581581918,93.72054996964995,95.67062377929688,6092800,0.0,0.0
2023-09-29 00:00:00-04:00,95.9923693943407,96.05087666046053,94.07155315885828,94.43231201171875,5150500,0.0,0.0
2023-10-02 00:00:00-04:00,93.36952854003758,93.4962806493981,92.17022997093174,93.34027862548828,4349200,0.0,0.0
2023-10-03 00:00:00-04:00,93.13552431514323,93.76929980766748,92.21899465908213,93.39878845214844,4597500,0.0,0.0
2023-10-04 00:00:00-04:00,93.49628245565663,93.93504606025392,92.46274578059761,93.26227569580078,4336100,0.0,0.0
2023-10-05 00:00:00-04:00,93.36953466430526,94.27631926951437,92.72600674624798,93.79854583740234,5708300,0.0,0.0
2023-10-06 00:00:00-04:00,93.41828911549618,95.07585641721968,93.06727521343434,94.46157836914062,4790500,0.0,0.0
2023-10-09 00:00:00-04:00,94.003312542161,94.58833320334983,93.3987869768658,94.34457397460938,3958300,0.0,0.0
2023-10-10 00:00:00-04:00,94.4030628621942,96.03137253601794,94.1788011246239,95.12458801269531,4352200,0.0,0.0
2023-10-11 00:00:00-04:00,94.73458630523338,94.73458630523338,89.75214728099596,90.3274154663086,9269300,0.0,0.0
2023-10-12 00:00:00-04:00,90.44506927023096,91.25883158030315,87.91554683850127,88.42537689208984,7387000,0.51,0.0
2023-10-13 00:00:00-04:00,88.12143614694465,89.86661556258696,88.05280604206864,89.09207153320312,5623600,0.0,0.0
2023-10-16 00:00:00-04:00,89.31757102398605,91.0431376369184,89.09207530418624,90.3764419555664,6452300,0.0,0.0
2023-10-17 00:00:00-04:00,90.15093432056013,91.19019980455546,89.47443971432094,90.33721923828125,8288600,0.0,0.0
2023-10-18 00:00:00-04:00,94.12169347653219,94.61191063005579,89.85680573690085,93.69029998779297,16482600,0.0,0.0
2023-10-19 00:00:00-04:00,94.65113870698708,94.65113870698708,91.92553224780833,93.57266235351562,8537800,0.0,0.0
2023-10-20 00:00:00-04:00,93.38636557492273,96.22962649527508,93.38636557492273,94.88642883300781,11516600,0.0,0.0
2023-10-23 00:00:00-04:00,94.98448220592563,96.22963808576603,93.78835851837147,93.906005859375,6178800,0.0,0.0
2023-10-24 00:00:00-04:00,93.53343142597613,93.95501846385892,92.49416600693958,92.95497131347656,6677000,0.0,0.0
2023-10-25 00:00:00-04:00,92.7098781835469,92.78831473391742,90.97451251729578,91.73925018310547,8157700,0.0,0.0
2023-10-26 00:00:00-04:00,91.23921483927815,92.89615122306951,91.22941588182769,92.14122009277344,6838100,0.0,0.0
2023-10-27 00:00:00-04:00,92.89615190096002,93.45499916464226,90.57251986769167,91.0333251953125,5934100,0.0,0.0
2023-10-30 00:00:00-04:00,91.70002605652647,92.01376475786768,89.84700568296111,91.1803970336914,7168900,0.0,0.0
2023-10-31 00:00:00-04:00,92.06278182482306,93.04321612012444,91.2980442713072,92.70006561279297,7452300,0.0,0.0
2023-11-01 00:00:00-04:00,92.99419655473432,94.11189111476288,92.70986969576276,93.15106964111328,6985000,0.0,0.0
2023-11-02 00:00:00-04:00,93.12165988914892,94.28837170466201,92.59222443096523,94.08248138427734,4683100,0.0,0.0
2023-11-03 00:00:00-04:00,95.10212053233816,95.26879255659912,93.78834225152409,93.96481323242188,5652600,0.0,0.0
2023-11-06 00:00:00-05:00,93.68050776885234,93.93541532133362,92.56281317683231,93.14126586914062,6137400,0.0,0.0
2023-11-07 00:00:00-05:00,93.07262893779412,93.57265252812662,92.65104188714515,92.94517517089844,4466500,0.0,0.0
2023-11-08 00:00:00-05:00,93.35695667212593,93.85698026721498,91.95493530245601,92.88634490966797,4416000,0.0,0.0
2023-11-09 00:00:00-05:00,93.02360699011803,93.3275467203785,91.56276192574468,91.71963500976562,5007900,0.0,0.0
2023-11-10 00:00:00-05:00,91.86668725210245,92.37651725662543,90.6215390320417,92.13140869140625,5479100,0.0,0.0
2023-11-13 00:00:00-05:00,93.79815481356374,94.85702573325698,92.65104839062309,93.91580963134766,6894800,0.0,0.0
2023-11-14 00:00:00-05:00,94.43544027788796,95.9256972615225,94.31778545807967,95.18057250976562,5527100,0.0,0.0
2023-11-15 00:00:00-05:00,95.46489436634013,96.4061104350044,95.02369442532476,96.08256530761719,5370500,0.0,0.0
2023-11-16 00:00:00-05:00,95.80803595507975,98.3865753356528,95.72959941997524,98.29833984375,7603200,0.0,0.0
2023-11-17 00:00:00-05:00,98.4650210422672,98.77875973178865,97.30810822213424,97.60224151611328,6069100,0.0,0.0
2023-11-20 00:00:00-05:00,97.01397064778996,99.3277961859673,97.01397064778996,99.2199478149414,6869100,0.0,0.0
2023-11-21 00:00:00-05:00,99.48466792307764,100.57295057594813,99.01405617584177,99.91606140136719,7111600,0.0,0.0
2023-11-22 00:00:00-05:00,100.2788321283175,101.2004428845455,100.08274823470863,100.69061279296875,6470600,0.0,0.0
2023-11-24 00:00:00-05:00,100.67099962526386,101.16121680156917,100.19058888691839,100.85728454589844,2166800,0.0,0.0
2023-11-27 00:00:00-05:00,100.59255293982908,101.44553343344404,100.24940244703677,100.70040130615234,4572500,0.0,0.0
2023-11-28 00:00:00-05:00,100.45530083948944,100.48471267265373,99.36701813168898,100.06312561035156,3607600,0.0,0.0
2023-11-29 00:00:00-05:00,100.3180427533158,101.80829967941843,100.22980725195652,101.60240936279297,5458700,0.0,0.0
2023-11-30 00:00:00-05:00,101.72006102784015,102.6710835181245,101.09258365942743,102.24949645996094,16766200,0.0,0.0
2023-12-01 00:00:00-05:00,102.18086675776198,102.92599894072298,101.86712807232371,102.82794952392578,4682300,0.0,0.0
2023-12-04 00:00:00-05:00,102.36715176433512,103.44562802897828,102.25930338985877,103.13188934326172,4717700,0.0,0.0
2023-12-05 00:00:00-05:00,102.94560289143456,103.1907114697475,101.91614387047214,102.30831909179688,4315500,0.0,0.0
2023-12-06 00:00:00-05:00,102.58284005991548,103.20051846789623,101.8475143209824,102.88677978515625,4296000,0.0,0.0
2023-12-07 00:00:00-05:00,103.13189287689123,103.15149827286763,101.92595532102747,102.01419830322266,5199000,0.0,0.0
2023-12-08 00:00:00-05:00,102.08282590894952,102.80834522423459,102.08282590894952,102.46519470214844,3425800,0.0,0.0
2023-12-11 00:00:00-05:00,102.17105624900644,104.17114309402615,102.17105624900644,104.14173126220703,5208200,0.0,0.0
2023-12-12 00:00:00-05:00,104.28880303992786,105.12217072971765,103.4946461410822,104.59273529052734,5354500,0.0,0.0
2023-12-13 00:00:00-05:00,103.9358518894752,105.18100027485353,103.82800350805022,105.1515884399414,6534800,0.0,0.0
2023-12-14 00:00:00-05:00,105.72024275624047,106.54380405873665,104.59274170438617,106.47517395019531,6611600,0.0,0.0
2023-12-15 00:00:00-05:00,105.74964314467466,105.85749151501166,104.42605834886241,105.1907958984375,13316300,0.0,0.0
2023-12-18 00:00:00-05:00,105.53395149017777,106.49478043218153,105.06334719704479,105.94573211669922,5142800,0.0,0.0
2023-12-19 00:00:00-05:00,106.03398442213984,106.5928317444596,105.32807044023676,106.29869842529297,4675100,0.0,0.0
2023-12-20 00:00:00-05:00,105.73984512260198,106.69086765664953,105.20061070812224,105.29865264892578,5666200,0.0,0.0
2023-12-21 00:00:00-05:00,105.31824800990448,106.5535972906578,105.08294587837239,106.35751342773438,3555600,0.0,0.0
2023-12-22 00:00:00-05:00,106.7300793666784,107.20068364564841,106.3771224173908,106.8967514038086,2565700,0.0,0.0
2023-12-26 00:00:00-05:00,106.38693578687412,107.58306691738412,106.38693578687412,107.09284973144531,2513400,0.0,0.0
2023-12-27 00:00:00-05:00,106.90656569448073,107.65169791772614,106.90656569448073,107.64189147949219,2471800,0.0,0.0
2023-12-28 00:00:00-05:00,107.70071021106745,108.54388433763455,107.57325644035208,108.23995208740234,3206100,0.0,0.0
2023-12-29 00:00:00-05:00,108.23994984321382,108.56349496230655,107.68110258301738,107.9164047241211,3550200,0.0,0.0
2024-01-02 00:00:00-05:00,107.41637963699458,108.82820742424484,107.41637963699458,107.7007064819336,5058600,0.0,0.0
2024-01-03 00:00:00-05:00,107.98504641063002,108.09289479522995,107.15167864972955,107.3771743774414,4239600,0.0,0.0
2024-01-04 00:00:00-05:00,107.53404134353127,108.85762623891708,107.36736929687896,108.80860900878906,5296100,0.0,0.0
2024-01-05 00:00:00-05:00,108.54389049905906,108.87724208156686,107.87719481416426,108.63213348388672,4127700,0.0,0.0
2024-01-08 00:00:00-05:00,108.9556651265814,110.31846825595905,108.74977481352293,110.20082092285156,5030400,0.0,0.0
2024-01-09 00:00:00-05:00,109.95571456420265,111.31851772116322,109.86747158246565,110.52436828613281,3802100,0.0,0.0
2024-01-10 00:00:00-05:00,110.83810489808296,112.17149619611406,110.60279527128661,112.16168975830078,4672100,0.0,0.0
2024-01-11 00:00:00-05:00,111.58044039881543,112.0434718503861,110.92037028899327,111.81687927246094,5163900,0.55,0.0
2024-01-12 00:00:00-05:00,112.47693690082399,113.23552254815661,111.7676127949437,112.23064422607422,3884800,0.0,0.0
2024-01-16 00:00:00-05:00,111.82673587268998,112.37842909703735,111.23563491570972,112.07302856445312,5876000,0.0,0.0
2024-01-17 00:00:00-05:00,111.93510088316155,112.80204841842912,111.75776985137315,112.2405014038086,4672000,0.0,0.0
2024-01-18 00:00:00-05:00,112.5064936285544,112.8710095021384,111.72821537121622,112.32916259765625,5098000,0.0,0.0
2024-01-19 00:00:00-05:00,111.94494882564106,113.1567121467315,111.77747160322598,112.9892349243164,6843100,0.0,0.0
2024-01-22 00:00:00-05:00,113.22567494850483,113.92514528121843,112.44738915164581,112.49665069580078,5062500,0.0,0.0
2024-01-23 00:00:00-05:00,112.75279498359356,113.78722732945492,111.1962308329137,112.3094711303711,5037300,0.0,0.0
2024-01-24 00:00:00-05:00,109.10765737563835,111.66909974757141,108.11263284264966,109.12735748291016,8710800,0.0,0.0
2024-01-25 00:00:00-05:00,109.75787684939547,110.90067101077655,109.14706827863172,110.7824478149414,5648600,0.0,0.0
2024-01-26 00:00:00-05:00,111.55089334708451,111.7282243923006,109.88595228456994,110.34898376464844,5176600,0.0,0.0
2024-01-29 00:00:00-05:00,110.486898833185,111.78732389566906,110.3686756397751,111.76761627197266,6480600,0.0,0.0
2024-01-30 00:00:00-05:00,112.21095008746683,112.230650195342,110.71348633623855,111.79718017578125,4768400,0.0,0.0
2024-01-31 00:00:00-05:00,112.30947008444657,112.84146321311317,110.94993709980304,111.47207641601562,8325200,0.0,0.0
2024-02-01 00:00:00-05:00,111.07800316370985,112.84145972564325,110.33912509388473,112.79219818115234,4520300,0.0,0.0
2024-02-02 00:00:00-05:00,111.28488814959934,112.36857448236704,110.319425013886,110.44749450683594,7575400,0.0,0.0
2024-02-05 00:00:00-05:00,110.35882446936424,110.79230200598626,109.50173072446059,109.99431610107422,5670000,0.0,0.0
2024-02-06 00:00:00-05:00,110.16179848705232,112.81191034261148,110.06328291036475,112.3094711303711,4734600,0.0,0.0
2024-02-07 00:00:00-05:00,112.90057092691322,112.90057092691322,111.21592977951339,111.62969970703125,4757500,0.0,0.0
2024-02-08 00:00:00-05:00,111.66910401250306,111.66910401250306,109.8662397199043,110.76274871826172,6980500,0.0,0.0
2024-02-09 00:00:00-05:00,110.58540926881726,110.9597714228507,109.54113074907528,110.15193176269531,5947500,0.0,0.0
2024-02-12 00:00:00-05:00,109.84654238520925,110.95978266496482,109.56084195597853,110.86126708984375,4232100,0.0,0.0
2024-02-13 00:00:00-05:00,110.80215152703184,111.43266018337904,108.9401794768415,109.68890380859375,4263400,0.0,0.0
2024-02-14 00:00:00-05:00,109.98446159649893,110.7134858447452,109.47217611519905,110.39823150634766,3991100,0.0,0.0
2024-02-15 00:00:00-05:00,110.6051243704026,112.57546600534614,110.6051243704026,111.9548110961914,5450700,0.0,0.0
2024-02-16 00:00:00-05:00,111.81688148554568,113.77736919734838,111.76761994094375,112.31932067871094,7161100,0.0,0.0
2024-02-20 00:00:00-05:00,112.63457442436963,115.45216339000618,112.27005853851583,114.91031646728516,9601100,0.0,0.0
2024-02-21 00:00:00-05:00,114.24039071310736,116.23043968818521,114.24039071310736,116.1220703125,6144600,0.0,0.0
2024-02-22 00:00:00-05:00,116.34867241986584,117.4816203669071,115.06795486272705,117.2550277709961,4916100,0.0,0.0
2024-02-23 00:00:00-05:00,117.60968398506922,118.36826968815853,117.09739849108891,117.6884994506836,4261300,0.0,0.0
2024-02-26 00:00:00-05:00,117.72790226815872,118.17122609028111,116.63436215625022,116.92991638183594,3483100,0.0,0.0
2024-02-27 00:00:00-05:00,116.40777729875,117.7279024718024,116.08266915329459,117.62938690185547,3203300,0.0,0.0
2024-02-28 00:00:00-05:00,117.71805176691622,118.32886034271839,117.50131299755878,118.2697525024414,3383800,0.0,0.0
2024-02-29 00:00:00-05:00,118.53574048822556,118.6638099757124,116.77228400106797,116.88065338134766,6135200,0.0,0.0
2024-03-01 00:00:00-05:00,116.81169274183992,117.68849408713483,116.082668508773,116.86095428466797,3898600,0.0,0.0
2024-03-04 00:00:00-05:00,116.54570787795747,118.4963418399905,116.41763086439776,118.25990295410156,3164000,0.0,0.0
2024-03-05 00:00:00-05:00,118.6539637975561,118.81158720413761,116.32896029949411,116.72303009033203,3502300,0.0,0.0
2024-03-06 00:00:00-05:00,116.84125768059901,117.8067283907889,116.66392663245216,117.57028198242188,3388700,0.0,0.0
2024-03-07 00:00:00-05:00,118.31900659215981,119.69824715730597,118.17122947513408,119.12684631347656,4200800,0.0,0.0
2024-03-08 00:00:00-05:00,119.17610594820933,119.8361685419234,118.82144387953328,119.16625213623047,3357100,0.0,0.0
2024-03-11 00:00:00-04:00,119.13670095861013,119.61943252909678,117.84612966115837,118.40767669677734,3886000,0.0,0.0
2024-03-12 00:00:00-04:00,118.17122959620697,119.2844773648525,117.29442822154739,118.96922302246094,3079700,0.0,0.0
2024-03-13 00:00:00-04:00,118.73277497589318,119.13669858947159,117.84612731768397,118.37812042236328,3421700,0.0,0.0
2024-03-14 00:00:00-04:00,118.23034903048999,118.55544967998443,116.10237650876273,117.0875473022461,4952200,0.0,0.0
2024-03-15 00:00:00-04:00,111.34399370820744,113.7773666381836,110.59526935764266,113.7773666381836,22413200,0.0,0.0
2024-03-18 00:00:00-04:00,113.63944898290205,114.04337261410637,110.62482877442727,110.7726058959961,12991000,0.0,0.0
2024-03-19 00:00:00-04:00,110.77260181993121,112.72323570084157,110.37853201566703,111.48192596435547,8299200,0.0,0.0
2024-03-20 00:00:00-04:00,111.32429853362353,111.5607374171077,109.08796416226912,109.84654235839844,8317300,0.0,0.0
2024-03-21 00:00:00-04:00,110.28986192359147,110.4770467703899,109.36380653411616,109.85639190673828,9722700,0.0,0.0
2024-03-22 00:00:00-04:00,109.86623756519127,110.3194227196804,108.90077444955574,108.93032836914062,5387100,0.0,0.0
2024-03-25 00:00:00-04:00,108.81210925177247,109.1569250365332,107.4919840191402,108.3786392211914,6622400,0.0,0.0
2024-03-26 00:00:00-04:00,108.85151776252836,110.24061217504311,108.29982452897977,109.84654235839844,7770600,0.0,0.0
2024-03-27 00:00:00-04:00,110.33912415655963,112.01391142743346,110.2800163166778,111.79718017578125,7533400,0.0,0.0
2024-03-28 00:00:00-04:00,111.60014810422891,112.32917239875057,111.25533982413465,111.97451782226562,5278000,0.0,0.0
2024-04-01 00:00:00-04:00,111.97451310217618,111.97451310217618,110.16179498054626,110.42778778076172,3964000,0.0,0.0
2024-04-02 00:00:00-04:00,110.2307561901174,110.75289549247171,109.53128584958085,110.35882568359375,4560700,0.0,0.0
2024-04-03 00:00:00-04:00,110.47704632797786,110.88096993971348,109.40321382776487,109.62979888916016,4409900,0.0,0.0
2024-04-04 00:00:00-04:00,110.18149112160262,110.33912204661505,108.2111496564845,108.4771499633789,4799700,0.0,0.0
2024-04-05 00:00:00-04:00,108.073231080206,109.61010260124463,107.91560766455845,109.55098724365234,5590300,0.0,0.0
2024-04-08 00:00:00-04:00,109.64951253209749,109.82684357591583,108.50671080165556,108.88107299804688,5810500,0.0,0.0
2024-04-09 00:00:00-04:00,108.9500339237417,110.90067539268554,108.94018762755863,110.7726058959961,4235700,0.0,0.0
2024-04-10 00:00:00-04:00,109.57069251346374,110.01401634646747,108.71359125123264,109.52143096923828,3965500,0.0,0.0
2024-04-11 00:00:00-04:00,109.99431802175003,110.31942617989345,108.67418528092058,109.79727935791016,4321500,0.0,0.0
2024-04-12 00:00:00-04:00,109.17353956488647,109.40125590979147,107.41123999952019,108.02507781982422,4041500,0.55,0.0
2024-04-15 00:00:00-04:00,108.99533117433486,109.78737950267885,107.7478652544622,107.80726623535156,4595600,0.0,0.0
2024-04-16 00:00:00-04:00,107.75776079751725,109.23295062590448,107.06472417269504,108.12408447265625,7283900,0.0,0.0
2024-04-17 00:00:00-04:00,106.4607897326996,107.63895955632226,103.21340514858048,104.84700012207031,12002900,0.0,0.0
2024-04-18 00:00:00-04:00,105.44103196061965,105.9657607702622,103.43121819378527,104.22325897216797,7306400,0.0,0.0
2024-04-19 00:00:00-04:00,104.92620303163466,106.69839771947099,104.332163021788,106.21327209472656,10521800,0.0,0.0
2024-04-22 00:00:00-04:00,106.41129030985374,106.82711228314514,105.21331513601051,106.00536346435547,4948300,0.0,0.0
2024-04-23 00:00:00-04:00,106.59940135489325,107.03502871298979,106.2429803443657,106.52019500732422,3849600,0.0,0.0
2024-04-24 00:00:00-04:00,105.64894556547534,106.04496974124386,104.51037889271568,105.82715606689453,5052700,0.0,0.0
2024-04-25 00:00:00-04:00,105.58954384270817,106.39148731670679,105.08461283330433,105.79745483398438,3112300,0.0,0.0
2024-04-26 00:00:00-04:00,105.45093806142155,106.78751305552845,105.33212854172183,106.4607925415039,3575600,0.0,0.0
2024-04-29 00:00:00-04:00,106.32218629092495,107.11423465656169,105.54004060708024,106.20337677001953,3305100,0.0,0.0
2024-04-30 00:00:00-04:00,105.46083217325251,105.80735804732068,104.84700187788513,104.91630554199219,5074000,0.0,0.0
2024-05-01 00:00:00-04:00,104.87670277578351,106.09447579670965,104.8569049660474,105.23312377929688,4096800,0.0,0.0
2024-05-02 00:00:00-04:00,105.59944575934469,105.59944575934469,104.10445810505485,104.8667984008789,3708500,0.0,0.0
2024-05-03 00:00:00-04:00,105.05491111090971,105.57963992372335,104.43117814439152,104.84700012207031,3610300,0.0,0.0
2024-05-06 00:00:00-04:00,105.0549045233099,105.11430550110127,104.09454843017724,104.5895767211914,3789500,0.0,0.0
2024-05-07 00:00:00-04:00,105.46082953011229,105.54003587383033,104.73809241590004,105.11431121826172,6556400,0.0,0.0
2024-05-08 00:00:00-04:00,105.28262638372047,105.28262638372047,103.24311198855659,103.89655303955078,6234700,0.0,0.0
2024-05-09 00:00:00-04:00,103.68863521936603,103.96584986997036,103.46091886863665,103.62922668457031,5902000,0.0,0.0
2024-05-10 00:00:00-04:00,103.46092062188089,104.6192850973354,103.38171427649951,103.69853210449219,7349600,0.0,0.0
2024-05-13 00:00:00-04:00,103.94604701199233,104.45097802549341,103.36191720607636,103.72823333740234,5459200,0.0,0.0
2024-05-14 00:00:00-04:00,103.80743587247501,104.08465051958258,102.332253612634,102.97579193115234,7035100,0.0,0.0
2024-05-15 00:00:00-04:00,103.06490027515095,103.78764498490798,103.06490027515095,103.5500259399414,5443200,0.0,0.0
2024-05-16 00:00:00-04:00,103.41141047102573,104.1440578050637,103.12430069962974,103.82723999023438,8708300,0.0,0.0
2024-05-17 00:00:00-04:00,103.37181805395215,103.75793954168198,102.90649022167959,103.05499267578125,7004600,0.0,0.0
2024-05-20 00:00:00-04:00,102.74807832844633,102.7678836915018,101.99563315652777,102.18374633789062,7165900,0.0,0.0
2024-05-21 00:00:00-04:00,102.4906628368571,102.82728603144982,101.39170688581703,101.93623352050781,4391600,0.0,0.0
2024-05-22 00:00:00-04:00,101.92633177508206,104.09455831270144,101.91643664686559,103.77774047851562,5933400,0.0,0.0
2024-05-23 00:00:00-04:00,102.92629161127249,103.86684998998534,102.41146546090242,103.19361114501953,5862200,0.0,0.0
2024-05-24 00:00:00-04:00,103.11439769053386,103.33221135382362,102.5500657236161,102.9163818359375,4455600,0.0,0.0
2024-05-28 00:00:00-04:00,102.54016614738009,102.55996395667295,100.55015018124158,100.93627166748047,4771100,0.0,0.0
2024-05-29 00:00:00-04:00,100.08482225513653,100.75806107344133,99.63929978791202,99.72840881347656,4960900,0.0,0.0
2024-05-30 00:00:00-04:00,100.27293787738466,101.58971505540153,99.85711589070551,100.72836303710938,5126700,0.0,0.0
2024-05-31 00:00:00-04:00,100.84716866030189,101.28279599344104,100.38184083690916,101.17388916015625,7915700,0.0,0.0
2024-06-03 00:00:00-04:00,101.15408563794432,103.09459575631782,100.90657147661813,101.84712982177734,4915100,0.0,0.0
2024-06-04 00:00:00-04:00,101.77782496242456,102.46095890325287,101.52040812268189,102.40155792236328,3880400,0.0,0.0
2024-06-05 00:00:00-04:00,101.90652461971773,102.39165023149069,100.9659738851635,102.20354461669922,3302300,0.0,0.0
2024-06-06 00:00:00-04:00,102.2629488191036,103.95594472680189,101.78771831965533,103.23320007324219,9835500,0.0,0.0
2024-06-07 00:00:00-04:00,102.82728761631309,107.05482632570067,102.34216195703029,106.51029968261719,8666600,0.0,0.0
2024-06-10 00:00:00-04:00,106.55979568272167,107.89637821762909,105.97566587854496,106.42118835449219,8556500,0.0,0.0
2024-06-11 00:00:00-04:00,106.25288414695883,106.25288414695883,104.48068175745725,104.75789642333984,7536000,0.0,0.0
2024-06-12 00:00:00-04:00,104.85690268897883,104.85690268897883,103.25300820799882,103.34210968017578,4569000,0.0,0.0
2024-06-13 00:00:00-04:00,102.6094693795618,102.66887036072379,101.57980956940187,102.42135620117188,4719500,0.0,0.0
2024-06-14 00:00:00-04:00,102.2629492619428,102.68867391099933,101.41149996382975,102.6490707397461,3683100,0.0,0.0
2024-06-17 00:00:00-04:00,101.8867322636485,102.90648939243718,101.52040858823989,102.42135620117188,3936200,0.0,0.0
2024-06-18 00:00:00-04:00,102.23325649459125,103.05499781118932,102.22335381264675,102.95599365234375,4501000,0.0,0.0
2024-06-20 00:00:00-04:00,102.50056468031649,105.77764980392004,102.44116369791708,105.51033782958984,9154900,0.0,0.0
2024-06-21 00:00:00-04:00,105.59944841477324,105.86676039304744,104.19356219780381,104.66879272460938,10329100,0.0,0.0
2024-06-24 00:00:00-04:00,105.23312179892251,105.23312179892251,103.89654683766676,104.25296783447266,5201300,0.0,0.0
2024-06-25 00:00:00-04:00,104.35196908668314,104.92620373818433,103.77773443518194,104.44107055664062,4722600,0.0,0.0
2024-06-26 00:00:00-04:00,104.0450462981741,104.59948314032718,103.28270602632087,103.8371353149414,5406600,0.0,0.0
2024-06-27 00:00:00-04:00,104.20346087629774,104.27276453863473,102.88668373836224,103.60942840576172,4137600,0.0,0.0
2024-06-28 00:00:00-04:00,103.65893103524535,104.11436375366348,102.50056653628533,102.87679290771484,8283600,0.0,0.0
2024-07-01 00:00:00-04:00,103.1243044160626,104.46087938449385,101.58971358526901,102.17384338378906,4588900,0.0,0.0
2024-07-02 00:00:00-04:00,101.67881505818247,102.36195656465006,101.67881505818247,102.17384338378906,3650500,0.0,0.0
2024-07-03 00:00:00-04:00,102.33225715293935,102.62927717284899,101.16398999004518,101.3125,2017800,0.0,0.0
2024-07-05 00:00:00-04:00,101.01547667854864,103.03519310873725,100.74816471219296,102.98568725585938,6582700,0.0,0.0
2024-07-08 00:00:00-04:00,102.74807378512367,102.8173774456877,100.92637324827939,101.10458374023438,4542000,0.0,0.0
2024-07-09 00:00:00-04:00,101.37189886500757,101.5699071717892,99.74820657809343,100.62935638427734,6268500,0.0,0.0
2024-07-10 00:00:00-04:00,100.41154761089402,102.05504534074501,100.26303759679989,102.02534484863281,6598900,0.0,0.0
2024-07-11 00:00:00-04:00,102.3520480770583,103.59952150181111,102.03523026878341,103.14409637451172,5025300,0.0,0.0
2024-07-12 00:00:00-04:00,103.62923067460991,103.88664752588213,103.07480135205407,103.18370819091797,4277600,0.0,0.0
2024-07-15 00:00:00-04:00,103.44247897148715,103.67140341431512,102.09881315448766,102.4770278930664,4970800,0.55,0.0
2024-07-16 00:00:00-04:00,102.43721797628841,103.38276624415855,102.02914516517465,102.2381591796875,7656900,0.0,0.0
2024-07-17 00:00:00-04:00,102.16848843151827,105.15441595941297,102.01919053640226,104.18896484375,13438300,0.0,0.0
2024-07-18 00:00:00-04:00,101.9097028524995,103.66144907568724,99.24227403744783,99.6005859375,13078800,0.0,0.0
2024-07-19 00:00:00-04:00,100.13805442765941,101.91965872163846,99.61054179187911,101.5513916015625,11963600,0.0,0.0
2024-07-22 00:00:00-04:00,102.01918871408661,103.34295171693977,101.83007754407723,103.23346710205078,7880300,0.0,0.0
2024-07-23 00:00:00-04:00,103.52210740745117,103.84060603352133,102.88511015531084,103.43252563476562,5894500,0.0,0.0
2024-07-24 00:00:00-04:00,103.73112558897158,106.80662735869831,103.05431503216344,106.75686645507812,8680900,0.0,0.0
2024-07-25 00:00:00-04:00,106.51798458527465,108.20005952126233,105.4231460113113,105.46295928955078,6356600,0.0,0.0
2024-07-26 00:00:00-04:00,105.96061632738596,106.63742688589502,104.16906432681954,104.746337890625,8611600,0.0,0.0
2024-07-29 00:00:00-04:00,100.11814880431429,104.68662198195915,99.45129346263836,104.2785415649414,19452700,0.0,0.0
2024-07-30 00:00:00-04:00,104.2685875638745,105.18427014960541,102.29787212678694,104.82595825195312,9126300,0.0,0.0
2024-07-31 00:00:00-04:00,105.00511574152759,106.3288787387441,103.06426592877122,105.44305419921875,8238400,0.0,0.0
2024-08-01 00:00:00-04:00,106.14972625792795,110.16082106450743,105.83122762199527,109.63330841064453,9069200,0.0,0.0
2024-08-02 00:00:00-04:00,109.66316802211726,111.51444374265874,107.89151886008666,110.7878646850586,9885700,0.0,0.0
2024-08-05 00:00:00-04:00,110.81771687200249,111.47462455448668,107.86165508164217,108.12042999267578,7121400,0.0,0.0
2024-08-06 00:00:00-04:00,108.43892794782104,110.12100282720222,108.12042932622995,108.9863510131836,5634800,0.0,0.0
2024-08-07 00:00:00-04:00,109.0958396666844,111.82298468965986,108.88682565042485,109.4242935180664,6365100,0.0,0.0
2024-08-08 00:00:00-04:00,109.43424366030371,110.69829059854548,108.70767219567605,109.2451400756836,5476600,0.0,0.0
2024-08-09 00:00:00-04:00,108.76738390143636,108.76738390143636,107.18484598034343,108.20005798339844,5435000,0.0,0.0
2024-08-12 00:00:00-04:00,107.89151841075235,107.89151841075235,106.60756863613655,107.2943344116211,4795900,0.0,0.0
2024-08-13 00:00:00-04:00,107.29433078972514,108.05076028607384,107.09526440099684,107.73226165771484,4920400,0.0,0.0
2024-08-14 00:00:00-04:00,107.56306454395735,109.6631675557084,107.20475262578897,109.37452697753906,5822900,0.0,0.0
2024-08-15 00:00:00-04:00,109.95180491686314,110.80777140815378,109.24513631937553,110.41960144042969,7458500,0.0,0.0
2024-08-16 00:00:00-04:00,110.83762861635674,111.07650068844197,110.0513334690697,110.47931671142578,4643300,0.0,0.0
2024-08-19 00:00:00-04:00,110.47931939801828,111.7234558777257,110.32006628368464,111.3750991821289,3495800,0.0,0.0
2024-08-20 00:00:00-04:00,111.29547442582272,111.56420456860099,109.81246584422489,110.25039672851562,5822400,0.0,0.0
2024-08-21 00:00:00-04:00,110.44945702798113,110.92720116512861,110.16081646471837,110.86748504638672,4081400,0.0,0.0
2024-08-22 00:00:00-04:00,111.26561429856761,111.62392621135571,110.52908763055049,111.57415771484375,3690400,0.0,0.0
2024-08-23 00:00:00-04:00,111.87275164288764,112.25096639181555,111.36514184262694,112.16139221191406,4511600,0.0,0.0
2024-08-26 00:00:00-04:00,112.21115422060043,112.7287192438231,111.53434367811366,112.17134094238281,3212700,0.0,0.0
2024-08-27 00:00:00-04:00,112.52965235916403,112.63913697538068,111.61396974499424,112.56946563720703,2705300,0.0,0.0
2024-08-28 00:00:00-04:00,112.5694659015683,112.88796453305385,111.84289445799482,112.37040710449219,3836700,0.0,0.0
2024-08-29 00:00:00-04:00,112.76853170440478,112.96759050044321,111.99218417519974,112.23106384277344,3375800,0.0,0.0
2024-08-30 00:00:00-04:00,112.46994020486277,112.93773674635563,111.36514637943266,112.7386703491211,4320100,0.0,0.0
2024-09-03 00:00:00-04:00,112.82824926426,114.29135497399226,112.82824926426,114.12215423583984,4436900,0.0,0.0
2024-09-04 00:00:00-04:00,114.15201337893538,115.0477855746412,113.037264352946,113.86337280273438,3659200,0.0,0.0
2024-09-05 00:00:00-04:00,113.72402791963476,113.94299715206806,111.99218449599316,112.56946563720703,2928000,0.0,0.0
2024-09-06 00:00:00-04:00,113.09698039157665,113.80364900440394,112.47989355441825,113.3259048461914,3802200,0.0,0.0
2024-09-09 00:00:00-04:00,113.92308976480575,116.1824458941659,113.78374708472965,115.88385009765625,5101000,0.0,0.0
2024-09-10 00:00:00-04:00,115.6051653927208,116.70000399678382,114.88854155192128,116.56066131591797,4963700,0.0,0.0
2024-09-11 00:00:00-04:00,115.84403316665066,116.17248701373569,114.1818686827083,116.05304718017578,6535600,0.0,0.0
2024-09-12 00:00:00-04:00,115.95352093646099,116.7597189525029,115.0477859262751,116.28197479248047,4349300,0.0,0.0
2024-09-13 00:00:00-04:00,115.47576630379928,116.50094112523445,115.39614734151827,115.85398864746094,3350100,0.0,0.0
2024-09-16 00:00:00-04:00,116.45117450065992,117.12798504936526,115.8738933516099,117.07821655273438,3637100,0.0,0.0
2024-09-17 00:00:00-04:00,117.2474204521349,117.98394709406502,116.70995260198931,117.57586669921875,4982500,0.0,0.0
2024-09-18 00:00:00-04:00,116.94883068966527,116.94883068966527,113.98280594034901,114.34111785888672,5990200,0.0,0.0
2024-09-19 00:00:00-04:00,114.94825070570586,115.1174590310194,112.71876035340237,113.61454010009766,8144100,0.0,0.0
2024-09-20 00:00:00-04:00,113.21641736036898,113.62449776237914,112.66899428294226,113.1666488647461,8403400,0.0,0.0
2024-09-23 00:00:00-04:00,113.25623419049163,114.36102800423708,112.43012573632042,114.27144622802734,5005200,0.0,0.0
2024-09-24 00:00:00-04:00,113.67425603660547,113.87332242088898,112.64908883676524,112.80833435058594,5029800,0.0,0.0
2024-09-25 00:00:00-04:00,113.28608738395369,113.65435450391486,111.32532713941454,112.0817642211914,5159100,0.0,0.0
2024-09-26 00:00:00-04:00,111.7831743847274,112.40026882553202,111.57416036290807,112.20121002197266,3508700,0.0,0.0
2024-09-27 00:00:00-04:00,112.40026536599647,112.84815145702301,111.79312616213876,111.9026107788086,3566400,0.0,0.0
2024-09-30 00:00:00-04:00,112.04195678414112,113.55482343294787,111.57416024331077,113.47520446777344,5035600,0.0,0.0
2024-10-01 00:00:00-04:00,113.67425807473765,113.68421329253185,112.27087611000587,113.02730560302734,4264000,0.0,0.0
2024-10-02 00:00:00-04:00,112.84815108306009,113.25623148813288,111.50448522082684,113.10693359375,3454000,0.0,0.0
2024-10-03 00:00:00-04:00,112.97754677733681,112.97754677733681,111.26561377837655,111.70355224609375,3472100,0.0,0.0
2024-10-04 00:00:00-04:00,111.60401586227363,112.2211102889132,111.15612976774271,112.11162567138672,4366300,0.0,0.0
2024-10-07 00:00:00-04:00,111.7732217898696,113.07707436050045,111.2755672094937,112.8282470703125,6912900,0.0,0.0
2024-10-08 00:00:00-04:00,113.21641583775286,114.75914805803944,113.21641583775286,114.09228515625,4341500,0.0,0.0
2024-10-09 00:00:00-04:00,114.44065387753429,115.72459604880373,114.0226182470677,115.40609741210938,4256900,0.0,0.0
2024-10-10 00:00:00-04:00,115.67483597642979,116.30187803622408,114.90844364307468,115.07765197753906,4068300,0.0,0.0
2024-10-11 00:00:00-04:00,115.66487630328405,116.72985679826222,115.40609379607632,115.57530212402344,3471300,0.0,0.0
2024-10-14 00:00:00-04:00,115.71464302346035,117.02845078770486,115.43595767856094,116.69999694824219,3674100,0.0,0.0
2024-10-15 00:00:00-04:00,116.75,118.36000061035156,115.80999755859375,116.05000305175781,6544900,0.55,0.0
2024-10-16 00:00:00-04:00,118.01000213623047,119.5199966430664,116.63999938964844,117.81999969482422,7356200,0.0,0.0
2024-10-17 00:00:00-04:00,118.70999908447266,118.76000213623047,117.19000244140625,117.88999938964844,5046900,0.0,0.0
2024-10-18 00:00:00-04:00,117.9000015258789,119.8499984741211,117.66999816894531,119.38999938964844,6741800,0.0,0.0
2024-10-21 00:00:00-04:00,118.88999938964844,118.91999816894531,116.5999984741211,116.98999786376953,8303300,0.0,0.0
2024-10-22 00:00:00-04:00,116.87000274658203,117.19999694824219,115.83999633789062,116.12000274658203,5360000,0.0,0.0
2024-10-23 00:00:00-04:00,116.16000366210938,117.1500015258789,115.93000030517578,117.01000213623047,3655600,0.0,0.0
2024-10-24 00:00:00-04:00,117.20999908447266,117.41000366210938,116.20999908447266,116.54000091552734,3768000,0.0,0.0
2024-10-25 00:00:00-04:00,116.1500015258789,116.38999938964844,113.19999694824219,114.22000122070312,5989600,0.0,0.0
2024-10-28 00:00:00-04:00,114.7699966430664,114.83000183105469,113.55000305175781,114.06999969482422,4104700,0.0,0.0
2024-10-29 00:00:00-04:00,114.13999938964844,114.73999786376953,113.3499984741211,113.4000015258789,4543600,0.0,0.0
2024-10-30 00:00:00-04:00,112.63999938964844,114.73999786376953,112.5,114.44999694824219,5188000,0.0,0.0
2024-10-31 00:00:00-04:00,113.56999969482422,114.47000122070312,113.2699966430664,113.37000274658203,5323200,0.0,0.0
2024-11-01 00:00:00-04:00,119.75,119.91999816894531,117.08999633789062,118.5999984741211,10149300,0.0,0.0
2024-11-04 00:00:00-05:00,119.5999984741211,120.56999969482422,117.4800033569336,117.6500015258789,5604000,0.0,0.0
2024-11-05 00:00:00-05:00,117.58999633789062,118.25,116.33000183105469,117.7300033569336,4059200,0.0,0.0
2024-11-06 00:00:00-05:00,121.0,121.0,115.5,116.80000305175781,5256100,0.0,0.0
2024-11-07 00:00:00-05:00,117.48999786376953,117.48999786376953,114.54000091552734,115.30000305175781,5519000,0.0,0.0
2024-11-08 00:00:00-05:00,115.33000183105469,117.25,114.69000244140625,116.58999633789062,5685700,0.0,0.0
2024-11-11 00:00:00-05:00,116.94000244140625,117.83999633789062,116.33000183105469,116.80000305175781,5301100,0.0,0.0
2024-11-12 00:00:00-05:00,116.68000030517578,117.30000305175781,116.41999816894531,116.44000244140625,4598900,0.0,0.0
2024-11-13 00:00:00-05:00,116.08000183105469,116.80999755859375,115.55000305175781,115.73999786376953,4760800,0.0,0.0
2024-11-14 00:00:00-05:00,115.9800033569336,116.08999633789062,114.93000030517578,115.02999877929688,3812300,0.0,0.0
2024-11-15 00:00:00-05:00,114.87000274658203,116.3499984741211,114.43000030517578,115.9000015258789,6898600,0.0,0.0
2024-11-18 00:00:00-05:00,115.58000183105469,117.94000244140625,115.51000213623047,117.36000061035156,6086500,0.0,0.0
2024-11-19 00:00:00-05:00,116.54000091552734,117.55000305175781,115.44999694824219,117.12999725341797,4542800,0.0,0.0
2024-11-20 00:00:00-05:00,116.69000244140625,116.7699966430664,115.52999877929688,115.93000030517578,5624400,0.0,0.0
2024-11-21 00:00:00-05:00,115.68000030517578,117.63999938964844,115.13999938964844,117.26000213623047,5561900,0.0,0.0
2024-11-22 00:00:00-05:00,117.22000122070312,118.0,116.37999725341797,117.76000213623047,5349500,0.0,0.0
2024-11-25 00:00:00-05:00,118.27999877929688,118.6500015258789,117.58000183105469,118.12999725341797,6879000,0.0,0.0
2024-11-26 00:00:00-05:00,118.63999938964844,119.0,117.01000213623047,117.95999908447266,4056800,0.0,0.0
2024-11-27 00:00:00-05:00,118.3499984741211,120.52999877929688,118.0999984741211,118.94999694824219,3510300,0.0,0.0
2024-11-29 00:00:00-05:00,118.70999908447266,119.19000244140625,117.86000061035156,118.7699966430664,2523200,0.0,0.0
2024-12-02 00:00:00-05:00,118.75,118.80999755859375,116.58999633789062,116.80999755859375,5338900,0.0,0.0
2024-12-03 00:00:00-05:00,117.0999984741211,117.44000244140625,116.06999969482422,116.29000091552734,4794900,0.0,0.0
2024-12-04 00:00:00-05:00,117.01000213623047,117.01000213623047,115.29000091552734,115.97000122070312,3557100,0.0,0.0
2024-12-05 00:00:00-05:00,115.26000213623047,116.29000091552734,114.88999938964844,115.58999633789062,3269800,0.0,0.0
2024-12-06 00:00:00-05:00,115.12999725341797,116.19999694824219,115.0999984741211,115.5999984741211,5300300,0.0,0.0
2024-12-09 00:00:00-05:00,115.66999816894531,115.87000274658203,113.8499984741211,114.9000015258789,4868000,0.0,0.0
2024-12-10 00:00:00-05:00,115.08000183105469,116.38999938964844,114.2699966430664,115.5,4072100,0.0,0.0
2024-12-11 00:00:00-05:00,115.30999755859375,115.58999633789062,114.01000213623047,114.13999938964844,4747700,0.0,0.0
2024-12-12 00:00:00-05:00,114.4000015258789,114.77999877929688,113.30000305175781,113.86000061035156,3764700,0.0,0.0
2024-12-13 00:00:00-05:00,113.8499984741211,114.29000091552734,112.13999938964844,113.37999725341797,4550500,0.0,0.0
2024-12-16 00:00:00-05:00,112.69999694824219,113.6500015258789,112.38999938964844,112.62000274658203,5047200,0.0,0.0
2024-12-17 00:00:00-05:00,112.20999908447266,113.83999633789062,112.19999694824219,113.29000091552734,5805600,0.0,0.0
2024-12-18 00:00:00-05:00,113.02999877929688,114.1500015258789,111.8499984741211,111.93000030517578,6454600,0.0,0.0
2024-12-19 00:00:00-05:00,111.54000091552734,113.30000305175781,111.27999877929688,112.41999816894531,7738700,0.0,0.0
2024-12-20 00:00:00-05:00,112.63999938964844,115.11000061035156,112.5199966430664,114.2300033569336,12311900,0.0,0.0
2024-12-23 00:00:00-05:00,114.0,114.51000213623047,112.95999908447266,114.30999755859375,4028200,0.0,0.0
2024-12-24 00:00:00-05:00,114.13999938964844,114.83000183105469,113.58999633789062,114.76000213623047,1480000,0.0,0.0
2024-12-26 00:00:00-05:00,114.19999694824219,115.80999755859375,113.81999969482422,115.2699966430664,2960500,0.0,0.0
2024-12-27 00:00:00-05:00,115.01000213623047,115.94999694824219,114.51000213623047,114.98999786376953,2829500,0.0,0.0
2024-12-30 00:00:00-05:00,114.12999725341797,114.63999938964844,112.5199966430664,112.80000305175781,3475800,0.0,0.0
2024-12-31 00:00:00-05:00,113.05999755859375,113.77999877929688,112.55000305175781,113.11000061035156,3519900,0.0,0.0
2025-01-02 00:00:00-05:00,113.69000244140625,113.95999908447266,112.76000213623047,113.44000244140625,3569100,0.0,0.0
2025-01-03 00:00:00-05:00,113.94000244140625,114.2300033569336,113.27999877929688,113.83000183105469,4416700,0.0,0.0
2025-01-06 00:00:00-05:00,113.51000213623047,114.26000213623047,112.79000091552734,113.04000091552734,6037200,0.0,0.0
2025-01-07 00:00:00-05:00,113.37000274658203,114.69000244140625,113.16999816894531,113.4000015258789,5300100,0.0,0.0
2025-01-08 00:00:00-05:00,113.54000091552734,114.30999755859375,112.26000213623047,114.25,4455800,0.0,0.0
