Date,Open,High,Low,Close,Volume,Dividends,Stock Splits
2020-01-13 00:00:00-05:00,192.7920068578693,194.9755310713639,192.7920068578693,194.7432403564453,2202800,0.0,0.0
2020-01-14 00:00:00-05:00,194.706098014198,196.05338144924048,192.36460342233784,193.0150146484375,2499100,0.0,0.0
2020-01-15 00:00:00-05:00,194.01308945872083,194.42350404057953,192.82848632157697,193.32284545898438,1986000,0.8,0.0
2020-01-16 00:00:00-05:00,194.14364368199844,195.03909482995604,193.91977733683075,194.92715454101562,2691600,0.0,0.0
2020-01-17 00:00:00-05:00,195.8785922614452,196.4848774491685,194.33955187247693,195.13238525390625,2584500,0.0,0.0
2020-01-21 00:00:00-05:00,193.54668365184307,196.02781563884562,193.0803061008748,195.08572387695312,2687200,0.0,0.0
2020-01-22 00:00:00-05:00,196.06510201363795,197.61347875997362,195.27226878765552,195.32823181152344,1873600,0.0,0.0
2020-01-23 00:00:00-05:00,195.3189072825642,196.63409535598774,194.82454823074622,196.51283264160156,2368400,0.0,0.0
2020-01-24 00:00:00-05:00,196.81134227590863,197.36166441428836,194.05971735129546,194.5447540283203,2348900,0.0,0.0
2020-01-27 00:00:00-05:00,191.38269923305066,193.86383140478594,191.07490255128232,192.66058349609375,1381300,0.0,0.0
2020-01-28 00:00:00-05:00,193.89182321674426,196.77404766622936,193.31351953424695,196.1024627685547,1810200,0.0,0.0
2020-01-29 00:00:00-05:00,196.51281906351025,197.00719231388237,193.8171576485907,193.97573852539062,1491600,0.0,0.0
2020-01-30 00:00:00-05:00,193.54669239358464,194.88052541789554,191.40135271569125,194.35818481445312,1579600,0.0,0.0
2020-01-31 00:00:00-05:00,194.47944848413331,195.5334663565254,190.282050315411,191.4106903076172,1793600,0.0,0.0
2020-02-03 00:00:00-05:00,191.53193889799635,194.40482646511484,191.44799435042975,193.82652282714844,2345700,0.0,0.0
2020-02-04 00:00:00-05:00,195.87857972715534,199.4137154512656,195.6453909417659,198.2384490966797,2242800,0.0,0.0
2020-02-05 00:00:00-05:00,199.5069636470986,200.03864082151534,196.2609802767335,197.9492645263672,2102500,0.0,0.0
2020-02-06 00:00:00-05:00,198.6768810397294,199.96408792206174,198.03327759856325,199.75888061523438,1611500,0.0,0.0
2020-02-07 00:00:00-05:00,198.99398467467748,199.04062527974912,196.89528554088312,197.3523406982422,1447700,0.0,0.0
2020-02-10 00:00:00-05:00,196.05582295491416,198.64888134093633,196.05582295491416,198.2571258544922,1421600,0.0,0.0
2020-02-11 00:00:00-05:00,199.03128574250456,199.5909302571124,197.5202128178231,197.87466430664062,1321000,0.0,0.0
2020-02-12 00:00:00-05:00,197.93061179422176,198.55555594779167,197.3149900670471,197.7347412109375,1801300,0.0,0.0
2020-02-13 00:00:00-05:00,195.75730304002678,199.18051245742546,195.2629439888831,198.11717224121094,1721200,0.0,0.0
2020-02-14 00:00:00-05:00,198.91001662968785,199.18050933480941,197.13778770801838,198.0891876220703,2096600,0.0,0.0
2020-02-18 00:00:00-05:00,198.2104606154269,199.6655563078872,196.99787612747218,199.38572692871094,1699400,0.0,0.0
2020-02-19 00:00:00-05:00,200.54230360086083,201.8388323432045,199.96400011703727,201.4004364013672,1806000,0.0,0.0
2020-02-20 00:00:00-05:00,201.36319240450592,201.77360696010794,197.38032380882308,199.51632690429688,1481700,0.0,0.0
2020-02-21 00:00:00-05:00,198.29440522199596,199.18985638910004,196.33562803257055,197.6414794921875,2088800,0.0,0.0
2020-02-24 00:00:00-05:00,190.72044726406372,193.89180909103732,189.76903302288596,190.6178436279297,2600400,0.0,0.0
2020-02-25 00:00:00-05:00,191.00963882829174,191.6625647246765,182.68946284061846,183.84608459472656,2883600,0.0,0.0
2020-02-26 00:00:00-05:00,185.31044162669272,187.9034994928084,181.69134752605112,182.51217651367188,2671100,0.0,0.0
2020-02-27 00:00:00-05:00,179.2755110531634,181.28094287522748,173.8375476072812,173.90284729003906,3040100,0.0,0.0
2020-02-28 00:00:00-05:00,168.13844762027836,170.88075019190708,163.51198978781096,168.44625854492188,5785200,0.0,0.0
2020-03-02 00:00:00-05:00,169.76145187999467,177.05560461115712,166.0490900493177,176.8037567138672,4317900,0.0,0.0
2020-03-03 00:00:00-05:00,177.00893261335074,178.99569122291786,168.4742152317146,169.9666290283203,3514000,0.0,0.0
2020-03-04 00:00:00-05:00,173.30594248731143,176.95301922929588,171.90680949774656,176.16017150878906,3875400,0.0,0.0
2020-03-05 00:00:00-05:00,172.64366789013542,174.85430753756032,168.7540801586212,170.28379821777344,3548200,0.0,0.0
2020-03-06 00:00:00-05:00,165.5173807982551,168.18506081092295,162.22475660992853,166.72996520996094,3284400,0.0,0.0
2020-03-09 00:00:00-04:00,154.27772626565698,159.3892357340953,149.33413439075827,153.07447814941406,5112200,0.0,0.0
2020-03-10 00:00:00-04:00,159.57573277840788,162.9896196155703,154.87463944103712,162.82171630859375,4349500,0.0,0.0
2020-03-11 00:00:00-04:00,157.93413885650222,159.65972767244665,151.7126482983698,154.00723266601562,5188300,0.0,0.0
2020-03-12 00:00:00-04:00,142.71154365966447,148.07488598674337,137.18963465866727,142.2731475830078,6357900,0.0,0.0
2020-03-13 00:00:00-04:00,149.8191369688571,155.49962700298516,142.6462471414149,155.3130645751953,5742800,0.0,0.0
2020-03-16 00:00:00-04:00,138.31829080505364,155.31309518440833,133.8597211703053,142.28250122070312,5324900,0.0,0.0
2020-03-17 00:00:00-04:00,143.64428494952872,149.8564373118985,142.22649321681524,147.1048126220703,6081100,0.0,0.0
2020-03-18 00:00:00-04:00,141.3777010736219,149.05427176426198,132.4512276990997,140.98593139648438,5860200,0.0,0.0
2020-03-19 00:00:00-04:00,141.1818334877826,165.84388427429593,141.1818334877826,147.84170532226562,6338300,0.0,0.0
2020-03-20 00:00:00-04:00,146.93690748816525,148.74645463136744,137.5067530039404,139.8572998046875,6449700,0.0,0.0
2020-03-23 00:00:00-04:00,138.0570669632487,138.0570669632487,127.92734676104317,134.02757263183594,6173700,0.0,0.0
2020-03-24 00:00:00-04:00,142.0212712930925,147.03017532545832,139.43755018851886,146.30262756347656,4685100,0.0,0.0
2020-03-25 00:00:00-04:00,145.92022533575405,148.9516797268317,138.15037283469692,141.61090087890625,4795500,0.0,0.0
2020-03-26 00:00:00-04:00,143.08467873566266,160.06083912185866,139.91331593424061,159.8183135986328,5194500,0.0,0.0
2020-03-27 00:00:00-04:00,153.90455987463213,157.90607216898,149.809766396367,151.9271240234375,3802500,0.0,0.0
2020-03-30 00:00:00-04:00,153.0837665784414,158.91348611037344,152.7666332517556,158.40048217773438,2731300,0.0,0.0
2020-03-31 00:00:00-04:00,156.17118822705143,158.4564497350285,151.25557882484367,152.28160095214844,2963000,0.0,0.0
2020-04-01 00:00:00-04:00,147.90698012526883,150.0056790589292,142.31977206254743,144.27854919433594,2973100,0.0,0.0
2020-04-02 00:00:00-04:00,143.69092500973053,149.7071925166612,143.22454746294966,145.7616424560547,3030000,0.0,0.0
2020-04-03 00:00:00-04:00,145.13667125591644,148.04686205206627,138.30889840930578,141.9186553955078,3766600,0.0,0.0
2020-04-06 00:00:00-04:00,148.28941663757305,155.53692847427826,146.47986928543554,154.88400268554688,3090000,0.0,0.0
2020-04-07 00:00:00-04:00,159.57573695621278,159.95816994566562,152.90652975499262,153.08375549316406,3002500,0.0,0.0
2020-04-08 00:00:00-04:00,155.3783392400249,161.07747321262988,153.96988422648926,160.18202209472656,2466200,0.0,0.0
2020-04-09 00:00:00-04:00,161.58117133868836,167.7746649918029,160.90958648920608,165.95579528808594,3743700,0.0,0.0
2020-04-13 00:00:00-04:00,164.33276214014435,165.10695046543054,158.15792885493877,160.9655303955078,1918500,0.0,0.0
2020-04-14 00:00:00-04:00,165.09765144883096,166.8605580051625,164.18355544291805,166.12368774414062,2875000,0.0,0.0
2020-04-15 00:00:00-04:00,163.3127889414256,163.32215343228557,158.24381148432224,158.7685089111328,2504700,0.8,0.0
2020-04-16 00:00:00-04:00,160.4643999633772,161.20460930118472,156.9601648350506,157.36305236816406,3051800,0.0,0.0
2020-04-17 00:00:00-04:00,161.64497409298525,164.11855757534633,161.20460003048382,164.05296325683594,4759100,0.0,0.0
2020-04-20 00:00:00-04:00,161.71058629725016,165.7488981746976,160.93290459161486,163.72506713867188,2511700,0.0,0.0
2020-04-21 00:00:00-04:00,160.05217577393992,161.90736024079365,155.26428980727673,155.76087951660156,2711400,0.0,0.0
2020-04-22 00:00:00-04:00,159.32133019899328,162.41331383005632,158.54366276802517,161.4482421875,1921200,0.0,0.0
2020-04-23 00:00:00-04:00,162.4320472424165,164.2685026070995,161.288950246458,162.00103759765625,3027900,0.0,0.0
2020-04-24 00:00:00-04:00,165.28040741818626,165.28040741818626,161.6918486711734,164.39967346191406,2121100,0.0,0.0
2020-04-27 00:00:00-04:00,165.12117880860436,169.15949177910167,165.0930710294498,168.1194610595703,2457800,0.0,0.0
2020-04-28 00:00:00-04:00,170.60237361037304,171.70798405252322,165.75827238940676,167.1168670654297,2160100,0.0,0.0
2020-04-29 00:00:00-04:00,170.8178485710867,176.3084563835507,170.24630014652038,175.73690795898438,2957600,0.0,0.0
2020-04-30 00:00:00-04:00,173.83490644907266,174.72501927023984,172.57937828881856,173.51634216308594,2740800,0.0,0.0
2020-05-01 00:00:00-04:00,170.25568391765023,171.4549963359592,167.9601113652176,168.73779296875,2064200,0.0,0.0
2020-05-04 00:00:00-04:00,166.7608226742502,169.25314995629452,165.73017101336603,168.21311950683594,1710500,0.0,0.0
2020-05-05 00:00:00-04:00,170.60238112565915,172.29828342257497,169.59045844252472,170.17137145996094,1621900,0.0,0.0
2020-05-06 00:00:00-04:00,170.62106942840165,170.99584913238584,167.76332772050196,169.00949096679688,1474900,0.0,0.0
2020-05-07 00:00:00-04:00,171.45502110660598,175.61512861661492,170.99590367040298,175.3153076171875,2295400,0.0,0.0
2020-05-08 00:00:00-04:00,177.0768216096219,177.88261117646172,175.8493868288001,176.67391967773438,1778600,0.0,0.0
2020-05-11 00:00:00-04:00,174.73439346491355,177.58275727714636,173.6100254078072,175.9149627685547,2013800,0.0,0.0
2020-05-12 00:00:00-04:00,175.99926751214713,178.01374815444794,173.98480116677854,174.01290893554688,1912300,0.0,0.0
2020-05-13 00:00:00-04:00,173.375766104194,173.46946819801815,167.4822704041202,169.59043884277344,2349300,0.0,0.0
2020-05-14 00:00:00-04:00,167.43541280674978,168.6628329843926,163.91243438954518,168.64410400390625,2773300,0.0,0.0
2020-05-15 00:00:00-04:00,167.12623017034184,172.36386873252147,166.62027600372667,172.28890991210938,3630000,0.0,0.0
2020-05-18 00:00:00-04:00,177.08616287884547,181.90215636621292,176.25226564669015,180.5997772216797,2254700,0.0,0.0
2020-05-19 00:00:00-04:00,180.36553867162723,182.24883083761412,177.94817025587676,178.10745239257812,1784100,0.0,0.0
2020-05-20 00:00:00-04:00,180.36553080230368,183.3357043211824,180.11254657414105,182.8765869140625,2294800,0.0,0.0
2020-05-21 00:00:00-04:00,182.42684390357377,183.19516106063466,180.55291635593164,181.302490234375,1373000,0.0,0.0
2020-05-22 00:00:00-04:00,181.84593961596252,182.6048780214626,179.08189921068524,181.499267578125,1317500,0.0,0.0
2020-05-26 00:00:00-04:00,186.84931850529418,187.38339473160661,183.6730118083472,184.01968383789062,2408700,0.0,0.0
2020-05-27 00:00:00-04:00,185.87489639964133,187.34592223554847,183.8416865250958,187.32717895507812,2000500,0.0,0.0
2020-05-28 00:00:00-04:00,187.40212566466784,191.30926301950345,187.40212566466784,188.95748901367188,2280600,0.0,0.0
2020-05-29 00:00:00-04:00,188.7888794520703,189.65088460705567,186.16537742123796,188.91067504882812,2535400,0.0,0.0
2020-06-01 00:00:00-04:00,188.8357135763542,190.90641025554456,187.27098545087355,190.5597381591797,1530800,0.0,0.0
2020-06-02 00:00:00-04:00,191.22495466008357,192.8177903952153,189.58526787160858,192.8084259033203,1939200,0.0,0.0
2020-06-03 00:00:00-04:00,191.5341499838811,194.7292001683755,191.431083387706,194.2138671875,1605400,0.0,0.0
2020-06-04 00:00:00-04:00,193.09889152065355,194.6917273308685,189.57591231595995,190.29737854003906,2451400,0.0,0.0
2020-06-05 00:00:00-04:00,193.00518562603918,196.50005672939423,191.88081758586614,195.34759521484375,2537900,0.0,0.0
2020-06-08 00:00:00-04:00,194.42937306322335,197.9992175191837,193.95152662278826,197.96173095703125,1626900,0.0,0.0
2020-06-09 00:00:00-04:00,196.19085931175434,196.565639131705,192.5460705195392,194.27008056640625,2269600,0.0,0.0
2020-06-10 00:00:00-04:00,194.19512267779774,197.54009048954023,192.92085126812447,196.22833251953125,2077200,0.0,0.0
2020-06-11 00:00:00-04:00,192.56481937334846,192.9677069766102,183.53248820053528,183.5980682373047,4046600,0.0,0.0
2020-06-12 00:00:00-04:00,188.42344993006958,189.66959936170093,184.872348668884,188.88255310058594,2590100,0.0,0.0
2020-06-15 00:00:00-04:00,184.10404492041053,188.0861415616515,182.54868138927324,187.19601440429688,2310800,0.0,0.0
2020-06-16 00:00:00-04:00,190.54099041343534,193.8391075373595,189.37914996262666,191.5154266357422,2154000,0.0,0.0
2020-06-17 00:00:00-04:00,193.04265054158682,193.3237425409317,190.81267212289933,192.2649688720703,1594800,0.0,0.0
2020-06-18 00:00:00-04:00,189.01372296505647,190.36295326443437,186.72752876854778,190.13807678222656,2228000,0.0,0.0
2020-06-19 00:00:00-04:00,194.4574821437471,195.16020507101797,188.81696974131236,188.84507751464844,3710000,0.0,0.0
2020-06-22 00:00:00-04:00,188.14231984844326,191.21555973917134,186.89615637187796,189.828857421875,2454500,0.0,0.0
2020-06-23 00:00:00-04:00,192.42428872010365,196.46260120155716,192.42428872010365,194.32632446289062,2203800,0.0,0.0
2020-06-24 00:00:00-04:00,192.5554155077778,194.3262764270072,187.86123225761287,189.11676025390625,2753700,0.0,0.0
2020-06-25 00:00:00-04:00,199.57331127507356,204.15506418739858,198.16786542102378,203.62100219726562,4690200,0.0,0.0
2020-06-26 00:00:00-04:00,203.11500218061752,203.25554102545127,197.76494713227206,199.07669067382812,3348400,0.0,0.0
2020-06-29 00:00:00-04:00,196.90295481410175,199.9387229499418,196.90295481410175,199.3109588623047,2247900,0.0,0.0
2020-06-30 00:00:00-04:00,198.9830349441923,202.04691114787025,198.75817274006334,201.18490600585938,3136400,0.0,0.0
2020-07-01 00:00:00-04:00,200.97877176665338,203.2274795781354,200.3978586796899,201.06309509277344,2124700,0.0,0.0
2020-07-02 00:00:00-04:00,202.91826641628285,204.67974871986115,201.353524216591,202.12184143066406,2006200,0.0,0.0
2020-07-06 00:00:00-04:00,204.03325649058652,205.81349650294655,202.67466167650565,203.8365020751953,1934500,0.0,0.0
2020-07-07 00:00:00-04:00,202.68404065912736,206.01025111496867,202.49663643885344,202.6934051513672,1783700,0.0,0.0
2020-07-08 00:00:00-04:00,203.76152358596957,205.33561594495683,202.70274989171745,205.09201049804688,1750700,0.0,0.0
2020-07-09 00:00:00-04:00,204.69848848433784,206.70359050278802,202.59968436438874,205.48553466796875,1756700,0.0,0.0
2020-07-10 00:00:00-04:00,205.19505645980703,206.93780956600048,203.94889298576635,206.37562561035156,1373600,0.0,0.0
2020-07-13 00:00:00-04:00,207.3781878803508,207.8841420131812,201.66270330374218,202.14056396484375,2090000,0.0,0.0
2020-07-14 00:00:00-04:00,201.2598232991733,205.54174034991647,200.0511320137135,205.34498596191406,1747800,0.0,0.0
2020-07-15 00:00:00-04:00,206.88722986662236,209.47332023995514,205.4390255712532,206.66152954101562,2193700,0.8,0.0
2020-07-16 00:00:00-04:00,206.68035694855536,207.4796997725558,205.57069588393747,206.05029296875,1408400,0.0,0.0
2020-07-17 00:00:00-04:00,206.59573179099021,209.36989889705063,205.28858108817187,208.7116241455078,2069700,0.0,0.0
2020-07-20 00:00:00-04:00,208.76804795943482,210.75228538563442,206.99069893591488,210.11280822753906,1371800,0.0,0.0
2020-07-21 00:00:00-04:00,211.49517444208448,212.2851184349461,209.1818070075026,209.47332763671875,1546200,0.0,0.0
2020-07-22 00:00:00-04:00,209.47334460032593,211.34473901750258,209.18182394750184,210.86512756347656,1488000,0.0,0.0
2020-07-23 00:00:00-04:00,210.7240757293087,212.06883600439508,208.17559458269378,209.0501708984375,1444900,0.0,0.0
2020-07-24 00:00:00-04:00,207.08472559098317,209.86829127618373,207.08472559098317,208.2414093017578,1542300,0.0,0.0
2020-07-27 00:00:00-04:00,208.2978553858768,211.1378572513838,207.66779136012613,210.00938415527344,1523200,0.0,0.0
2020-07-28 00:00:00-04:00,209.74602793664698,211.36351105603467,208.67397650629113,208.93728637695312,1422300,0.0,0.0
2020-07-29 00:00:00-04:00,208.74924969971107,211.96540460322768,208.702226996143,211.00621032714844,1473700,0.0,0.0
2020-07-30 00:00:00-04:00,207.64894968797412,210.63941803140918,206.68034243709934,210.6300048828125,1408600,0.0,0.0
2020-07-31 00:00:00-04:00,210.54538710571265,211.5422051722348,207.73359620070298,211.38233947753906,1495500,0.0,0.0
2020-08-03 00:00:00-04:00,211.58919440200293,214.4103836606963,211.0813866491348,213.63925170898438,1631700,0.0,0.0
2020-08-04 00:00:00-04:00,212.8023271256827,214.2035231386873,212.10644286832553,213.61106872558594,1260500,0.0,0.0
2020-08-05 00:00:00-04:00,214.35399883300562,215.72696980477903,213.9026124922197,215.06869506835938,1155400,0.0,0.0
2020-08-06 00:00:00-04:00,214.109509427417,217.20342254330654,214.109509427417,217.12818908691406,1317900,0.0,0.0
2020-08-07 00:00:00-04:00,215.58591073608304,218.04974512414393,215.08750170871673,217.7582244873047,1275400,0.0,0.0
2020-08-10 00:00:00-04:00,215.9996793970141,217.47609447465848,215.83981371021898,216.61093139648438,1315700,0.0,0.0
2020-08-11 00:00:00-04:00,216.8366642950073,218.6516229670817,214.56090609227033,214.94647216796875,1757200,0.0,0.0
2020-08-12 00:00:00-04:00,216.57335812847663,217.5325667592408,215.5859387452766,216.05613708496094,1512900,0.0,0.0
2020-08-13 00:00:00-04:00,215.90564275598362,218.52935719387017,215.284977582579,217.9180908203125,1745700,0.0,0.0
2020-08-14 00:00:00-04:00,216.82725521672543,218.10618084255327,215.73639169542258,216.5263214111328,1130500,0.0,0.0
2020-08-17 00:00:00-04:00,217.6547883683571,219.8365153496661,217.21280082213178,218.7550506591797,1395400,0.0,0.0
2020-08-18 00:00:00-04:00,219.44151910245142,220.92733287794212,218.71740981235246,220.26905822753906,1475800,0.0,0.0
2020-08-19 00:00:00-04:00,219.86473275489928,222.4038007605267,219.86473275489928,220.645263671875,1671500,0.0,0.0
2020-08-20 00:00:00-04:00,219.9963453766148,222.8269334940679,219.6578020843853,222.5072021484375,1279300,0.0,0.0
2020-08-21 00:00:00-04:00,222.7423082060332,224.09648141719012,220.99317019984073,223.3347625732422,1976100,0.0,0.0
2020-08-24 00:00:00-04:00,223.87079003029018,225.09330835854135,221.79252178664393,223.5792694091797,1293200,0.0,0.0
2020-08-25 00:00:00-04:00,223.74856234002692,224.50088251070147,222.60129165765753,224.0118865966797,1501700,0.0,0.0
2020-08-26 00:00:00-04:00,224.44445760577804,226.87068258602497,223.9178377990851,226.1183624267578,2322100,0.0,0.0
2020-08-27 00:00:00-04:00,227.92388509326105,228.30005228631114,225.6951500780202,226.51329040527344,1295300,0.0,0.0
2020-08-28 00:00:00-04:00,227.54777991880604,228.7232757383852,225.93969532392344,228.50698852539062,1212200,0.0,0.0
2020-08-31 00:00:00-04:00,228.79846409983023,229.02415006914885,224.84880179432932,225.6293182373047,2001100,0.0,0.0
2020-09-01 00:00:00-04:00,224.2751988119379,225.71400451660156,223.06207911627945,225.71400451660156,1914500,0.0,0.0
2020-09-02 00:00:00-04:00,227.48191211936785,233.04907213711317,226.48509410549906,232.44720458984375,1702800,0.0,0.0
2020-09-03 00:00:00-04:00,230.49119851695042,231.46920460834602,222.99623691843632,224.7359619140625,2350500,0.0,0.0
2020-09-04 00:00:00-04:00,225.85503740656245,226.51331212086922,218.08736707911746,221.99942016601562,1946400,0.0,0.0
2020-09-08 00:00:00-04:00,217.2786078957855,221.93356756597223,216.87422995086658,218.78323364257812,2361200,0.0,0.0
2020-09-09 00:00:00-04:00,222.68592851968822,226.97413492718988,220.8145340294286,224.670166015625,1670200,0.0,0.0
2020-09-10 00:00:00-04:00,226.63555271168903,229.447343365441,218.27542854040456,219.7236328125,2024100,0.0,0.0
2020-09-11 00:00:00-04:00,222.33796397354797,223.58869318878465,219.34750963659098,220.77691650390625,1301000,0.0,0.0
2020-09-14 00:00:00-04:00,223.4382714703569,226.6262158493592,222.69535000912072,224.59495544433594,1576400,0.0,0.0
2020-09-15 00:00:00-04:00,226.04310543152314,228.3282764217115,224.75476679939018,225.88323974609375,1297500,0.0,0.0
2020-09-16 00:00:00-04:00,227.06816683422252,230.3031190489623,224.91465060846383,225.14974975585938,1800400,0.0,0.0
2020-09-17 00:00:00-04:00,223.25014456726745,224.83941709912563,219.9399589043306,222.70472717285156,2002500,0.0,0.0
2020-09-18 00:00:00-04:00,220.6358582721582,224.19055647476156,219.51678395850266,222.10287475585938,3676400,0.0,0.0
2020-09-21 00:00:00-04:00,218.9619541144087,220.03400572913395,216.31944180482455,219.9681854248047,2305900,0.0,0.0
2020-09-22 00:00:00-04:00,220.1844656153986,222.93983519344587,217.97452780278928,222.79876708984375,1786200,0.0,0.0
2020-09-23 00:00:00-04:00,224.3127954755789,225.08392756021095,216.63915592539254,216.9024658203125,2688100,0.0,0.0
2020-09-24 00:00:00-04:00,205.82460900012725,207.3104374204285,200.44553904537574,201.6398468017578,4828600,0.0,0.0
2020-09-25 00:00:00-04:00,200.33268575604293,202.2511028480548,197.87825006579848,201.8373260498047,3691100,0.0,0.0
2020-09-28 00:00:00-04:00,206.03149059696307,210.54539721138661,205.2885835860354,209.50155639648438,2587600,0.0,0.0
2020-09-29 00:00:00-04:00,210.05640261713907,211.74911951742712,209.05958442844576,210.72409057617188,2572000,0.0,0.0
2020-09-30 00:00:00-04:00,211.84314645322223,214.69254700803077,211.23188005261446,212.52023315429688,2250100,0.0,0.0
2020-10-01 00:00:00-04:00,213.80860200473995,215.576552456346,210.6770791587701,211.75852966308594,1928800,0.0,0.0
2020-10-02 00:00:00-04:00,208.81503489067893,211.51396811425514,208.15676024460072,209.1441650390625,1936100,0.0,0.0
2020-10-05 00:00:00-04:00,210.99677445605752,211.53280739024584,208.8056487194256,210.1692352294922,1446000,0.0,0.0
2020-10-06 00:00:00-04:00,210.2632605166582,211.84313417738667,206.9718726018958,207.2163848876953,2286300,0.0,0.0
2020-10-07 00:00:00-04:00,208.67397437461418,211.24126711131072,206.93424948617715,210.131591796875,2005800,0.0,0.0
2020-10-08 00:00:00-04:00,212.56723595489956,213.27253338766124,210.6206225021201,212.16287231445312,1394200,0.0,0.0
2020-10-09 00:00:00-04:00,213.22965279139663,216.2790234884641,213.17301036443877,215.90139770507812,1312500,0.88,0.0
2020-10-12 00:00:00-04:00,216.84552502445618,218.80921122896106,214.85351760014382,217.6951904296875,1524300,0.0,0.0
2020-10-13 00:00:00-04:00,217.81791891117444,218.93192527217144,216.01472447379484,216.5528564453125,1634000,0.0,0.0
2020-10-14 00:00:00-04:00,216.0808046989338,218.9319128880929,215.55212276731496,216.60003662109375,1443800,0.0,0.0
2020-10-15 00:00:00-04:00,212.97478048478018,217.78013919007893,212.6632326827084,215.97695922851562,1273300,0.0,0.0
2020-10-16 00:00:00-04:00,216.2224447873057,218.96971854845012,215.89201132533134,217.18540954589844,1796400,0.0,0.0
2020-10-19 00:00:00-04:00,217.35525937986552,220.20638140631885,213.09746915258697,213.58839416503906,1904500,0.0,0.0
2020-10-20 00:00:00-04:00,214.02270905721474,219.30010727495008,213.78668930430527,217.50636291503906,1783800,0.0,0.0
2020-10-21 00:00:00-04:00,217.04373998042726,221.2732239536364,216.2507171375135,220.06480407714844,1701800,0.0,0.0
2020-10-22 00:00:00-04:00,220.06482516385773,221.58479296117034,215.10841031246906,215.38218688964844,1661300,0.0,0.0
2020-10-23 00:00:00-04:00,214.96676164243402,216.94933308535204,214.23981685929735,216.85491943359375,1187600,0.0,0.0
2020-10-26 00:00:00-04:00,212.75766853095982,215.24060119681343,206.139679164391,206.970458984375,2162100,0.0,0.0
2020-10-27 00:00:00-04:00,208.29214387175958,210.52960637912247,207.8956324404232,208.32046508789062,1567800,0.0,0.0
2020-10-28 00:00:00-04:00,204.68574389725484,205.74310765494252,201.01327755439223,201.9762420654297,2412300,0.0,0.0
2020-10-29 00:00:00-04:00,203.4584553584459,206.30957790548544,200.56957599070802,204.33645629882812,1499000,0.0,0.0
2020-10-30 00:00:00-04:00,203.24129819768794,205.62981658889257,201.69300942545843,204.7801513671875,1972700,0.0,0.0
2020-11-02 00:00:00-05:00,206.91379015903328,210.68067050873125,206.11133166219432,207.8767547607422,2087200,0.0,0.0
2020-11-03 00:00:00-05:00,209.58554937081075,215.03288952989027,209.04741739697394,213.0880889892578,1544000,0.0,0.0
2020-11-04 00:00:00-05:00,212.41780542432815,217.9878665599199,211.85135218099487,215.1745147705078,1725000,0.0,0.0
2020-11-05 00:00:00-05:00,220.31967535868299,222.91589218138176,219.42280333739612,220.90501403808594,1954800,0.0,0.0
2020-11-06 00:00:00-05:00,221.8680112488763,223.74673373499508,218.14835191103518,223.07643127441406,1417600,0.0,0.0
2020-11-09 00:00:00-05:00,226.47511906000304,234.13160060770912,226.26742051992693,226.7866668701172,3052100,0.0,0.0
2020-11-10 00:00:00-05:00,225.26667033073898,226.21074924509512,222.40611237267996,225.361083984375,2818000,0.0,0.0
2020-11-11 00:00:00-05:00,227.48527587369375,230.43079766229823,226.7016885967505,229.1751708984375,1757200,0.0,0.0
2020-11-12 00:00:00-05:00,228.46710720134132,229.49614980538234,223.64286316314252,224.8323974609375,1672200,0.0,0.0
2020-11-13 00:00:00-05:00,226.56953478259192,228.8636399431193,224.77577595705935,228.25942993164062,1456200,0.0,0.0
2020-11-16 00:00:00-05:00,230.241994435615,232.89485415882484,229.07133127282557,231.2521514892578,1631400,0.0,0.0
2020-11-17 00:00:00-05:00,229.76047097542713,231.76192798421994,227.7873495859171,230.18531799316406,1318100,0.0,0.0
2020-11-18 00:00:00-05:00,229.75109320623065,230.18537593604708,226.15415409542942,226.32408142089844,1613200,0.0,0.0
2020-11-19 00:00:00-05:00,228.00451031514845,229.85491146282038,225.34221507025043,229.60000610351562,1611700,0.0,0.0
2020-11-20 00:00:00-05:00,230.3080895264609,232.24345452863355,228.71259357055027,229.8266143798828,1771900,0.0,0.0
2020-11-23 00:00:00-05:00,231.02559762797082,232.87598455466727,229.00526897629004,232.43226623535156,1288600,0.0,0.0
2020-11-24 00:00:00-05:00,233.5745837734826,236.1047085238807,232.14901529492812,236.01974487304688,1899300,0.0,0.0
2020-11-25 00:00:00-05:00,236.01973820096842,236.40681402893838,234.43369247489866,235.38720703125,1434000,0.0,0.0
2020-11-27 00:00:00-05:00,236.09528455921577,236.87887187948422,234.61307357370126,236.13304138183594,888100,0.0,0.0
2020-11-30 00:00:00-05:00,235.1323080555491,236.4351416555024,232.51720525183913,235.16062927246094,2441400,0.0,0.0
2020-12-01 00:00:00-05:00,237.44530202605458,239.72997145740038,236.22744646513345,238.16281127929688,2078600,0.0,0.0
2020-12-02 00:00:00-05:00,236.69004679383025,237.7379750351036,234.2543213031543,235.69876098632812,1671100,0.0,0.0
2020-12-03 00:00:00-05:00,236.01973623961592,237.63411757391555,234.94348681858332,235.95364379882812,1552300,0.0,0.0
2020-12-04 00:00:00-05:00,236.22747441283363,239.28629589393003,236.0669826939109,239.2674102783203,1852700,0.0,0.0
2020-12-07 00:00:00-05:00,235.87813302588606,236.9638180635783,234.47145019482684,235.35888671875,1973400,0.0,0.0
2020-12-08 00:00:00-05:00,235.07571036637032,236.54847154812225,233.3763650006932,235.8876190185547,1825600,0.0,0.0
2020-12-09 00:00:00-05:00,236.13300781721455,236.51064801725087,231.8280103753051,232.97035217285156,2201500,0.0,0.0
2020-12-10 00:00:00-05:00,232.12070974281104,233.96167540146126,230.94061093880603,232.39450073242188,1874000,0.0,0.0
2020-12-11 00:00:00-05:00,232.13955868853017,233.11195879699008,230.8744964277863,232.08291625976562,1838900,0.0,0.0
2020-12-14 00:00:00-05:00,233.28191772759533,235.44385221637307,229.93043452485534,230.11924743652344,2412500,0.0,0.0
2020-12-15 00:00:00-05:00,234.99069814078285,234.99069814078285,231.3559883709837,233.23471069335938,2415800,0.0,0.0
2020-12-16 00:00:00-05:00,233.2063881679022,234.405358072237,232.45112212063114,233.61233520507812,2248000,0.0,0.0
2020-12-17 00:00:00-05:00,249.02917091848903,256.0153501336359,248.57600260205015,249.6805877685547,4855600,0.0,0.0
2020-12-18 00:00:00-05:00,249.1330104342369,252.0313109433357,244.15769587897918,251.36102294921875,5948000,0.0,0.0
2020-12-21 00:00:00-05:00,246.51790647134612,248.60431301627932,243.32691480791598,246.8011474609375,2680500,0.0,0.0
2020-12-22 00:00:00-05:00,246.27242936352923,246.517899118319,243.90281071068955,244.96017456054688,1602900,0.0,0.0
2020-12-23 00:00:00-05:00,246.24408309529426,247.273154434451,242.93980699514293,243.04367065429688,1455900,0.0,0.0
2020-12-24 00:00:00-05:00,243.57235050359344,245.25280975385263,241.94853368112945,242.91148376464844,528100,0.0,0.0
2020-12-28 00:00:00-05:00,245.20563798251985,245.8098335335466,243.94057563689816,245.15841674804688,1057100,0.0,0.0
2020-12-29 00:00:00-05:00,246.3007817880758,246.43293786509182,242.8454492237401,243.34580993652344,1065200,0.0,0.0
2020-12-30 00:00:00-05:00,244.20492115136457,244.75247428004812,242.80767389633866,243.1381072998047,992800,0.0,0.0
2020-12-31 00:00:00-05:00,243.19471815145388,246.70669263498095,243.08143329892079,246.6028289794922,1325300,0.0,0.0
2021-01-04 00:00:00-05:00,246.40462661540818,247.0277222319862,239.84328024372294,242.11849975585938,2505100,0.0,0.0
2021-01-05 00:00:00-05:00,242.06182307030718,244.176579387938,240.87228884782817,243.49684143066406,1809200,0.0,0.0
2021-01-06 00:00:00-05:00,244.70528825426194,248.84978008135158,242.5811105048708,246.15914916992188,2535600,0.0,0.0
2021-01-07 00:00:00-05:00,245.80041844430605,250.1054456078594,245.7815472344379,248.48162841796875,2068200,0.0,0.0
2021-01-08 00:00:00-05:00,249.05750600467826,251.62540231879552,246.67843703567564,249.387939453125,2010700,0.0,0.0
2021-01-11 00:00:00-05:00,248.13231350805773,249.90718694263992,245.71547315786356,245.791015625,1745100,0.0,0.0
2021-01-12 00:00:00-05:00,245.57381390819765,246.61230652404186,241.7030844187802,243.9499969482422,1898200,0.0,0.0
2021-01-13 00:00:00-05:00,242.9364251451278,245.43729578916225,242.9364251451278,243.533203125,1870700,0.88,0.0
2021-01-14 00:00:00-05:00,243.69424169203816,243.69424169203816,240.72917204613196,241.56280517578125,2253200,0.0,0.0
2021-01-15 00:00:00-05:00,240.2555022929479,242.48167494361277,239.69659578226285,240.28392028808594,1915100,0.0,0.0
2021-01-19 00:00:00-05:00,241.00388122466606,243.74157778607895,240.37865642257017,242.3585205078125,2249400,0.0,0.0
2021-01-20 00:00:00-05:00,244.39521269620502,248.5538956077771,243.45738997805444,247.88131713867188,2081600,0.0,0.0
2021-01-21 00:00:00-05:00,246.73508362845556,248.01395132321744,243.3721620139503,244.34788513183594,1625600,0.0,0.0
2021-01-22 00:00:00-05:00,241.9132993152216,242.86060441738996,240.20816169510152,241.3449249267578,2049600,0.0,0.0
2021-01-25 00:00:00-05:00,238.58829631779403,240.41658847734524,235.935838777158,238.75880432128906,1921600,0.0,0.0
2021-01-26 00:00:00-05:00,239.84819532331593,241.00390877272673,237.90621685801224,239.6587371826172,1345500,0.0,0.0
2021-01-27 00:00:00-05:00,235.5568888967747,237.98198763241655,231.5118920851298,233.1317901611328,1833100,0.0,0.0
2021-01-28 00:00:00-05:00,236.1063432203391,239.47874727630017,235.06430176271985,236.20106506347656,1794200,0.0,0.0
2021-01-29 00:00:00-05:00,235.15903353823714,236.09685637732957,228.9920678158205,229.17205810546875,2494400,0.0,0.0
2021-02-01 00:00:00-05:00,233.13176773591323,235.78421018867456,231.11400344781592,234.52430725097656,1559700,0.0,0.0
2021-02-02 00:00:00-05:00,236.82629762582445,238.1809371099737,235.52849414034856,235.6421661376953,2010300,0.0,0.0
2021-02-03 00:00:00-05:00,235.1116727935576,236.93049698800868,233.59597873748348,235.2821807861328,2470400,0.0,0.0
2021-02-04 00:00:00-05:00,236.40944332718064,239.69659297037796,233.8990907545845,239.67764282226562,1702200,0.0,0.0
2021-02-05 00:00:00-05:00,240.70075398225362,242.2732839473912,238.87246204264096,240.1797332763672,1497700,0.0,0.0
2021-02-08 00:00:00-05:00,240.53973458387694,243.7889989354511,240.388162282783,243.7510986328125,1508700,0.0,0.0
2021-02-09 00:00:00-05:00,242.8037895402529,245.17205250163764,242.14067880201117,244.10159301757812,1542600,0.0,0.0
2021-02-10 00:00:00-05:00,244.4236505142039,245.5320101969195,242.37748249200496,243.40057373046875,1428300,0.0,0.0
2021-02-11 00:00:00-05:00,244.40472127447686,246.28984921467588,243.49531645275496,245.3236083984375,1285300,0.0,0.0
2021-02-12 00:00:00-05:00,243.88372848850523,244.96364135340787,241.9512178398599,243.9026641845703,1219200,0.0,0.0
2021-02-16 00:00:00-05:00,244.0731342811553,245.81617206067585,242.76584871915108,243.50474548339844,1606700,0.0,0.0
2021-02-17 00:00:00-05:00,243.1258209422291,247.82444561809288,242.29220237667545,245.14358520507812,1881000,0.0,0.0
2021-02-18 00:00:00-05:00,242.1217342790577,244.4994795985853,241.27863322339624,244.0542449951172,1664300,0.0,0.0
2021-02-19 00:00:00-05:00,244.84050465324154,244.87840495755543,240.76710367808045,240.89024353027344,2038400,0.0,0.0
2021-02-22 00:00:00-05:00,239.37452398056277,240.77653145751106,236.91152498035527,239.31768798828125,1476000,0.0,0.0
2021-02-23 00:00:00-05:00,238.3040817727654,244.3384109667176,237.3851946187604,242.6901092529297,2191300,0.0,0.0
2021-02-24 00:00:00-05:00,239.8671358254999,246.7445657938639,239.49768740684252,245.6077880859375,2476300,0.0,0.0
2021-02-25 00:00:00-05:00,245.3330873604522,245.45621274058954,239.27032599435867,240.40708923339844,2157700,0.0,0.0
2021-02-26 00:00:00-05:00,241.79016346331738,242.36802016334624,236.64628915736722,237.67884826660156,2712800,0.0,0.0
2021-03-01 00:00:00-05:00,240.615481949224,246.10983965829797,240.615481949224,244.5562744140625,1954700,0.0,0.0
2021-03-02 00:00:00-05:00,244.55627716269626,247.36029203881452,243.56158950644684,245.5699005126953,2099800,0.0,0.0
2021-03-03 00:00:00-05:00,246.20459723624865,246.29933353103684,240.6628709046378,240.7860107421875,2114400,0.0,0.0
2021-03-04 00:00:00-05:00,239.50713459080507,241.2217543975352,232.25077452760016,233.98434448242188,2590400,0.0,0.0
2021-03-05 00:00:00-05:00,236.10632909402767,237.47043630048302,231.55926170832362,236.36209106445312,3236500,0.0,0.0
2021-03-08 00:00:00-05:00,241.18392564054662,242.31120676106966,236.09688655115278,236.2484588623047,2856100,0.0,0.0
2021-03-09 00:00:00-05:00,239.2134824370343,243.89315738220472,238.37984934255658,240.9659881591797,2729200,0.0,0.0
2021-03-10 00:00:00-05:00,242.78484222282648,244.6320698986112,241.19336207249415,243.59005737304688,2046000,0.0,0.0
2021-03-11 00:00:00-05:00,246.29929018016105,253.9819195473201,246.29929018016105,252.3336181640625,2972000,0.0,0.0
2021-03-12 00:00:00-05:00,251.01691286933618,252.21997992485962,248.85705842297764,250.98849487304688,1828600,0.0,0.0
2021-03-15 00:00:00-04:00,249.794895770011,252.542074906114,249.59596978439086,252.22947692871094,2295700,0.0,0.0
2021-03-16 00:00:00-04:00,253.13889082001913,253.17679112178763,249.2359981121961,249.63385009765625,2185600,0.0,0.0
2021-03-17 00:00:00-04:00,249.64334846697014,252.24843787411243,247.84347429483688,250.34434509277344,2626500,0.0,0.0
2021-03-18 00:00:00-04:00,253.13889193526552,257.2028392614143,250.1643397867178,252.8262939453125,4089900,0.0,0.0
2021-03-19 00:00:00-04:00,252.31470788958018,254.92925019029107,247.36977433221773,249.880126953125,4460500,0.0,0.0
2021-03-22 00:00:00-04:00,249.28333371843954,251.91684076578883,248.525501194819,251.22532653808594,2295700,0.0,0.0
2021-03-23 00:00:00-04:00,251.50946517551193,253.05357687535994,250.43900595245395,252.01153564453125,2160300,0.0,0.0
2021-03-24 00:00:00-04:00,251.9074546295444,255.57352175564432,251.69904629348744,253.4515380859375,2160600,0.0,0.0
2021-03-25 00:00:00-04:00,252.15369794090645,255.2987582272832,251.803199633047,254.4556427001953,1714700,0.0,0.0
2021-03-26 00:00:00-04:00,254.34191838023648,266.4768935078185,254.34191838023648,265.9748229980469,3171900,0.0,0.0
2021-03-29 00:00:00-04:00,263.559273007467,266.46750712057394,263.10455607109594,264.8097229003906,2398700,0.0,0.0
2021-03-30 00:00:00-04:00,265.0464735103579,265.321171144997,261.94876766455155,263.8717956542969,1763100,0.0,0.0
2021-03-31 00:00:00-04:00,263.82449083975536,264.5539054160002,261.5509642050749,261.69305419921875,2375800,0.0,0.0
2021-04-01 00:00:00-04:00,263.93812633561976,264.0896986115658,261.522510040846,263.6728820800781,2301900,0.0,0.0
2021-04-05 00:00:00-04:00,264.3075749767668,267.79365040784205,264.1086201137092,266.31585693359375,2631300,0.0,0.0
2021-04-06 00:00:00-04:00,266.6000476938619,268.1346772171749,264.91384589659197,266.7895202636719,1786600,0.0,0.0
2021-04-07 00:00:00-04:00,267.11160386864856,268.68413370761823,266.2874531075612,267.67999267578125,2736300,0.0,0.0
2021-04-08 00:00:00-04:00,269.1483167629175,270.31351242763503,268.3052302681859,269.4325256347656,1600600,0.0,0.0
2021-04-09 00:00:00-04:00,269.9819446585009,272.6533518912861,268.6557233438241,272.54913330078125,1787800,0.0,0.0
2021-04-12 00:00:00-04:00,270.90078587861285,272.9185499595168,270.1145355246048,272.3880615234375,1437500,0.0,0.0
2021-04-13 00:00:00-04:00,271.49765434911586,271.93340661155383,269.1104269343292,270.19036865234375,2228000,0.0,0.0
2021-04-14 00:00:00-04:00,270.2283579823958,272.52791490246284,268.9930326874585,270.2853698730469,1903500,0.88,0.0
2021-04-15 00:00:00-04:00,272.0147999166513,272.88900154697257,270.25685600927704,270.96002197265625,2047500,0.0,0.0
2021-04-16 00:00:00-04:00,270.9695777300795,273.1551111605796,270.82704798442614,272.67999267578125,2625500,0.0,0.0
2021-04-19 00:00:00-04:00,272.81298354487325,272.9365189652894,270.7319626904356,272.2808532714844,1437100,0.0,0.0
2021-04-20 00:00:00-04:00,271.7012577770687,274.52346282003344,271.5397337268708,274.2384033203125,1889800,0.0,0.0
2021-04-21 00:00:00-04:00,275.25513152163506,276.66146355357273,273.4686815361623,276.25286865234375,1585900,0.0,0.0
2021-04-22 00:00:00-04:00,276.50941748504545,278.68546803675724,274.7609851243482,275.7207336425781,1460400,0.0,0.0
2021-04-23 00:00:00-04:00,275.7493120330701,278.314963855345,275.28370512416524,277.22216796875,1505300,0.0,0.0
2021-04-26 00:00:00-04:00,277.0890883550449,277.82076033507224,274.46642520758064,275.1125793457031,1420700,0.0,0.0
2021-04-27 00:00:00-04:00,275.6351777256998,276.4143788110943,273.7347042484981,275.80621337890625,1270900,0.0,0.0
2021-04-28 00:00:00-04:00,276.252874555056,276.94655793625833,275.39766713918556,275.82525634765625,1159900,0.0,0.0
2021-04-29 00:00:00-04:00,277.5452309079987,278.6855269926485,276.13889860238925,277.98236083984375,1247800,0.0,0.0
2021-04-30 00:00:00-04:00,276.30036956143186,276.44292829381453,274.0102951808399,275.5401916503906,1969200,0.0,0.0
2021-05-03 00:00:00-04:00,278.35286705709535,278.8185028220701,276.8704999253785,277.6307067871094,1300400,0.0,0.0
2021-05-04 00:00:00-04:00,276.41439030021866,277.4121273176508,274.7609585870602,277.08905029296875,1810700,0.0,0.0
2021-05-05 00:00:00-04:00,277.79225438777064,278.2578611933399,274.7324903820387,275.1125793457031,1553800,0.0,0.0
2021-05-06 00:00:00-04:00,275.0745988962016,276.68998428935504,273.29763146533793,276.6709899902344,1863200,0.0,0.0
2021-05-07 00:00:00-04:00,277.65925453794006,279.4551873337646,276.55697617166004,277.0225830078125,1394200,0.0,0.0
2021-05-10 00:00:00-04:00,276.1578575964174,279.46469261996367,275.7492626679163,276.1483459472656,1620700,0.0,0.0
2021-05-11 00:00:00-04:00,274.08633434139983,274.10532863982604,270.40892217037305,273.6207275390625,1541700,0.0,0.0
2021-05-12 00:00:00-04:00,271.0360742041891,271.11208039463503,265.2491351172678,265.4866943359375,2116600,0.0,0.0
2021-05-13 00:00:00-04:00,267.13054563705725,272.95550144790565,267.13054563705725,271.1215515136719,1698200,0.0,0.0
2021-05-14 00:00:00-04:00,272.5849030720719,279.8447258384339,272.3568555293127,273.8582458496094,1285600,0.0,0.0
2021-05-17 00:00:00-04:00,273.32615258880867,274.19084263848015,271.8627796604911,272.7179870605469,1500000,0.0,0.0
2021-05-18 00:00:00-04:00,271.58716498986365,272.4328896224285,268.7459663682696,268.926513671875,1438400,0.0,0.0
2021-05-19 00:00:00-04:00,265.99978270933474,267.0830665899622,263.10157204444374,266.988037109375,1625200,0.0,0.0
2021-05-20 00:00:00-04:00,267.6817908382494,270.94109698744626,267.5677380321851,269.81982421875,2094700,0.0,0.0
2021-05-21 00:00:00-04:00,270.8174856522801,272.85100630613584,268.60344668700094,269.2781066894531,2210200,0.0,0.0
2021-05-24 00:00:00-04:00,271.0075153988654,271.80571073803895,270.0667613571532,270.6749267578125,1231300,0.0,0.0
2021-05-25 00:00:00-04:00,271.5776924165117,271.9578103728499,269.4966713009528,271.75823974609375,1761300,0.0,0.0
2021-05-26 00:00:00-04:00,271.67276908249033,272.5564825866865,269.2306528836856,269.81982421875,1873200,0.0,0.0
2021-05-27 00:00:00-04:00,270.02879996226,271.0835488741621,265.2585927420838,266.1138000488281,7166300,0.0,0.0
2021-05-28 00:00:00-04:00,268.48941274455683,270.7414984580909,268.06182355762826,268.11883544921875,2005700,0.0,0.0
2021-06-01 00:00:00-04:00,271.36859155239614,271.36859155239614,266.6459138624642,266.9024963378906,1670800,0.0,0.0
2021-06-02 00:00:00-04:00,267.0640861955164,269.0310836638377,267.0640861955164,267.7767639160156,2089800,0.0,0.0
2021-06-03 00:00:00-04:00,266.06633521468495,266.81703049445514,263.57671914643333,265.7147521972656,1540600,0.0,0.0
2021-06-04 00:00:00-04:00,267.32060846541356,269.33510572801714,267.1875614014297,269.07855224609375,1146200,0.0,0.0
2021-06-07 00:00:00-04:00,269.0785507957038,270.10479371678986,267.0735361921035,268.1473083496094,1404000,0.0,0.0
2021-06-08 00:00:00-04:00,267.9668020377002,269.373163069569,266.9405589596375,267.4441833496094,1321400,0.0,0.0
2021-06-09 00:00:00-04:00,269.0121044607818,269.1736285137583,267.52973703886965,268.07135009765625,1166500,0.0,0.0
2021-06-10 00:00:00-04:00,269.4206587024056,270.54193124972596,268.7079810496113,270.0763244628906,2007200,0.0,0.0
2021-06-11 00:00:00-04:00,270.8175224685777,271.3591644732579,269.8102736522931,271.0835876464844,1473100,0.0,0.0
2021-06-14 00:00:00-04:00,271.5207239689719,271.61575347326215,269.088119453594,271.4922180175781,1672400,0.0,0.0
2021-06-15 00:00:00-04:00,272.5754630622741,273.6207294616372,271.16910199777385,271.94830322265625,1408200,0.0,0.0
2021-06-16 00:00:00-04:00,273.1740881206816,273.1740881206816,268.94552272369657,269.81024169921875,2350600,0.0,0.0
2021-06-17 00:00:00-04:00,268.4419107731867,271.22609779066687,268.4419107731867,270.59893798828125,1872100,0.0,0.0
2021-06-18 00:00:00-04:00,268.7649623274207,269.86724045138885,266.82647121293013,267.25408935546875,3134000,0.0,0.0
2021-06-21 00:00:00-04:00,269.82925509174197,273.19310175126617,267.97631058356853,271.3496398925781,1959400,0.0,0.0
2021-06-22 00:00:00-04:00,271.5396705907367,272.35686029921857,269.59166779913744,271.44464111328125,2019800,0.0,0.0
2021-06-23 00:00:00-04:00,273.43067059731345,274.0483187884512,271.37815539375754,271.4826965332031,2161300,0.0,0.0
2021-06-24 00:00:00-04:00,282.438911650834,282.9805246205324,275.1410705445893,277.0510559082031,3003900,0.0,0.0
2021-06-25 00:00:00-04:00,277.7827275389509,280.52892597409516,275.96780066184493,279.9967956542969,4233600,0.0,0.0
2021-06-28 00:00:00-04:00,279.7877025997016,281.1465341517114,277.94424104006896,279.2745666503906,1662400,0.0,0.0
2021-06-29 00:00:00-04:00,280.1203071874422,282.83797044606376,279.93975988017155,281.6786804199219,2060700,0.0,0.0
2021-06-30 00:00:00-04:00,281.2605976380265,282.21083449372327,279.17009395485013,280.1203308105469,1595300,0.0,0.0
2021-07-01 00:00:00-04:00,280.7760150091133,285.1280873346267,280.3198908487956,285.0710754394531,3104100,0.0,0.0
2021-07-02 00:00:00-04:00,285.07108371340985,289.98382148226693,285.07108371340985,289.67022705078125,2280100,0.0,0.0
2021-07-06 00:00:00-04:00,289.68916505472384,291.58015592848534,286.67693076158787,290.2023010253906,1856200,0.0,0.0
2021-07-07 00:00:00-04:00,290.60144300993335,294.3738844979241,290.01230079752474,294.20281982421875,1889900,0.0,0.0
2021-07-08 00:00:00-04:00,289.85071525735526,293.851203862952,287.59865879529474,293.76568603515625,1867700,0.0,0.0
2021-07-09 00:00:00-04:00,295.1435812549917,300.4839078903025,294.7444690051504,297.06304931640625,2054000,0.0,0.0
2021-07-12 00:00:00-04:00,296.321830587646,296.6449076092596,295.2670816934596,296.0652770996094,1456900,0.0,0.0
2021-07-13 00:00:00-04:00,295.72322162456635,298.2888728896678,294.62094332543023,297.07257080078125,1570600,0.0,0.0
2021-07-14 00:00:00-04:00,298.3113196208922,300.6650310163402,297.8158121463498,299.5882568359375,1743800,0.88,0.0
2021-07-15 00:00:00-04:00,299.10224331406647,300.6364290629641,298.54953396643685,300.1123352050781,1927800,0.0,0.0
2021-07-16 00:00:00-04:00,302.1897376016648,302.1897376016648,296.64374077640775,297.22503662109375,2666100,0.0,0.0
2021-07-19 00:00:00-04:00,293.4990975411624,295.2048309584531,291.84102752973547,294.62353515625,1851600,0.0,0.0
2021-07-20 00:00:00-04:00,295.40490898219775,299.37859426308296,294.44245142450234,297.367919921875,1448700,0.0,0.0
2021-07-21 00:00:00-04:00,297.89204680016036,299.264252726933,297.2631457411092,298.9974365234375,1180300,0.0,0.0
2021-07-22 00:00:00-04:00,299.95035498536186,300.16953686231216,298.04451665607735,299.4643859863281,1274800,0.0,0.0
2021-07-23 00:00:00-04:00,301.1224749492962,303.7906371456461,300.6841402486359,303.647705078125,1221000,0.0,0.0
2021-07-26 00:00:00-04:00,303.79067165698086,304.68641815625443,301.9324964065399,303.96221923828125,1345800,0.0,0.0
2021-07-27 00:00:00-04:00,302.91390809797963,305.0293895230959,300.94135871223983,304.82928466796875,1641000,0.0,0.0
2021-07-28 00:00:00-04:00,305.74410765809444,305.88703971096146,301.23678971912796,301.4178466796875,2006300,0.0,0.0
2021-07-29 00:00:00-04:00,302.85680088810545,304.1146612686633,301.2463650404489,303.3618469238281,1863800,0.0,0.0
2021-07-30 00:00:00-04:00,302.7519445664684,304.1527369244446,301.98008235705146,302.7233581542969,2305400,0.0,0.0
2021-08-02 00:00:00-04:00,304.23845299570473,304.4480963488137,300.6459586655182,301.1986389160156,1507200,0.0,0.0
2021-08-03 00:00:00-04:00,302.80908388736026,304.5529420792362,300.64596805695135,303.5237731933594,1979600,0.0,0.0
2021-08-04 00:00:00-04:00,303.04735015868306,304.1622784058812,300.9795318028243,301.856201171875,1448300,0.0,0.0
2021-08-05 00:00:00-04:00,302.9425529093831,305.46778302780524,302.11351784039044,305.22955322265625,1952400,0.0,0.0
2021-08-06 00:00:00-04:00,305.8870988006988,307.1925936037132,303.5048005234348,306.6780090332031,1392600,0.0,0.0
2021-08-09 00:00:00-04:00,306.8495342919766,307.0877641023755,304.3433520336548,304.47674560546875,1225100,0.0,0.0
2021-08-10 00:00:00-04:00,304.90557747061786,306.8971752387988,304.0384174523746,305.1056823730469,918900,0.0,0.0
2021-08-11 00:00:00-04:00,305.5249800443873,305.7536713695851,302.151637593774,304.73406982421875,1841600,0.0,0.0
2021-08-12 00:00:00-04:00,304.64831666240474,306.6780103756552,303.63822451488636,306.611328125,910900,0.0,0.0
2021-08-13 00:00:00-04:00,307.0209923734584,308.78389843973713,306.4396966284386,308.2216796875,970300,0.0,0.0
2021-08-16 00:00:00-04:00,308.74580888828064,313.0339451228401,307.926312366675,312.79571533203125,1781000,0.0,0.0
2021-08-17 00:00:00-04:00,312.1762891809155,314.4156547831133,311.38535007762897,313.7962341308594,1531700,0.0,0.0
2021-08-18 00:00:00-04:00,311.9571364342958,313.68191776353723,309.1079174912212,309.2698974609375,1636800,0.0,0.0
2021-08-19 00:00:00-04:00,307.6118327575677,313.5104047044578,307.26879581757976,312.79571533203125,1294200,0.0,0.0
2021-08-20 00:00:00-04:00,314.2822689566012,317.8461773445695,312.87193811670215,316.9885559082031,1726800,0.0,0.0
2021-08-23 00:00:00-04:00,318.50371139836983,319.11359365911824,317.0648231483426,317.2458801269531,2017900,0.0,0.0
2021-08-24 00:00:00-04:00,317.45552571958694,318.2750222972632,315.17803480484974,315.33050537109375,1451300,0.0,0.0
2021-08-25 00:00:00-04:00,316.3120455617731,318.83727597678205,315.5401832288985,317.7414245605469,1613600,0.0,0.0
2021-08-26 00:00:00-04:00,318.7228395781416,318.7228395781416,315.64490054123587,317.5412292480469,1702300,0.0,0.0
2021-08-27 00:00:00-04:00,318.3608127614109,320.095132906645,317.6556617690631,319.8569030761719,1126200,0.0,0.0
2021-08-30 00:00:00-04:00,319.22792021527846,322.7060693507207,317.2458611479947,321.1337585449219,973800,0.0,0.0
2021-08-31 00:00:00-04:00,321.3243597742656,321.5244646598479,319.32322367608566,320.7144775390625,1641300,0.0,0.0
2021-09-01 00:00:00-04:00,321.56256737160066,323.06816677954697,320.8097531272357,321.9913635253906,1621100,0.0,0.0
2021-09-02 00:00:00-04:00,322.5250117537672,325.9459880591094,322.32490687216483,324.9454345703125,1600500,0.0,0.0
2021-09-03 00:00:00-04:00,324.94545199358913,327.88043037733996,324.0973399343004,327.1657409667969,1566100,0.0,0.0
2021-09-07 00:00:00-04:00,327.1657519562699,328.2139689431,324.1926485614702,325.4123840332031,1380700,0.0,0.0
2021-09-08 00:00:00-04:00,324.7929928912752,326.1556604360758,323.72572798679397,324.2974853515625,1392800,0.0,0.0
2021-09-09 00:00:00-04:00,325.38374736604504,326.42242569414657,323.8971958982316,325.04071044921875,1668200,0.0,0.0
2021-09-10 00:00:00-04:00,327.32771242681764,329.2525985490084,325.42187421763674,325.8221130371094,1725200,0.0,0.0
2021-09-13 00:00:00-04:00,328.757121202722,329.20499438614263,320.05696432782275,323.4588928222656,1854200,0.0,0.0
2021-09-14 00:00:00-04:00,325.0026084114935,327.0990422088914,323.99251642205223,324.6786193847656,1758800,0.0,0.0
2021-09-15 00:00:00-04:00,324.22119475054257,329.23355866883355,323.83049441843394,328.21392822265625,1657200,0.0,0.0
2021-09-16 00:00:00-04:00,328.4140617783563,328.75709870518546,324.2021464428783,326.1175231933594,2252700,0.0,0.0
2021-09-17 00:00:00-04:00,324.0210900412913,325.44093023664544,318.81815974325355,319.60906982421875,4455100,0.0,0.0
2021-09-20 00:00:00-04:00,315.51153171431025,319.1516897928557,312.7766584471883,316.6455078125,2650200,0.0,0.0
2021-09-21 00:00:00-04:00,318.07486336083,319.66622191670297,315.29232689100814,315.55914306640625,2820300,0.0,0.0
2021-09-22 00:00:00-04:00,319.6568061248901,320.9527624761715,317.45556476294126,318.90399169921875,2441100,0.0,0.0
2021-09-23 00:00:00-04:00,321.7245478188027,328.50932728292815,321.25762675704743,326.85125732421875,4543400,0.0,0.0
2021-09-24 00:00:00-04:00,324.64053509511325,326.7369691548207,321.8199021536067,323.2588195800781,2035900,0.0,0.0
2021-09-27 00:00:00-04:00,321.6292531241077,321.8198485817313,317.3982898757626,318.760986328125,2025300,0.0,0.0
2021-09-28 00:00:00-04:00,315.94991593281213,316.38825066146427,308.61242580310125,308.9459533691406,2300500,0.0,0.0
2021-09-29 00:00:00-04:00,310.9375803493697,311.042416602604,307.8596693806262,308.2980041503906,1741300,0.0,0.0
2021-09-30 00:00:00-04:00,309.2127595651893,310.5468697860261,303.3141870537845,304.8579406738281,2382100,0.0,0.0
2021-10-01 00:00:00-04:00,308.1454369820866,311.4997307416218,304.54340403770016,309.5652770996094,1802300,0.0,0.0
2021-10-04 00:00:00-04:00,308.17409914543936,309.05079770649286,301.1320405640912,304.44818115234375,1774500,0.0,0.0
2021-10-05 00:00:00-04:00,305.8489928009153,311.9190845338633,305.7060607115977,309.8131408691406,1628800,0.0,0.0
2021-10-06 00:00:00-04:00,307.89773339745653,310.02275385262686,305.42016654378017,309.87982177734375,2166400,0.0,0.0
2021-10-07 00:00:00-04:00,312.557470516044,314.015435602476,310.46103682539126,310.8898620605469,1188400,0.0,0.0
2021-10-08 00:00:00-04:00,311.3568350232499,312.20494713791044,309.2604300639247,309.87982177734375,1229800,0.0,0.0
2021-10-11 00:00:00-04:00,309.4414866627558,313.2531637630381,309.2318432590087,311.1281433105469,1475900,0.0,0.0
2021-10-12 00:00:00-04:00,312.66232528355437,313.89159927489226,311.7856558472299,312.2621154785156,2054600,0.0,0.0
2021-10-13 00:00:00-04:00,313.7243824899453,316.878340243406,311.440130030774,315.5689697265625,1768500,0.97,0.0
2021-10-14 00:00:00-04:00,318.39801688113533,324.2567297213882,317.32755423694726,324.03692626953125,1638400,0.0,0.0
2021-10-15 00:00:00-04:00,326.0822157458863,326.77992254303405,324.18985267582457,326.69390869140625,2074900,0.0,0.0
2021-10-18 00:00:00-04:00,326.4836438119551,329.0068043015586,325.57567120810387,327.99371337890625,1636800,0.0,0.0
2021-10-19 00:00:00-04:00,329.733129557044,335.23824853182276,329.245688640742,334.26336669921875,2177800,0.0,0.0
2021-10-20 00:00:00-04:00,334.51186523126376,334.93239676663836,330.27790776573113,330.4977111816406,1740100,0.0,0.0
2021-10-21 00:00:00-04:00,330.4977436488467,332.12252739214665,329.4655483396944,331.75933837890625,1520200,0.0,0.0
2021-10-22 00:00:00-04:00,332.8393022128629,339.6251200942734,332.8393022128629,338.1341552734375,1459400,0.0,0.0
2021-10-25 00:00:00-04:00,337.63719616541414,341.35507110465784,335.92642768480414,340.66693115234375,1523800,0.0,0.0
2021-10-26 00:00:00-04:00,341.19255009396846,343.4098929798774,340.5044102041044,340.5713195800781,1547700,0.0,0.0
2021-10-27 00:00:00-04:00,339.3097674925274,341.12571268467497,338.134215693229,338.3826904296875,1567700,0.0,0.0
2021-10-28 00:00:00-04:00,339.7111220266452,342.559261990813,339.0420866601993,340.55218505859375,1500600,0.0,0.0
2021-10-29 00:00:00-04:00,338.8892120928088,343.7061915880164,338.4304715856328,342.9129333496094,1936400,0.0,0.0
2021-11-01 00:00:00-04:00,342.95109167912193,343.954644724744,336.5189253744473,339.596435546875,1600200,0.0,0.0
2021-11-02 00:00:00-04:00,341.2403918559048,347.16601400069095,340.8102934406233,345.5030212402344,2204300,0.0,0.0
2021-11-03 00:00:00-04:00,344.96774464533775,346.4587094477987,338.7076058380252,346.076416015625,1727500,0.0,0.0
2021-11-04 00:00:00-04:00,346.8793068320838,350.6831957471517,345.47435559758287,350.5684814453125,1979200,0.0,0.0
2021-11-05 00:00:00-04:00,352.5278157039233,355.6531025828452,350.7214371634954,352.1550598144531,2110600,0.0,0.0
2021-11-08 00:00:00-05:00,353.6268112560987,354.2576085275827,349.91850381186333,350.6926574707031,1731600,0.0,0.0
2021-11-09 00:00:00-05:00,350.40603715653754,351.5051419724407,348.6283299828921,351.2088623046875,1865700,0.0,0.0
2021-11-10 00:00:00-05:00,348.8194114371043,351.06542547431343,346.63073995683504,348.5995788574219,1352400,0.0,0.0
2021-11-11 00:00:00-05:00,349.40239060934346,350.9124889973084,348.13125842241755,350.0045166015625,1184300,0.0,0.0
2021-11-12 00:00:00-05:00,351.7153821396995,355.16561957840474,350.1575077096779,354.8024597167969,1802100,0.0,0.0
2021-11-15 00:00:00-05:00,355.318508731832,355.653026445535,351.7726909676722,352.14544677734375,1957400,0.0,0.0
2021-11-16 00:00:00-05:00,351.04633114480845,356.5992263113998,350.77872279342296,354.73553466796875,2041600,0.0,0.0
2021-11-17 00:00:00-05:00,355.108263105147,358.32915932126605,353.2159001705754,356.2838439941406,2254600,0.0,0.0
2021-11-18 00:00:00-05:00,354.88845720706485,356.25517024303196,352.9387225552382,354.3723449707031,2555900,0.0,0.0
2021-11-19 00:00:00-05:00,355.4905978413529,358.1189057106361,353.31149284732305,353.4261779785156,2554000,0.0,0.0
2021-11-22 00:00:00-05:00,354.9840591285259,356.2074158296391,347.0130923540841,347.2233581542969,2098400,0.0,0.0
2021-11-23 00:00:00-05:00,346.41093208187993,347.48136535379405,341.4410299855712,344.7383728027344,1998600,0.0,0.0
2021-11-24 00:00:00-05:00,343.33346871019046,346.86971988284785,342.82692328318524,346.3345031738281,2191500,0.0,0.0
2021-11-26 00:00:00-05:00,345.1875966932214,345.82793166562806,337.09240812090604,337.95257568359375,2649400,0.0,0.0
2021-11-29 00:00:00-05:00,343.24744455233304,353.1776538200134,343.24744455233304,349.6318359375,2857100,0.0,0.0
2021-11-30 00:00:00-05:00,345.66547523077884,348.8958797482936,341.4792933159958,341.58441162109375,4761200,0.0,0.0
2021-12-01 00:00:00-05:00,349.1061809708106,353.22545392760935,344.0216220371992,344.2032165527344,2876800,0.0,0.0
2021-12-02 00:00:00-05:00,343.7922274534772,352.56601938778806,343.7922274534772,349.1348571777344,3183100,0.0,0.0
2021-12-03 00:00:00-05:00,353.0629633478501,354.35322931444495,341.52707500894957,345.4265441894531,2331900,0.0,0.0
2021-12-06 00:00:00-05:00,345.9713146877369,349.23041986162895,342.2439021845148,346.2007141113281,2100200,0.0,0.0
2021-12-07 00:00:00-05:00,353.626832655206,356.62789599201113,349.7847354059803,354.90753173828125,1943800,0.0,0.0
2021-12-08 00:00:00-05:00,355.48100591704423,358.2717744693632,353.2923342609599,357.9563903808594,2271000,0.0,0.0
2021-12-09 00:00:00-05:00,356.3029627309201,357.33518725214265,354.1812002896562,355.0127258300781,1841400,0.0,0.0
2021-12-10 00:00:00-05:00,357.6601320824616,363.11744674055365,356.49411798296376,362.6491394042969,1984000,0.0,0.0
2021-12-13 00:00:00-05:00,362.64913726603476,364.2834586921531,360.5656129722555,361.0052490234375,2843900,0.0,0.0
2021-12-14 00:00:00-05:00,357.8130592861293,359.1511010953862,350.29132470436605,353.36883544921875,2475200,0.0,0.0
2021-12-15 00:00:00-05:00,353.8275363748042,359.2466415547106,351.03676793742,358.6922912597656,2804900,0.0,0.0
2021-12-16 00:00:00-05:00,394.7909546036532,395.3452757803595,381.3626735794492,382.8727722167969,6298500,0.0,0.0
2021-12-17 00:00:00-05:00,378.82040413004376,386.705328061759,374.00345341936224,378.7057189941406,4929100,0.0,0.0
2021-12-20 00:00:00-05:00,373.58290993733874,374.1085598492315,366.54858709853585,368.7085876464844,2690800,0.0,0.0
2021-12-21 00:00:00-05:00,370.8303440519115,375.7524420119593,367.819742710688,375.50396728515625,2222400,0.0,0.0
2021-12-22 00:00:00-05:00,375.8384382547409,385.88336184961815,375.8097669734865,385.8260192871094,2282400,0.0,0.0
2021-12-23 00:00:00-05:00,384.4974840696501,388.84615582197546,383.2167849987701,385.4627990722656,1374000,0.0,0.0
2021-12-27 00:00:00-05:00,388.760186988363,397.54351617945827,388.3587598697096,396.950927734375,1906300,0.0,0.0
2021-12-28 00:00:00-05:00,396.63548266931184,398.6903353605604,395.3738881098696,396.8935241699219,1362600,0.0,0.0
2021-12-29 00:00:00-05:00,396.46353246860815,398.90067906303955,394.4373506593025,397.0369873046875,1041700,0.0,0.0
2021-12-30 00:00:00-05:00,397.83982468380106,398.2221181972749,393.6536421685182,395.517333984375,1278000,0.0,0.0
2021-12-31 00:00:00-05:00,394.43730294111026,398.4992328851752,393.8733858229853,396.2054138183594,1163200,0.0,0.0
2022-01-03 00:00:00-05:00,396.31055181598185,397.1420480826214,387.1162588055899,389.1902160644531,2129900,0.0,0.0
2022-01-04 00:00:00-05:00,390.7194304200919,393.16614354830307,385.3576968658302,386.40899658203125,2516300,0.0,0.0
2022-01-05 00:00:00-05:00,386.0554273955477,386.0936654966775,379.5276789414282,379.6041259765625,2471400,0.0,0.0
2022-01-06 00:00:00-05:00,367.66678507340254,374.8444635388515,359.1319604691847,361.2728271484375,4386600,0.0,0.0
2022-01-07 00:00:00-05:00,362.31465764247025,363.1748253694878,353.76072695834245,354.3437194824219,3469000,0.0,0.0
2022-01-10 00:00:00-05:00,347.33802464195395,356.8477017580864,344.2796187266138,356.49407958984375,2952400,0.0,0.0
2022-01-11 00:00:00-05:00,353.15854480940226,359.1510758302636,347.7585438690393,358.5107116699219,2407000,0.0,0.0
2022-01-12 00:00:00-05:00,362.06578242256364,367.422263473574,360.8871536467016,361.433349609375,3143400,0.97,0.0
2022-01-13 00:00:00-05:00,362.4202540272331,363.4359712902385,345.68963555639704,346.2741394042969,2944100,0.0,0.0
2022-01-14 00:00:00-05:00,342.1250490951344,344.36729462175174,335.1108271445431,338.5987548828125,3949800,0.0,0.0
2022-01-18 00:00:00-05:00,334.04725039048157,336.35657924102134,330.55932192752505,333.7310485839844,3425600,0.0,0.0
2022-01-19 00:00:00-05:00,336.33740808503654,341.1956221089678,329.1507113310828,329.38067626953125,3374700,0.0,0.0
2022-01-20 00:00:00-05:00,331.019194406811,341.070976123458,327.75164012900353,328.3744812011719,2817300,0.0,0.0
2022-01-21 00:00:00-05:00,327.128796780421,329.70639788489734,321.24527494916316,321.6094055175781,2830700,0.0,0.0
2022-01-24 00:00:00-05:00,314.5856224185674,325.39441184533877,305.7699596904861,324.8386535644531,4544500,0.0,0.0
2022-01-25 00:00:00-05:00,318.04480934918786,325.4998067918602,313.5411352512964,320.95782470703125,3625400,0.0,0.0
2022-01-26 00:00:00-05:00,327.1575681840185,329.5914414251444,314.34606065312283,316.1092224121094,4422200,0.0,0.0
2022-01-27 00:00:00-05:00,323.43008117172906,327.4546428224125,317.18245700926303,319.43426513671875,2778000,0.0,0.0
2022-01-28 00:00:00-05:00,319.951696535597,328.7290513290588,313.5028534448854,328.52783203125,2457400,0.0,0.0
2022-01-31 00:00:00-05:00,330.58803304888636,338.92461253591176,329.18903101003866,338.8096008300781,3159300,0.0,0.0
2022-02-01 00:00:00-05:00,339.4228191124421,341.7992301493921,334.30589571791126,338.65625,2087200,0.0,0.0
2022-02-02 00:00:00-05:00,339.59533869055247,345.05723939406226,338.7425326308642,344.45355224609375,2603200,0.0,0.0
2022-02-03 00:00:00-05:00,330.8563407232651,337.22853909618397,329.6106583620303,331.11505126953125,2706300,0.0,0.0
2022-02-04 00:00:00-05:00,330.48268594664637,335.8966587472091,326.61144346798494,332.983642578125,2142800,0.0,0.0
2022-02-07 00:00:00-05:00,331.7186937079769,333.7213826840231,328.6811334437173,329.5914306640625,1265100,0.0,0.0
2022-02-08 00:00:00-05:00,325.7777229481033,331.4791507489598,325.66271125116293,330.65509033203125,2197700,0.0,0.0
2022-02-09 00:00:00-05:00,336.94102490311775,341.6363266196214,336.8356048331888,340.6781005859375,2430500,0.0,0.0
2022-02-10 00:00:00-05:00,331.63251671916026,336.8931694321958,325.7873307920406,328.08709716796875,2457700,0.0,0.0
2022-02-11 00:00:00-05:00,329.57232213709375,330.56888557478436,313.61786172806467,315.42889404296875,3091600,0.0,0.0
2022-02-14 00:00:00-05:00,309.5836794335158,314.1735906984873,308.0313578107369,312.50628662109375,2689900,0.0,0.0
2022-02-15 00:00:00-05:00,318.82101833398275,319.40552227195,313.6753483849899,315.6492919921875,2395600,0.0,0.0
2022-02-16 00:00:00-05:00,312.25715462224184,321.42738600761356,311.5288933817007,319.77923583984375,2867500,0.0,0.0
2022-02-17 00:00:00-05:00,319.0126599195978,319.0126599195978,308.78837412219787,309.4208068847656,2148000,0.0,0.0
2022-02-18 00:00:00-05:00,308.94165955668876,312.8512089139902,306.72815975451834,307.7630310058594,2421800,0.0,0.0
2022-02-22 00:00:00-05:00,306.642019345769,314.27908441849775,304.5147557087188,307.696044921875,2794300,0.0,0.0
2022-02-23 00:00:00-05:00,309.2866648896783,311.25104617608395,299.5319290391889,300.078125,2192200,0.0,0.0
2022-02-24 00:00:00-05:00,289.7196503574349,303.35518825316717,288.1481456081884,302.96234130859375,3785900,0.0,0.0
2022-02-25 00:00:00-05:00,304.0738426980289,309.6699082529545,303.1731371643538,309.0374755859375,2552600,0.0,0.0
2022-02-28 00:00:00-05:00,305.3770493102436,306.10531043514726,298.88027813547353,302.8185729980469,3419300,0.0,0.0
2022-03-01 00:00:00-05:00,303.75772248598037,304.12185314130113,296.82017376542996,298.34375,2525400,0.0,0.0
2022-03-02 00:00:00-05:00,302.2436922478681,306.8815031075312,299.49355875040595,305.0321044921875,2220800,0.0,0.0
2022-03-03 00:00:00-05:00,309.3537667372903,310.16826491860314,302.4162178723691,305.62628173828125,2120900,0.0,0.0
2022-03-04 00:00:00-05:00,301.41000889177786,303.1060878088237,297.05009182181175,301.03631591796875,1917300,0.0,0.0
2022-03-07 00:00:00-05:00,300.0972349657755,300.88298736504987,291.8756681141344,292.2781066894531,2908100,0.0,0.0
2022-03-08 00:00:00-05:00,291.0228920302136,296.101508802611,284.9381493722561,289.02020263671875,2902600,0.0,0.0
2022-03-09 00:00:00-05:00,298.0370536681331,299.62771245498686,294.8940733252294,296.49432373046875,2825900,0.0,0.0
2022-03-10 00:00:00-05:00,292.25897723318786,297.20342770140945,291.31990507403526,296.59014892578125,2049000,0.0,0.0
2022-03-11 00:00:00-05:00,301.27588325783836,305.40583556908837,298.20954792219396,298.5640869140625,3811900,0.0,0.0
2022-03-14 00:00:00-04:00,296.1589441489504,300.0684937226706,291.2049024053026,294.8269958496094,3156600,0.0,0.0
2022-03-15 00:00:00-04:00,298.2958198255723,303.68107591263026,297.28969396051525,303.0198974609375,2695200,0.0,0.0
2022-03-16 00:00:00-04:00,307.2743803960879,311.86426242069643,302.35867575958207,311.3372497558594,3473100,0.0,0.0
2022-03-17 00:00:00-04:00,324.74284100306915,330.0705761333901,305.0321217990992,306.15325927734375,4661600,0.0,0.0
2022-03-18 00:00:00-04:00,308.4242014025582,310.9251864968495,303.28812402143046,310.4173278808594,7566200,0.0,0.0
2022-03-21 00:00:00-04:00,309.86156629366894,312.71709057155175,307.5139299169246,310.9443664550781,2290500,0.0,0.0
2022-03-22 00:00:00-04:00,310.4652980554468,315.0168726411362,309.75622000398585,313.79034423828125,2022800,0.0,0.0
2022-03-23 00:00:00-04:00,311.42349838280643,313.51242436908547,306.9102614095955,307.1114807128906,1837500,0.0,0.0
2022-03-24 00:00:00-04:00,306.9773084605088,311.82595957357853,306.63236109079725,311.7013854980469,1430400,0.0,0.0
2022-03-25 00:00:00-04:00,313.8957201068456,315.74511886420464,310.7144314043119,314.0202941894531,1814000,0.0,0.0
2022-03-28 00:00:00-04:00,312.9374817796535,317.06746337072803,311.7396990975907,316.9237060546875,1984400,0.0,0.0
2022-03-29 00:00:00-04:00,324.8386339511973,326.8125772930156,322.92218183349115,326.4580383300781,2223000,0.0,0.0
2022-03-30 00:00:00-04:00,322.51022608192665,326.4772676749491,322.423989225855,324.3212585449219,1721600,0.0,0.0
2022-03-31 00:00:00-04:00,323.40128862851714,329.39020138089705,323.142578125,323.142578125,2752600,0.0,0.0
2022-04-01 00:00:00-04:00,324.4457751782355,327.0425597491884,322.2993580488345,326.41015625,2090300,0.0,0.0
2022-04-04 00:00:00-04:00,327.7037885485715,330.35809399804407,325.84482726901297,330.0802001953125,2317500,0.0,0.0
2022-04-05 00:00:00-04:00,327.2342189798644,330.87546652763933,327.2342189798644,328.49908447265625,3058100,0.0,0.0
2022-04-06 00:00:00-04:00,324.1583442714648,327.6462723782066,320.5649960781599,326.0460510253906,2299000,0.0,0.0
2022-04-07 00:00:00-04:00,324.82908283341357,330.4059662095352,323.6983829612458,327.4929504394531,2313100,0.0,0.0
2022-04-08 00:00:00-04:00,328.12537787175955,329.9172561171516,324.13915352583916,324.76202392578125,2170000,0.0,0.0
2022-04-11 00:00:00-04:00,322.0598166576479,323.324682200952,311.28933478658456,313.5986633300781,2445400,0.0,0.0
2022-04-12 00:00:00-04:00,315.955916217958,319.9996317054859,312.62127871758366,313.08123779296875,1835000,0.0,0.0
2022-04-13 00:00:00-04:00,311.7164973976178,314.60935585438295,310.65930416343315,312.9178466796875,2081400,0.97,0.0
2022-04-14 00:00:00-04:00,314.1576744554557,315.50317990149557,306.863084504957,307.03607177734375,2964800,0.0,0.0
2022-04-18 00:00:00-04:00,306.1229948776966,308.5064823090985,298.732292067271,301.3945007324219,2479300,0.0,0.0
2022-04-19 00:00:00-04:00,300.5391318435023,308.3142606927384,300.0009297243083,308.0932312011719,1758200,0.0,0.0
2022-04-20 00:00:00-04:00,311.4185758451966,315.59927735671755,310.0634502887826,311.0726013183594,2273600,0.0,0.0
2022-04-21 00:00:00-04:00,313.4944957409501,317.4637584052083,308.83325472687187,309.7655029296875,1910200,0.0,0.0
2022-04-22 00:00:00-04:00,308.52566164593884,311.23591226997064,298.23251071146666,298.70343017578125,1906800,0.0,0.0
2022-04-25 00:00:00-04:00,297.34829413511636,304.78703741656665,294.3208713300534,304.4891052246094,2049600,0.0,0.0
2022-04-26 00:00:00-04:00,299.49154725844664,302.8457048593309,290.34208225535593,291.30316162109375,2101400,0.0,0.0
2022-04-27 00:00:00-04:00,291.18783678997556,297.2714562699775,290.61118330457,291.30316162109375,1821200,0.0,0.0
2022-04-28 00:00:00-04:00,296.16625865077395,303.8356835265742,293.72510853800543,301.62518310546875,2215200,0.0,0.0
2022-04-29 00:00:00-04:00,297.9345879720339,299.83753557652346,288.1315672165127,288.6697692871094,2972100,0.0,0.0
2022-05-02 00:00:00-04:00,288.76589883046955,294.1383289804962,285.680842270111,292.7447814941406,2528900,0.0,0.0
2022-05-03 00:00:00-04:00,294.74380074395833,295.65683783584836,290.92831464543985,292.9562072753906,2121700,0.0,0.0
2022-05-04 00:00:00-04:00,291.35123633502405,303.58578858341235,289.1023138880829,302.60546875,1900200,0.0,0.0
2022-05-05 00:00:00-04:00,298.6170079226317,300.0490363443994,283.14362186364804,287.074462890625,2231700,0.0,0.0
2022-05-06 00:00:00-04:00,284.14312063081604,285.49824611339227,278.43430661052287,284.2296142578125,2477000,0.0,0.0
2022-05-09 00:00:00-04:00,279.34738581422357,281.1061484874388,274.73418637151514,276.3007507324219,2584100,0.0,0.0
2022-05-10 00:00:00-04:00,278.71305570638606,281.0196406462683,272.7063088161622,276.3968505859375,2634600,0.0,0.0
2022-05-11 00:00:00-04:00,274.6092242352229,277.2617834032121,269.54431708673894,270.0056457519531,2398600,0.0,0.0
2022-05-12 00:00:00-04:00,267.1800498096029,270.697603625235,264.09499341803394,270.2651062011719,2284600,0.0,0.0
2022-05-13 00:00:00-04:00,272.0239567935752,277.43483920861985,270.05372617069935,275.6087646484375,2373600,0.0,0.0
2022-05-16 00:00:00-04:00,273.60010660221195,277.7231458933918,271.07246280983156,275.0321350097656,1598000,0.0,0.0
2022-05-17 00:00:00-04:00,283.2108766736402,283.2108766736402,276.9831007981266,279.74139404296875,1598000,0.0,0.0
2022-05-18 00:00:00-04:00,275.7048434623553,276.07005832802275,261.81726369613705,263.4895324707031,2666000,0.0,0.0
2022-05-19 00:00:00-04:00,259.6355806424138,267.1800594089532,259.20311253262594,262.9609069824219,2679500,0.0,0.0
2022-05-20 00:00:00-04:00,264.85423692337537,267.5644877556811,257.7326646813981,265.8825988769531,3007800,0.0,0.0
2022-05-23 00:00:00-04:00,270.33239785141666,272.8792522578344,265.41167628207796,272.36029052734375,2128900,0.0,0.0
2022-05-24 00:00:00-04:00,268.9292467973403,270.09214466785727,262.4227204386557,268.4390869140625,2088700,0.0,0.0
2022-05-25 00:00:00-04:00,267.49721511260066,270.3900734771713,264.52748330154674,268.7562561035156,1812600,0.0,0.0
2022-05-26 00:00:00-04:00,271.447278172757,281.4809498281188,270.1690260985444,280.20269775390625,2742800,0.0,0.0
2022-05-27 00:00:00-04:00,282.01910502822943,292.33149621597,282.01910502822943,292.312255859375,2759000,0.0,0.0
2022-05-31 00:00:00-04:00,290.630405188832,291.51461114345625,285.15227019739496,286.84375,4143700,0.0,0.0
2022-06-01 00:00:00-04:00,292.2930930461938,294.7726650815664,285.805806864674,287.0263671875,1784600,0.0,0.0
2022-06-02 00:00:00-04:00,288.2853948382542,294.82075295069416,286.2863624095122,294.6861877441406,1318500,0.0,0.0
2022-06-03 00:00:00-04:00,290.53429286661566,294.87839055528104,290.16910732917387,293.0811767578125,1714500,0.0,0.0
2022-06-06 00:00:00-04:00,297.934629112745,300.16434047300294,291.9470935882934,292.8697509765625,1401000,0.0,0.0
2022-06-07 00:00:00-04:00,288.7370203219308,294.9456131424616,288.71780929644234,294.599609375,2311100,0.0,0.0
2022-06-08 00:00:00-04:00,293.12918653677133,295.4453911696394,289.98646778410966,290.8610534667969,1428600,0.0,0.0
2022-06-09 00:00:00-04:00,288.94850662545036,290.8418341568937,283.27814421035777,283.9316711425781,2497900,0.0,0.0
2022-06-10 00:00:00-04:00,279.5683985438713,279.8855418382562,274.8494952074352,274.8783264160156,2169900,0.0,0.0
2022-06-13 00:00:00-04:00,265.8922405849812,270.36125410148776,264.16228000032856,265.73846435546875,2414200,0.0,0.0
2022-06-14 00:00:00-04:00,263.96046190089794,266.4592743067988,261.99985163413675,264.41217041015625,2052600,0.0,0.0
2022-06-15 00:00:00-04:00,266.1997446448013,274.7245130090877,265.3539902011623,270.2458801269531,2536000,0.0,0.0
2022-06-16 00:00:00-04:00,264.6331990219591,264.6812412564684,258.616833038792,260.35638427734375,2741800,0.0,0.0
2022-06-17 00:00:00-04:00,261.99980943549593,267.74707411041095,260.38520327813126,264.6620178222656,4446100,0.0,0.0
2022-06-21 00:00:00-04:00,267.3242226971203,273.24447517570803,266.86292336749983,271.7259826660156,2550200,0.0,0.0
2022-06-22 00:00:00-04:00,268.22765501279713,279.0590096468679,268.22765501279713,275.2531433105469,2939000,0.0,0.0
2022-06-23 00:00:00-04:00,265.25792431559125,275.1378197437184,264.2968448796652,274.705322265625,3482100,0.0,0.0
2022-06-24 00:00:00-04:00,274.30166312660566,287.9489724143195,273.8787858626385,287.71832275390625,4647900,0.0,0.0
2022-06-27 00:00:00-04:00,287.3050462382179,289.2848672357052,280.2891791302072,281.23101806640625,2107500,0.0,0.0
2022-06-28 00:00:00-04:00,281.6827697111497,284.9888853330262,272.45640121590867,272.75433349609375,2167500,0.0,0.0
2022-06-29 00:00:00-04:00,267.58373162380997,270.2074595379595,264.5370971098334,268.91961669921875,2405800,0.0,0.0
2022-06-30 00:00:00-04:00,266.53610603595064,269.73651648968587,264.6043566113428,266.8436584472656,2562200,0.0,0.0
2022-07-01 00:00:00-04:00,266.77643808695376,271.3800171626651,265.527046453042,269.7269592285156,2400200,0.0,0.0
2022-07-05 00:00:00-04:00,265.5270196683037,265.651964685055,259.18388966178065,264.4602355957031,3181300,0.0,0.0
2022-07-06 00:00:00-04:00,267.1415954678993,268.34294459943015,264.2583575522254,265.2002258300781,2260300,0.0,0.0
2022-07-07 00:00:00-04:00,266.46887910245806,268.87157755983486,263.7297969950855,268.52557373046875,2169100,0.0,0.0
2022-07-08 00:00:00-04:00,266.8436894061799,268.9196244286853,264.46982211621366,268.20843505859375,1987600,0.0,0.0
2022-07-11 00:00:00-04:00,265.9979506189798,267.2185402998281,262.6822440919177,264.1719055175781,1850000,0.0,0.0
2022-07-12 00:00:00-04:00,263.9124431584046,268.41990847238503,261.83650786697024,263.0186462402344,2280400,0.0,0.0
2022-07-13 00:00:00-04:00,258.6784179392031,265.3334493474602,257.8392798164427,262.5074768066406,2185200,0.97,0.0
2022-07-14 00:00:00-04:00,258.9773601418367,260.4144527026405,252.47662378878366,259.1316833496094,1877700,0.0,0.0
2022-07-15 00:00:00-04:00,262.4399185017094,263.16329202049354,257.3859288352532,261.8804931640625,1741100,0.0,0.0
2022-07-18 00:00:00-04:00,263.30790663722405,265.52623986454194,258.47576310748497,259.1123352050781,2048900,0.0,0.0
2022-07-19 00:00:00-04:00,262.71955943566473,270.54162215460155,262.0926123432563,270.09796142578125,1942100,0.0,0.0
2022-07-20 00:00:00-04:00,270.0593915012132,273.58945707936135,269.5289294701338,271.66046142578125,2158500,0.0,0.0
2022-07-21 00:00:00-04:00,271.19749740520507,277.99722488327563,270.79242479280674,277.7850341796875,1546800,0.0,0.0
2022-07-22 00:00:00-04:00,277.2931308590654,280.7460201983939,275.6534727464173,277.7850341796875,1502400,0.0,0.0
2022-07-25 00:00:00-04:00,278.0069126921021,279.28005720143483,275.3159842847359,279.0196533203125,1354700,0.0,0.0
2022-07-26 00:00:00-04:00,277.6886322186215,278.4602188713791,273.5895155782904,275.0555419921875,1710700,0.0,0.0
2022-07-27 00:00:00-04:00,278.58561168794097,288.87681877550307,277.7272237339473,286.96710205078125,1821500,0.0,0.0
2022-07-28 00:00:00-04:00,286.43665364452914,293.6896686921276,284.3050916709602,292.8987731933594,1845400,0.0,0.0
2022-07-29 00:00:00-04:00,293.7185236326893,296.83386222666877,292.1656962513911,295.3871154785156,1868000,0.0,0.0
2022-08-01 00:00:00-04:00,291.7895494188858,295.8886655066592,290.3524569623325,293.92108154296875,1425700,0.0,0.0
2022-08-02 00:00:00-04:00,291.64484682428315,295.69571988700454,288.7802872069381,291.7413024902344,1772100,0.0,0.0
2022-08-03 00:00:00-04:00,291.35549139805835,298.4252769717435,290.91183063802606,297.22930908203125,1359800,0.0,0.0
2022-08-04 00:00:00-04:00,298.2131623699722,299.7756445430883,296.48670257296897,299.5827331542969,1624600,0.0,0.0
2022-08-05 00:00:00-04:00,294.046470446704,298.5989017180018,293.5063539767314,298.367431640625,1504500,0.0,0.0
2022-08-08 00:00:00-04:00,299.4765691309762,301.70455671084284,297.5668528764603,299.3125915527344,1604700,0.0,0.0
2022-08-09 00:00:00-04:00,297.16183564703715,300.03602081011223,296.8917773880742,298.7918395996094,1761100,0.0,0.0
2022-08-10 00:00:00-04:00,303.8168257843441,306.4884742592371,303.20918742331315,305.2442932128906,1474800,0.0,0.0
2022-08-11 00:00:00-04:00,306.46924222416663,308.51397329287914,302.6498383517765,303.2574768066406,1570100,0.0,0.0
2022-08-12 00:00:00-04:00,305.51437536586434,309.54596967071393,303.27673309205784,309.063720703125,1774400,0.0,0.0
2022-08-15 00:00:00-04:00,306.4017579690208,309.56531064870904,306.31495666967487,308.9576721191406,1125300,0.0,0.0
2022-08-16 00:00:00-04:00,306.89358607624126,311.41708353658197,306.8260641597252,309.3916320800781,1596000,0.0,0.0
2022-08-17 00:00:00-04:00,306.1509773869537,308.9576407499456,304.4245176730844,307.1444091796875,1505900,0.0,0.0
2022-08-18 00:00:00-04:00,307.6748998979276,309.46885227050944,305.18650770244227,308.1185607910156,1386200,0.0,0.0
2022-08-19 00:00:00-04:00,305.64941581432515,306.4692450159092,302.43765036754195,304.0965881347656,1672500,0.0,0.0
2022-08-22 00:00:00-04:00,298.3481276926825,301.7431791981232,297.5572617707474,298.9943542480469,1648100,0.0,0.0
2022-08-23 00:00:00-04:00,297.14253649551114,300.21928752829524,295.61864257778103,295.8115539550781,1217900,0.0,0.0
2022-08-24 00:00:00-04:00,295.7921880848813,297.04605292709675,293.0722971341602,295.3871154785156,1695500,0.0,0.0
2022-08-25 00:00:00-04:00,296.21660826976415,299.65987304539294,295.020640220292,298.77252197265625,1722900,0.0,0.0
2022-08-26 00:00:00-04:00,298.8304480667695,298.9076244016864,287.4204479337144,287.54583740234375,1701600,0.0,0.0
2022-08-29 00:00:00-04:00,284.526882434226,287.2949867165813,282.79079797608006,284.66192626953125,1662800,0.0,0.0
2022-08-30 00:00:00-04:00,286.97673972443255,287.42040055755876,279.3861452648082,282.11566162109375,1661100,0.0,0.0
2022-08-31 00:00:00-04:00,284.18933068643634,285.4142619880519,277.22565392767245,278.2190856933594,2455000,0.0,0.0
2022-09-01 00:00:00-04:00,277.5824805906094,278.76882358998535,274.04278982224446,278.537353515625,2021400,0.0,0.0
2022-09-02 00:00:00-04:00,282.1831878612073,282.7522381509997,272.779332329981,273.9849548339844,1889400,0.0,0.0
2022-09-06 00:00:00-04:00,273.8595455320025,276.0585996425293,271.3614994168883,273.3965759277344,2354500,0.0,0.0
2022-09-07 00:00:00-04:00,272.14277089612614,277.81402408907553,269.4711219177145,276.5794677734375,1899300,0.0,0.0
2022-09-08 00:00:00-04:00,274.11032419519915,278.0647421712091,272.3356220973224,277.73681640625,1790700,0.0,0.0
2022-09-09 00:00:00-04:00,279.12566614587746,281.7201676635939,278.6434172308244,280.2348327636719,2005100,0.0,0.0
2022-09-12 00:00:00-04:00,283.4369827655768,286.27260884228224,282.2796029885195,284.77764892578125,2026400,0.0,0.0
2022-09-13 00:00:00-04:00,277.8718646396076,279.646537331409,270.38735114598063,271.52545166015625,1789200,0.0,0.0
2022-09-14 00:00:00-04:00,270.966014274917,272.5477753610968,266.230326545027,268.6415710449219,2397600,0.0,0.0
2022-09-15 00:00:00-04:00,267.3877111134803,270.5319536372657,261.9865180431009,264.1373291015625,2198700,0.0,0.0
2022-09-16 00:00:00-04:00,263.37546643053236,264.3785231217931,260.53984005801425,262.9992980957031,3838900,0.0,0.0
2022-09-19 00:00:00-04:00,260.7809850097668,265.5648870511027,260.6073824265983,265.2176818847656,2165200,0.0,0.0
2022-09-20 00:00:00-04:00,261.9672619619747,262.24697459610496,258.128579136264,260.6459045410156,2390100,0.0,0.0
2022-09-21 00:00:00-04:00,260.4144116041757,265.17903319344236,255.82339255845213,255.9970245361328,2746500,0.0,0.0
2022-09-22 00:00:00-04:00,254.71426137959958,261.8226065978101,252.64059666337536,253.00711059570312,3462900,0.0,0.0
2022-09-23 00:00:00-04:00,249.93999316472022,251.1166523140758,247.10436706079244,250.7501678466797,3100000,0.0,0.0
2022-09-26 00:00:00-04:00,248.8790690623541,253.04567800052,247.9338504378331,248.39682006835938,2349800,0.0,0.0
2022-09-27 00:00:00-04:00,250.25827836338632,253.85586622835493,245.24289208505104,247.23939514160156,2495800,0.0,0.0
2022-09-28 00:00:00-04:00,247.87598291118107,254.3477561689753,246.94041868547356,252.63095092773438,2552600,0.0,0.0
2022-09-29 00:00:00-04:00,249.72783836877434,251.84006193691712,246.6124991918426,249.10089111328125,2559100,0.0,0.0
2022-09-30 00:00:00-04:00,249.5252747209246,254.67569061992654,247.82777821952538,248.1653289794922,2924400,0.0,0.0
2022-10-03 00:00:00-04:00,251.0298802004629,257.617417927452,249.48670697029667,255.4858856201172,1893900,0.0,0.0
2022-10-04 00:00:00-04:00,260.80028105472667,265.1791106820667,260.3373408033349,264.57147216796875,3143700,0.0,0.0
2022-10-05 00:00:00-04:00,261.71653277303324,267.10807294940815,260.0093525104959,264.6003723144531,1843000,0.0,0.0
2022-10-06 00:00:00-04:00,263.8769860532855,265.92171696252615,259.64285543162987,259.90325927734375,2336800,0.0,0.0
2022-10-07 00:00:00-04:00,257.01940018125396,257.38588464316655,249.12016035766644,250.48973083496094,1951200,0.0,0.0
2022-10-10 00:00:00-04:00,252.20655799213677,252.20655799213677,246.84395177749448,248.69580078125,1526800,0.0,0.0
2022-10-11 00:00:00-04:00,247.10440249661747,248.174981161759,242.34941964364575,243.9987030029297,2261800,0.0,0.0
2022-10-12 00:00:00-04:00,244.5024677479636,246.00407577168977,242.12892777236243,242.2645721435547,1699400,1.12,0.0
2022-10-13 00:00:00-04:00,236.06432312630193,251.08053619319114,235.36679531371684,249.42388916015625,3435100,0.0,0.0
2022-10-14 00:00:00-04:00,252.97936600650687,253.61876900455502,244.19246040527216,244.8318634033203,1723100,0.0,0.0
2022-10-17 00:00:00-04:00,249.85986956932888,254.66504501981055,249.57891304891757,254.03533935546875,2534800,0.0,0.0
2022-10-18 00:00:00-04:00,260.6230540762789,261.33027919164533,253.78342058942204,255.8081817626953,2114500,0.0,0.0
2022-10-19 00:00:00-04:00,253.99656210842736,256.4185295468669,251.6714792805318,255.81788635253906,2412600,0.0,0.0
2022-10-20 00:00:00-04:00,256.0310374211209,261.24311642005983,252.49497064265057,253.60906982421875,1970100,0.0,0.0
2022-10-21 00:00:00-04:00,253.3668882864174,261.4659637908559,252.54341334099075,261.15594482421875,3206600,0.0,0.0
2022-10-24 00:00:00-04:00,264.25600868095194,268.2958633165139,261.68872914757645,266.71673583984375,2201900,0.0,0.0
2022-10-25 00:00:00-04:00,266.8911334220601,272.374471641602,266.8911334220601,271.851318359375,1701400,0.0,0.0
2022-10-26 00:00:00-04:00,269.32280285864454,274.77707874046797,269.32280285864454,271.1344299316406,1772500,0.0,0.0
2022-10-27 00:00:00-04:00,272.4034934426969,273.97292349027083,269.7587241273519,270.13653564453125,1927800,0.0,0.0
2022-10-28 00:00:00-04:00,270.34969222253494,279.2237845054627,270.34969222253494,278.7975158691406,2306300,0.0,0.0
2022-10-31 00:00:00-04:00,274.6317612527696,278.94284584975736,274.428294687167,275.03863525390625,2364500,0.0,0.0
2022-11-01 00:00:00-04:00,278.09996343195127,279.19469735259776,271.80284862082647,272.6844482421875,1537200,0.0,0.0
2022-11-02 00:00:00-04:00,271.03751235650293,274.3701418050943,263.6069330612947,263.9460144042969,1727200,0.0,0.0
2022-11-03 00:00:00-04:00,258.3174172366079,260.0321598312321,248.02887297375116,248.86204528808594,3225500,0.0,0.0
2022-11-04 00:00:00-04:00,251.81680416808442,255.91478392489407,248.13542530121123,253.0084228515625,2496300,0.0,0.0
2022-11-07 00:00:00-05:00,254.54879803935313,260.710269501915,253.21186717652398,260.6715393066406,2170000,0.0,0.0
2022-11-08 00:00:00-05:00,262.6284809639832,266.3195573032325,257.813608085548,260.6327819824219,2444000,0.0,0.0
2022-11-09 00:00:00-05:00,258.0074074959892,260.7878219573414,257.0870478538866,258.1236572265625,1831600,0.0,0.0
2022-11-10 00:00:00-05:00,269.4971747948846,278.34220530234165,268.71245964865125,278.0612487792969,3121400,0.0,0.0
2022-11-11 00:00:00-05:00,278.24528926791874,282.63389293154137,271.8706841996775,281.035400390625,2620500,0.0,0.0
2022-11-14 00:00:00-05:00,277.2183809777552,283.6898707349531,276.0849167979779,279.8922424316406,2493000,0.0,0.0
2022-11-15 00:00:00-05:00,283.8545842846722,287.19691118161387,280.977285780141,283.5155029296875,1960700,0.0,0.0
2022-11-16 00:00:00-05:00,283.6123886905634,283.93207538568237,281.0547768694825,282.4111022949219,1607900,0.0,0.0
2022-11-17 00:00:00-05:00,276.8890174513475,280.64791584148566,274.50580964632434,278.1775207519531,1555400,0.0,0.0
2022-11-18 00:00:00-05:00,281.539133866654,281.82009033293804,274.2054398404353,277.55743408203125,1322900,0.0,0.0
2022-11-21 00:00:00-05:00,276.58870310495263,279.8147509766859,276.19149686617465,278.0612487792969,1308100,0.0,0.0
2022-11-22 00:00:00-05:00,279.83413900294136,284.581189528019,278.1968865601136,283.748046875,1417500,0.0,0.0
2022-11-23 00:00:00-05:00,283.9320999572989,287.13881234178086,283.27333184881,285.33685302734375,1229100,0.0,0.0
2022-11-25 00:00:00-05:00,285.1139790526912,288.2334741212232,285.1139790526912,287.1484375,677900,0.0,0.0
2022-11-28 00:00:00-05:00,284.1064874876823,285.76310499350745,280.73509805570893,281.5295104980469,1253100,0.0,0.0
2022-11-29 00:00:00-05:00,280.27980690365,281.5489156999768,277.6737671151529,278.9913330078125,1055000,0.0,0.0
2022-11-30 00:00:00-05:00,277.6737385848422,291.5758386174981,277.29592701046056,291.5370788574219,2767100,0.0,0.0
2022-12-01 00:00:00-05:00,293.00960188693296,295.6059436138198,290.63606221946236,293.3777160644531,1767200,0.0,0.0
2022-12-02 00:00:00-05:00,289.71574790030144,292.7189935897722,287.206593054221,290.7620544433594,1744500,0.0,0.0
2022-12-05 00:00:00-05:00,286.5381458567044,287.9235338594687,281.51013851386483,283.60272216796875,1800300,0.0,0.0
2022-12-06 00:00:00-05:00,282.17863515818703,283.35088894894585,273.45955041820554,276.5015563964844,1920300,0.0,0.0
2022-12-07 00:00:00-05:00,276.2011788529024,278.09999308946766,273.38200514285677,277.7415466308594,1861600,0.0,0.0
2022-12-08 00:00:00-05:00,279.0107277933299,284.881576158778,277.88693103635745,283.03118896484375,2046000,0.0,0.0
2022-12-09 00:00:00-05:00,280.3573199740452,282.663008494275,278.89444195615795,279.40789794921875,1827200,0.0,0.0
2022-12-12 00:00:00-05:00,277.20871796453224,283.8061548692545,275.60052804549855,283.2151794433594,2429900,0.0,0.0
2022-12-13 00:00:00-05:00,293.5036799293799,294.44340443374426,283.78674820756436,286.1312255859375,3516800,0.0,0.0
2022-12-14 00:00:00-05:00,284.8718194977004,288.01070963589365,278.8750253083392,282.3529968261719,2552200,0.0,0.0
2022-12-15 00:00:00-05:00,278.45844158184065,279.38849839289765,270.5628334089091,272.34539794921875,2870000,0.0,0.0
2022-12-16 00:00:00-05:00,266.09676591789935,266.41645265246643,255.03320422095197,256.2248229980469,6532500,0.0,0.0
2022-12-19 00:00:00-05:00,254.94598866636184,256.0116602718384,246.22690572797066,247.42819213867188,4147500,0.0,0.0
2022-12-20 00:00:00-05:00,245.8200205350511,254.23876721052494,245.58750633161108,253.72531127929688,3102500,0.0,0.0
2022-12-21 00:00:00-05:00,256.22479792879903,262.26032205310935,256.1569757427874,260.5262145996094,3580100,0.0,0.0
2022-12-22 00:00:00-05:00,256.18601380687323,257.62949684737987,252.50463536107193,256.49603271484375,2276200,0.0,0.0
2022-12-23 00:00:00-05:00,257.4939520888905,258.3852197354331,255.0913492461822,257.7845764160156,1213300,0.0,0.0
2022-12-27 00:00:00-05:00,257.619845056684,258.87925629648976,255.46913679245398,257.02886962890625,1009600,0.0,0.0
2022-12-28 00:00:00-05:00,257.7942069873381,260.73932752133766,254.4712749259182,254.90721130371094,1387000,0.0,0.0
2022-12-29 00:00:00-05:00,257.30012783310804,262.4153218524767,257.30012783310804,260.0030517578125,1516800,0.0,0.0
2022-12-30 00:00:00-05:00,257.25172754759495,258.55959600866885,254.40349118882435,258.5111389160156,1339500,0.0,0.0
2023-01-03 00:00:00-05:00,260.7974899309567,264.88577253110213,258.71457408752593,261.82440185546875,2250100,0.0,0.0
2023-01-04 00:00:00-05:00,264.8954410309098,266.39707872602963,258.6758446078749,260.93310546875,2052400,0.0,0.0
2023-01-05 00:00:00-05:00,259.0729918980108,259.77051961116445,253.24087615149483,254.77157592773438,2477100,0.0,0.0
2023-01-06 00:00:00-05:00,255.7404219579403,262.04720569361933,253.21187232572774,260.8071594238281,1587000,0.0,0.0
2023-01-09 00:00:00-05:00,263.4325771139229,269.79748530856006,263.035370891497,265.2054443359375,2181500,0.0,0.0
2023-01-10 00:00:00-05:00,264.80826485681655,267.6661986547109,262.8028684453464,266.3486328125,1853000,0.0,0.0
2023-01-11 00:00:00-05:00,267.43806650472925,273.5274890945512,267.22406038440425,273.42047119140625,2382400,1.12,0.0
2023-01-12 00:00:00-05:00,275.03525498169137,280.1227468642136,274.6753423237285,276.10528564453125,2482500,0.0,0.0
2023-01-13 00:00:00-05:00,272.68121796307685,274.9574488234276,271.3777368560024,274.4516296386719,2226800,0.0,0.0
2023-01-17 00:00:00-05:00,275.3271177678497,279.9087611146843,274.6461810184656,277.1169738769531,2863700,0.0,0.0
2023-01-18 00:00:00-05:00,276.82514086635894,279.4515773510712,269.43226571199955,270.3271789550781,2192700,0.0,0.0
2023-01-19 00:00:00-05:00,269.7240609816812,271.34856619520355,265.1618620849732,265.4537048339844,2212500,0.0,0.0
2023-01-20 00:00:00-05:00,267.0198008452478,273.4107736950282,265.3758514269153,272.8271179199219,3306600,0.0,0.0
2023-01-23 00:00:00-05:00,270.96916167354925,275.1617106235166,269.86994973189815,271.7279052734375,2593300,0.0,0.0
2023-01-24 00:00:00-05:00,269.1695862772124,270.5411670444394,265.54124855685757,267.3797302246094,2205300,0.0,0.0
2023-01-25 00:00:00-05:00,263.36227153189856,266.29025793140295,258.4207156063582,265.7163391113281,2576300,0.0,0.0
2023-01-26 00:00:00-05:00,269.61708251095655,269.77269635956594,263.48874079155866,266.786376953125,1942600,0.0,0.0
2023-01-27 00:00:00-05:00,265.8136184599914,271.8057607590292,265.50233140098396,269.7143249511719,2101100,0.0,0.0
2023-01-30 00:00:00-05:00,266.1151033597948,269.8893763896685,265.86217897553706,266.84466552734375,1732900,0.0,0.0
2023-01-31 00:00:00-05:00,267.4477534966616,271.44573974609375,266.4458226856442,271.44573974609375,1841800,0.0,0.0
2023-02-01 00:00:00-05:00,269.06257814069454,277.4963015780302,268.1871093310216,275.871826171875,1797000,0.0,0.0
2023-02-02 00:00:00-05:00,281.53323187762845,287.7296427309999,279.0429653288637,286.085693359375,2715900,0.0,0.0
2023-02-03 00:00:00-05:00,280.3659343313412,281.7861406552781,278.9457280074042,281.33868408203125,2168000,0.0,0.0
2023-02-06 00:00:00-05:00,278.2064437700664,279.9573815417845,275.71620664826077,276.7278747558594,1262400,0.0,0.0
2023-02-07 00:00:00-05:00,274.9963632415277,280.9787682024877,274.8018014192338,279.9768371582031,1401100,0.0,0.0
2023-02-08 00:00:00-05:00,278.0896988547307,281.2997611042649,276.2414802963333,276.9515686035156,1381800,0.0,0.0
2023-02-09 00:00:00-05:00,279.5877366031352,281.49431773557455,276.6694874533755,277.3893127441406,1752000,0.0,0.0
2023-02-10 00:00:00-05:00,274.0236210950461,276.81540817512206,273.362128692497,276.2220153808594,1347600,0.0,0.0
2023-02-13 00:00:00-05:00,276.62087646156664,280.5507942580907,276.62087646156664,280.492431640625,1284500,0.0,0.0
2023-02-14 00:00:00-05:00,277.6908854620817,280.288140479326,275.62866064423844,277.00994873046875,1821100,0.0,0.0
2023-02-15 00:00:00-05:00,274.3154321979818,279.9865502344338,274.28625089263346,279.81146240234375,1890200,0.0,0.0
2023-02-16 00:00:00-05:00,275.3173457203316,277.6811203608341,271.0469899846307,273.5566711425781,1899200,0.0,0.0
2023-02-17 00:00:00-05:00,271.183172922815,271.7862730154033,267.418636156655,269.50030517578125,2722400,0.0,0.0
2023-02-21 00:00:00-05:00,264.5879249259624,265.70658117136065,261.4556696272679,261.8155822753906,2446200,0.0,0.0
2023-02-22 00:00:00-05:00,263.2552509016398,265.06455105891905,260.8525580022877,262.2825012207031,1823800,0.0,0.0
2023-02-23 00:00:00-05:00,263.3914419589381,264.8797479050379,260.5121109799802,263.83892822265625,1885500,0.0,0.0
2023-02-24 00:00:00-05:00,260.1132858518685,260.1132858518685,257.03939297746024,259.2669982910156,1735000,0.0,0.0
2023-02-27 00:00:00-05:00,261.5821468831788,262.632703583677,258.2358852653436,258.99462890625,1512900,0.0,0.0
2023-02-28 00:00:00-05:00,257.47713963054997,261.17357689127044,255.5900026972231,258.3136901855469,2160400,0.0,0.0
2023-03-01 00:00:00-05:00,257.7884528888176,258.7222844531798,254.61727880891715,256.4071350097656,1700500,0.0,0.0
2023-03-02 00:00:00-05:00,256.68918640561407,258.9362357573742,254.49076266272894,258.0315856933594,2278300,0.0,0.0
2023-03-03 00:00:00-05:00,260.60937188815456,262.37004644459677,258.74167942957155,261.8642272949219,1596100,0.0,0.0
2023-03-06 00:00:00-05:00,262.8369756634685,264.63653882442975,261.74747108460934,262.2825012207031,1649100,0.0,0.0
2023-03-07 00:00:00-05:00,261.8836811959771,262.6813430921971,256.5238207312833,257.00048828125,2219300,0.0,0.0
2023-03-08 00:00:00-05:00,256.25144609125977,258.3525890034838,255.33705899929285,256.4751892089844,1462700,0.0,0.0
2023-03-09 00:00:00-05:00,258.58605653953816,259.43237376989765,251.6698199711154,252.68148803710938,1949800,0.0,0.0
2023-03-10 00:00:00-05:00,253.05112501974872,253.24565715110057,244.74383414452032,246.05703735351562,2924600,0.0,0.0
2023-03-13 00:00:00-04:00,246.21268343021356,248.30408940127555,242.44814674510877,244.46173095703125,3232100,0.0,0.0
2023-03-14 00:00:00-04:00,249.38384946160292,249.73405480943433,243.14853482467143,245.599853515625,2925600,0.0,0.0
2023-03-15 00:00:00-04:00,241.20303763790417,241.21275979205504,236.18364530114036,239.46180725097656,4508000,0.0,0.0
2023-03-16 00:00:00-04:00,238.27504593077904,246.88388707009304,236.89374308063628,246.02786254882812,4119600,0.0,0.0
2023-03-17 00:00:00-04:00,247.39946271194424,248.76130651840288,241.65050773178135,243.1874542236328,6470800,0.0,0.0
2023-03-20 00:00:00-04:00,243.88780451092424,246.97141926030022,243.19714569714796,245.66793823242188,3182100,0.0,0.0
2023-03-21 00:00:00-04:00,247.93445249790733,251.45580172197708,247.02006538949564,250.5997772216797,2831200,0.0,0.0
2023-03-22 00:00:00-04:00,250.24962423181105,254.1989860636239,246.13488187138964,246.36834716796875,3059300,0.0,0.0
2023-03-23 00:00:00-04:00,252.37996509147837,267.12682696462986,252.23402886252285,264.2572326660156,5166900,0.0,0.0
2023-03-24 00:00:00-04:00,263.08023165368394,264.6657891106648,257.6036447728231,264.5879821777344,4123600,0.0,0.0
2023-03-27 00:00:00-04:00,263.3525442174638,266.8836007894554,263.26500030436966,266.4945068359375,3743800,0.0,0.0
2023-03-28 00:00:00-04:00,266.45557755045934,268.6345271063494,265.17154098246925,267.5061340332031,2869400,0.0,0.0
2023-03-29 00:00:00-04:00,268.47891775428826,272.62284098435237,268.47891775428826,272.3115539550781,2431500,0.0,0.0
2023-03-30 00:00:00-04:00,273.34269028653335,275.3271081650973,273.1286841458454,274.95745849609375,2293600,0.0,0.0
2023-03-31 00:00:00-04:00,275.40490721683904,278.1675129720743,274.90879533988203,278.0216064453125,3009300,0.0,0.0
2023-04-03 00:00:00-04:00,275.6675622060305,278.6538813371599,275.44381907958217,278.05078125,2417300,0.0,0.0
2023-04-04 00:00:00-04:00,276.6889375554508,279.5974497694486,276.4749314258812,278.05078125,2331700,0.0,0.0
2023-04-05 00:00:00-04:00,278.4399015110413,279.0819199603998,273.2551579850873,273.6636962890625,2443200,0.0,0.0
2023-04-06 00:00:00-04:00,273.0119525380543,274.54888410453947,271.2609851499177,274.02362060546875,2125300,0.0,0.0
2023-04-10 00:00:00-04:00,270.41467121649754,274.0527751681168,268.8290845049206,274.0041198730469,1575900,0.0,0.0
2023-04-11 00:00:00-04:00,275.2979285497461,279.8212091521928,274.85044227085257,278.5274353027344,3122500,0.0,0.0
2023-04-12 00:00:00-04:00,281.63294202773267,281.88682987673764,276.3106253940434,277.1114196777344,2656000,1.12,0.0
2023-04-13 00:00:00-04:00,276.3691962762712,278.73250781690984,273.1660491864429,278.58599853515625,3164200,0.0,0.0
2023-04-14 00:00:00-04:00,276.65241131028733,278.27352042834383,271.2715032583831,272.7070617675781,2871700,0.0,0.0
2023-04-17 00:00:00-04:00,272.2480874023927,275.2168675001971,272.2480874023927,273.41998291015625,2899000,0.0,0.0
2023-04-18 00:00:00-04:00,274.7676126434297,274.81645900571624,271.8867501599459,273.4004211425781,1893800,0.0,0.0
2023-04-19 00:00:00-04:00,272.267625260624,273.4395208423942,271.0078717831451,273.34185791015625,2204700,0.0,0.0
2023-04-20 00:00:00-04:00,270.78325690034524,271.06647047026945,267.58010933832395,269.0937805175781,2686100,0.0,0.0
2023-04-21 00:00:00-04:00,269.2695508227056,271.32032317331516,268.9472661601541,269.85546875,1600700,0.0,0.0
2023-04-24 00:00:00-04:00,269.3378988472364,271.1152627714133,268.4199209876083,270.7539367675781,1359700,0.0,0.0
2023-04-25 00:00:00-04:00,269.396495151396,270.22658533229907,264.2499837138627,264.357421875,1935400,0.0,0.0
2023-04-26 00:00:00-04:00,265.4804570942921,267.1601580323937,263.8691231821837,264.8554382324219,2009400,0.0,0.0
2023-04-27 00:00:00-04:00,267.43363719428754,270.0117658870583,264.48437741835505,268.99615478515625,1983600,0.0,0.0
2023-04-28 00:00:00-04:00,267.3066772934603,273.8594520725245,267.3066772934603,273.7227478027344,2084500,0.0,0.0
2023-05-01 00:00:00-04:00,272.55079275092663,273.35158693635066,270.94923418261624,272.8730773925781,1165600,0.0,0.0
2023-05-02 00:00:00-04:00,273.3027825955152,273.8106179143662,267.60939434391116,270.2558898925781,1728300,0.0,0.0
2023-05-03 00:00:00-04:00,271.60353895264444,273.0293222584178,268.38087111571605,268.732421875,1951200,0.0,0.0
2023-05-04 00:00:00-04:00,266.8769703281844,267.3652551853278,259.4550345390965,260.2558288574219,2586200,0.0,0.0
2023-05-05 00:00:00-04:00,262.9120809998495,264.0449053642718,258.1952627279609,259.42572021484375,2592100,0.0,0.0
2023-05-08 00:00:00-04:00,259.7870389996865,260.7440879540501,257.2870231623078,258.61517333984375,1843000,0.0,0.0
2023-05-09 00:00:00-04:00,256.7889684163256,258.2928640263933,255.54870604645166,257.3065490722656,2712000,0.0,0.0
2023-05-10 00:00:00-04:00,259.6210634854989,263.58593412575084,258.2245759521556,262.58984375,2800200,0.0,0.0
2023-05-11 00:00:00-04:00,263.9765264095539,266.056624427676,261.89642839143175,265.8905944824219,2915700,0.0,0.0
2023-05-12 00:00:00-04:00,266.7305027028914,270.8027819032878,266.11525898710136,270.69537353515625,2664400,0.0,0.0
2023-05-15 00:00:00-04:00,269.83594756019636,272.003933294575,268.1855425289445,271.0078430175781,2762700,0.0,0.0
2023-05-16 00:00:00-04:00,270.59769619255314,274.1231283276664,269.8847895784336,272.64849853515625,2079000,0.0,0.0
2023-05-17 00:00:00-04:00,274.60159686571404,279.660220032157,273.6640984331486,277.96099853515625,2486600,0.0,0.0
2023-05-18 00:00:00-04:00,277.87314544822755,281.17395573926683,277.5997071295786,280.7442626953125,1869700,0.0,0.0
2023-05-19 00:00:00-04:00,281.83803609828783,284.52360291353,280.61732390954137,283.1173400878906,2213300,0.0,0.0
2023-05-22 00:00:00-04:00,282.58993792630787,284.93369898541965,282.1016531305538,284.1329345703125,2044100,0.0,0.0
2023-05-23 00:00:00-04:00,282.38492355425984,284.2208795246263,280.3927128414638,281.3497619628906,2219800,0.0,0.0
2023-05-24 00:00:00-04:00,279.32820259598503,281.53525943748963,278.22467417523274,280.0997009277344,2815100,0.0,0.0
2023-05-25 00:00:00-04:00,281.7500688827042,286.28133575121353,278.4980758402228,284.9239196777344,3689600,0.0,0.0
2023-05-26 00:00:00-04:00,287.1114674622413,301.36938983413944,286.7599167052616,296.4865417480469,4578800,0.0,0.0
2023-05-30 00:00:00-04:00,299.03538333168655,311.43782977244496,297.8537424032571,301.203369140625,6238600,0.0,0.0
2023-05-31 00:00:00-04:00,297.5412610406467,303.078424576031,295.90063103110447,298.7522277832031,5270100,0.0,0.0
2023-06-01 00:00:00-04:00,298.5666529935189,298.91820376603215,293.0587858038183,298.049072265625,2393700,0.0,0.0
2023-06-02 00:00:00-04:00,300.29515457639184,304.88504365678654,299.43576855261244,304.0940246582031,2272500,0.0,0.0
2023-06-05 00:00:00-04:00,298.1857819067308,300.19751305922443,294.8166343991272,297.316650390625,3008000,0.0,0.0
2023-06-06 00:00:00-04:00,295.78337701617437,302.062711792888,294.68962393685996,300.8224792480469,2419400,0.0,0.0
2023-06-07 00:00:00-04:00,302.2287910962502,304.6897359267437,299.96314231751836,303.7424621582031,2490000,0.0,0.0
2023-06-08 00:00:00-04:00,303.5861845766261,303.5861845766261,299.5236514938547,300.1291198730469,1870300,0.0,0.0
2023-06-09 00:00:00-04:00,301.8869693834565,303.87917973966665,299.45532058270413,301.486572265625,2202600,0.0,0.0
2023-06-12 00:00:00-04:00,300.61741233617863,304.5432412733851,300.33422860484336,304.1819152832031,2642300,0.0,0.0
2023-06-13 00:00:00-04:00,307.93195052176156,310.03156931782985,306.04717824172366,307.77569580078125,3981900,0.0,0.0
2023-06-14 00:00:00-04:00,308.6155477326152,310.9007172681384,305.95927694043957,307.66827392578125,2421100,0.0,0.0
2023-06-15 00:00:00-04:00,311.7015086295413,317.46326387936784,307.95148457064533,316.1839599609375,3288900,0.0,0.0
2023-06-16 00:00:00-04:00,318.2835579922633,320.2464425044193,311.61357133621084,312.05303955078125,5266300,0.0,0.0
2023-06-20 00:00:00-04:00,309.82649154937315,313.1273016799508,307.62920987337156,309.96319580078125,3349400,0.0,0.0
2023-06-21 00:00:00-04:00,309.0745260649804,310.2269009282838,305.7541951395014,305.86163330078125,3121400,0.0,0.0
2023-06-22 00:00:00-04:00,291.2228273973172,300.3635348316806,289.0646168124491,300.051025390625,4889000,0.0,0.0
2023-06-23 00:00:00-04:00,292.99042532385715,295.59787948844166,290.72480631109147,291.43768310546875,4233800,0.0,0.0
2023-06-26 00:00:00-04:00,289.64079507284,293.81073683804783,289.56268261229775,290.44158935546875,2826900,0.0,0.0
2023-06-27 00:00:00-04:00,290.1583576121373,293.9767483616647,289.1720127697096,293.76190185546875,2054200,0.0,0.0
2023-06-28 00:00:00-04:00,293.439636992763,295.07049149563596,290.8028872159423,294.65057373046875,2061700,0.0,0.0
2023-06-29 00:00:00-04:00,294.338092237942,303.29324921462944,293.06856358942304,301.105712890625,2739400,0.0,0.0
2023-06-30 00:00:00-04:00,302.2385048777449,305.36353940409975,301.10568060700473,301.3498229980469,2668500,0.0,0.0
2023-07-03 00:00:00-04:00,300.7834553254631,303.97682738523105,300.20728280228093,303.6838684082031,1172800,0.0,0.0
2023-07-05 00:00:00-04:00,298.9670948443519,304.6702589375719,297.8830868618959,302.63897705078125,1924800,0.0,0.0
2023-07-06 00:00:00-04:00,299.72882502636145,301.22297567261245,297.51199244092743,300.75421142578125,1375800,0.0,0.0
2023-07-07 00:00:00-04:00,299.5431904087345,303.96704930188577,298.12715263261646,298.5959167480469,1902800,0.0,0.0
2023-07-10 00:00:00-04:00,298.0587644727317,301.8673795075656,296.9943073093125,301.2228698730469,1684500,0.0,0.0
2023-07-11 00:00:00-04:00,301.2229325070307,303.51784743425367,298.66429488759695,302.4631652832031,1347800,0.0,0.0
2023-07-12 00:00:00-04:00,306.12876930813553,308.4222322251584,304.57039180980087,307.6381530761719,1788200,1.12,0.0
2023-07-13 00:00:00-04:00,308.7358958701983,310.19625609193673,308.0302126260668,308.94171142578125,1822700,0.0,0.0
2023-07-14 00:00:00-04:00,309.78459165211075,311.56840603712646,308.7456733642887,309.49053955078125,1295500,0.0,0.0
2023-07-17 00:00:00-04:00,309.4023943557646,314.35198822637904,308.7457346960164,313.4208679199219,2033400,0.0,0.0
2023-07-18 00:00:00-04:00,313.1659923142869,316.3219603670135,313.04838342833614,316.01812744140625,1574500,0.0,0.0
2023-07-19 00:00:00-04:00,316.57678693924186,317.74312486292683,312.36230917027586,312.4602966308594,2170900,0.0,0.0
2023-07-20 00:00:00-04:00,309.9610244567423,309.9610244567423,304.5409957235394,306.2561950683594,2097000,0.0,0.0
2023-07-21 00:00:00-04:00,306.96188687276714,310.19625090639016,306.33459959482366,308.53985595703125,3265700,0.0,0.0
2023-07-24 00:00:00-04:00,308.35360303413233,310.5588591897865,306.4619904880728,307.05987548828125,1341500,0.0,0.0
2023-07-25 00:00:00-04:00,307.23631888577495,313.04838738876356,306.79525564717625,311.2743835449219,2163900,0.0,0.0
2023-07-26 00:00:00-04:00,310.0982114452816,312.22504158577766,308.12817318727764,310.2158203125,1512500,0.0,0.0
2023-07-27 00:00:00-04:00,313.63644665205464,317.1256497282026,311.62722512997084,312.47991943359375,2981200,0.0,0.0
2023-07-28 00:00:00-04:00,313.3718317442183,315.7436906604518,307.7263660416081,309.2749328613281,1920900,0.0,0.0
2023-07-31 00:00:00-04:00,308.73589170991715,312.0486816193743,308.73589170991715,310.0590515136719,1351400,0.0,0.0
2023-08-01 00:00:00-04:00,309.16712955798835,314.9890084895235,308.0007916296056,314.587158203125,1913800,0.0,0.0
2023-08-02 00:00:00-04:00,311.2253535415977,314.53814306832857,310.3922508050594,311.4605712890625,1799700,0.0,0.0
2023-08-03 00:00:00-04:00,309.7943793342363,312.0290377647649,307.9027667408632,310.8235168457031,1355900,0.0,0.0
2023-08-04 00:00:00-04:00,309.30429590762986,311.5585755653656,305.06041636833777,305.7955017089844,2140600,0.0,0.0
2023-08-07 00:00:00-04:00,307.8439605269823,309.84340118825713,305.84451986570747,309.58856201171875,1530600,0.0,0.0
2023-08-08 00:00:00-04:00,306.70704989651745,309.0299151624712,303.46287512860766,308.8829040527344,1550300,0.0,0.0
2023-08-09 00:00:00-04:00,308.324235507642,308.9221205751242,304.0411423002188,305.33489990234375,1504500,0.0,0.0
2023-08-10 00:00:00-04:00,305.30550326082204,308.5594888369062,302.7277987204513,304.2371826171875,1862400,0.0,0.0
2023-08-11 00:00:00-04:00,301.84566500241107,304.3253518581607,300.0422590992024,302.9041748046875,1351200,0.0,0.0
2023-08-14 00:00:00-04:00,301.91432044497355,306.25621822183217,301.63988972548304,305.5113220214844,1334200,0.0,0.0
2023-08-15 00:00:00-04:00,304.66839200429484,305.3054600157671,300.4048908341336,301.2869873046875,1256100,0.0,0.0
2023-08-16 00:00:00-04:00,299.47375268096306,304.2273104828686,299.1895412212575,301.522216796875,1212500,0.0,0.0
2023-08-17 00:00:00-04:00,302.2082703823506,303.0609645599759,298.7092571128486,299.5619812011719,1653700,0.0,0.0
2023-08-18 00:00:00-04:00,296.8176930760251,298.7779208970877,295.31811998934023,296.91571044921875,1997100,0.0,0.0
2023-08-21 00:00:00-04:00,298.1702645848938,301.1792215649307,297.0137373120841,300.41473388671875,1072400,0.0,0.0
2023-08-22 00:00:00-04:00,303.4432633113237,304.7468016113636,301.74765553061735,302.7571716308594,1139700,0.0,0.0
2023-08-23 00:00:00-04:00,303.8352875299972,310.3922514505167,303.1002021569407,309.069091796875,1486100,0.0,0.0
2023-08-24 00:00:00-04:00,310.1080425211244,311.5292196887235,307.40294840443244,307.89300537109375,2077500,0.0,0.0
2023-08-25 00:00:00-04:00,310.3727079443452,313.3816351379547,307.91261227727773,312.421142578125,1451500,0.0,0.0
2023-08-28 00:00:00-04:00,312.421081643632,315.83185849404373,312.4014602249612,314.5283203125,1236400,0.0,0.0
2023-08-29 00:00:00-04:00,314.0187066433467,317.9195408208227,313.20519535670246,317.0178527832031,1525000,0.0,0.0
2023-08-30 00:00:00-04:00,317.3706692346045,317.47849731365966,315.1164193022694,316.8218078613281,1470400,0.0,0.0
2023-08-31 00:00:00-04:00,318.4096132577106,319.742583779538,317.272677489615,317.33148193359375,1986300,0.0,0.0
2023-09-01 00:00:00-04:00,319.5661392227884,322.1830566118971,318.6350489231512,321.2225341796875,1732700,0.0,0.0
2023-09-05 00:00:00-04:00,321.22248631657214,322.3398304024938,318.0273356770387,319.6739196777344,1736600,0.0,0.0
2023-09-06 00:00:00-04:00,317.80193567309544,321.2225236513979,317.2726657861065,319.8111572265625,1247900,0.0,0.0
2023-09-07 00:00:00-04:00,317.4588930716285,322.49669298337045,316.80223349446567,321.67340087890625,1533000,0.0,0.0
2023-09-08 00:00:00-04:00,322.97694081042215,323.8688480722894,318.0763711808459,318.9976806640625,1416800,0.0,0.0
2023-09-11 00:00:00-04:00,320.9774891933377,321.7027938133137,318.0371475148306,319.38970947265625,1551300,0.0,0.0
2023-09-12 00:00:00-04:00,315.05762710710087,316.07692403382623,306.88345080810865,308.6280822753906,3205000,0.0,0.0
2023-09-13 00:00:00-04:00,307.98121566240974,310.4118791028215,306.69726878749447,307.6675720214844,2496200,0.0,0.0
2023-09-14 00:00:00-04:00,309.3533495360266,310.6862900591622,307.06966743968417,310.29425048828125,1904000,0.0,0.0
2023-09-15 00:00:00-04:00,309.9414050334221,310.3922490170326,305.2662429545882,306.3149719238281,3335400,0.0,0.0
2023-09-18 00:00:00-04:00,305.7955418908532,310.45108299335817,304.81542797453636,309.598388671875,1350700,0.0,0.0
2023-09-19 00:00:00-04:00,304.9134407855679,311.4605944700237,304.81542341326235,311.01953125,1898800,0.0,0.0
2023-09-20 00:00:00-04:00,312.4112950396796,316.89042258948353,310.15704511034056,310.50006103515625,1693100,0.0,0.0
2023-09-21 00:00:00-04:00,308.07915367321885,310.22560526076285,305.47207731980745,305.7955017089844,1911600,0.0,0.0
2023-09-22 00:00:00-04:00,307.7950080066703,312.3231298873003,306.7070659163847,309.8042297363281,1994400,0.0,0.0
2023-09-25 00:00:00-04:00,309.284754051851,312.34270477414793,308.618283747905,310.6863098144531,2054600,0.0,0.0
2023-09-26 00:00:00-04:00,306.50122240265307,308.2360132513741,302.590577482479,304.43316650390625,2343600,0.0,0.0
2023-09-27 00:00:00-04:00,306.0013137725068,308.7162480761387,304.4723386740905,308.128173828125,2435400,0.0,0.0
2023-09-28 00:00:00-04:00,295.7494018901479,300.59116748213387,288.6337646212159,294.78887939453125,4326800,0.0,0.0
2023-09-29 00:00:00-04:00,298.29768297038925,303.1492290163831,296.8471035745004,301.0027770996094,3171700,0.0,0.0
2023-10-02 00:00:00-04:00,301.4536019127462,302.3258876217033,299.04250048288543,302.1298828125,2063300,0.0,0.0
2023-10-03 00:00:00-04:00,300.9537706800634,305.35447250412295,299.47378912485664,300.1402893066406,2454800,0.0,0.0
2023-10-04 00:00:00-04:00,304.560587126652,304.81542631493187,300.76755107687,303.2374572753906,2153800,0.0,0.0
2023-10-05 00:00:00-04:00,302.6689723945156,304.23716062353867,299.297378170862,303.5020751953125,2095400,0.0,0.0
2023-10-06 00:00:00-04:00,302.1495016795694,308.84366622952336,300.6205264401219,305.98175048828125,2441500,0.0,0.0
2023-10-09 00:00:00-04:00,303.6589069730122,306.8638687773874,302.2279190900721,305.80535888671875,1407600,0.0,0.0
2023-10-10 00:00:00-04:00,307.12845823381497,309.15730105912576,305.3642652878843,306.1091613769531,1904600,0.0,0.0
2023-10-11 00:00:00-04:00,307.3787858197914,309.7703335295647,305.04628644595624,307.5953063964844,1298000,1.29,0.0
2023-10-12 00:00:00-04:00,306.8571498402038,306.8571498402038,299.3970569052682,299.544677734375,2295500,0.0,0.0
2023-10-13 00:00:00-04:00,297.51725275842955,301.1587264979604,295.35207732080033,297.0546875,1672500,0.0,0.0
2023-10-16 00:00:00-04:00,299.21006241708267,302.959781674077,297.17283489291157,300.5091857910156,1491600,0.0,0.0
2023-10-17 00:00:00-04:00,297.98970875241895,304.9281585100141,297.6354187382181,303.3731689453125,1576200,0.0,0.0
2023-10-18 00:00:00-04:00,301.8673596038713,304.475427735439,298.5113058818325,298.9640197753906,1373800,0.0,0.0
2023-10-19 00:00:00-04:00,300.1056928625169,302.1429505845727,296.8086872319223,298.1471862792969,1384700,0.0,0.0
2023-10-20 00:00:00-04:00,297.59600393462813,298.1274689206201,291.2480383709462,292.3011169433594,2385700,0.0,0.0
2023-10-23 00:00:00-04:00,290.33279101015523,293.76756594352565,290.03754933828543,290.27374267578125,1314900,0.0,0.0
2023-10-24 00:00:00-04:00,291.5826625661186,293.2853028211831,289.3977842765974,291.405517578125,1849200,0.0,0.0
2023-10-25 00:00:00-04:00,288.88599644754265,290.82482984791886,286.5141219806532,288.0494384765625,2174900,0.0,0.0
2023-10-26 00:00:00-04:00,289.16160255384915,291.2185328673781,285.776024707582,287.41961669921875,2692500,0.0,0.0
2023-10-27 00:00:00-04:00,287.3113459753758,288.4038001987108,283.89624390888946,285.4512634277344,1480300,0.0,0.0
2023-10-30 00:00:00-04:00,287.12434995662284,289.1714589400031,285.07727100799985,288.0691833496094,1843500,0.0,0.0
2023-10-31 00:00:00-04:00,288.4431424229192,292.5767058687876,288.4431424229192,292.38970947265625,1953400,0.0,0.0
2023-11-01 00:00:00-04:00,293.45262195243055,297.39915873118474,293.45262195243055,295.883544921875,1973000,0.0,0.0
2023-11-02 00:00:00-04:00,298.8656304989872,303.9931943421877,296.5331011931209,303.2452087402344,2152800,0.0,0.0
2023-11-03 00:00:00-04:00,304.7411780701096,311.7190030743317,304.12114053912,308.5302429199219,2145600,0.0,0.0
2023-11-06 00:00:00-05:00,307.37875922662573,309.2093175518549,306.1190114443345,308.1365661621094,1426200,0.0,0.0
2023-11-07 00:00:00-05:00,308.04798450757767,313.33302020299345,307.7625642272161,310.2033386230469,1860400,0.0,0.0
2023-11-08 00:00:00-05:00,311.85676606948164,314.4057858394591,310.3903491062868,312.791748046875,1815000,0.0,0.0
2023-11-09 00:00:00-05:00,312.2602727031475,312.3685479976246,308.49088082182385,309.2486877441406,1574900,0.0,0.0
2023-11-10 00:00:00-05:00,310.5478349861906,315.2029822078405,309.7801766048667,314.6321716308594,1433500,0.0,0.0
2023-11-13 00:00:00-05:00,311.01037583462306,311.9453277448235,309.3372597335718,310.6363830566406,1448600,0.0,0.0
2023-11-14 00:00:00-05:00,314.76011156743544,317.09261081831556,313.7857540062997,315.41949462890625,1823700,0.0,0.0
2023-11-15 00:00:00-05:00,314.5633031423969,320.5668013541002,313.69722077287105,320.35028076171875,2347100,0.0,0.0
2023-11-16 00:00:00-05:00,321.9249284123839,324.45427542684587,320.9210466989945,322.1414489746094,2142100,0.0,0.0
2023-11-17 00:00:00-05:00,322.4760779801934,323.7259744327039,321.0588578910871,322.64337158203125,1561500,0.0,0.0
2023-11-20 00:00:00-05:00,321.2950381639298,326.7965946600677,321.05884483693495,325.664794921875,1413900,0.0,0.0
2023-11-21 00:00:00-05:00,326.0584670878494,327.18044548333165,323.558674233797,325.0349426269531,1602800,0.0,0.0
2023-11-22 00:00:00-05:00,328.9519517696175,330.2215509829072,327.54458312595324,327.8595275878906,1425700,0.0,0.0
2023-11-24 00:00:00-05:00,327.8791933186728,329.60150638732006,326.8359660913012,328.755126953125,708500,0.0,0.0
2023-11-27 00:00:00-05:00,328.5385857407763,329.13892041313846,326.9343694349823,327.1705627441406,1586900,0.0,0.0
2023-11-28 00:00:00-05:00,326.353719642755,327.91856044353284,324.76917604231284,327.29852294921875,1377800,0.0,0.0
2023-11-29 00:00:00-05:00,329.6999638831682,330.4872950665974,327.51508530917897,328.06622314453125,1307300,0.0,0.0
2023-11-30 00:00:00-05:00,328.91261203376314,329.69994316772335,326.9048785969798,327.869384765625,4298100,0.0,0.0
2023-12-01 00:00:00-05:00,328.5188754657307,333.1445278965114,327.8890166440574,332.71148681640625,1688000,0.0,0.0
2023-12-04 00:00:00-05:00,329.88695798606534,333.4496811234959,328.88310622900633,331.1073303222656,2349500,0.0,0.0
2023-12-05 00:00:00-05:00,329.3357880163397,331.9930530085723,328.036664668267,330.51678466796875,1516500,0.0,0.0
2023-12-06 00:00:00-05:00,332.426102420339,334.08936719503987,329.68026486331814,330.10345458984375,1502100,0.0,0.0
2023-12-07 00:00:00-05:00,331.23526321079436,331.23526321079436,328.9322880844692,329.7983703613281,1870200,0.0,0.0
2023-12-08 00:00:00-05:00,329.7983475078969,332.3670399587685,329.26688250487814,331.8946533203125,1274500,0.0,0.0
2023-12-11 00:00:00-05:00,329.90664058435766,336.97306876794715,329.8968192178035,336.8943176269531,1814100,0.0,0.0
2023-12-12 00:00:00-05:00,336.52028727179305,337.81941064050017,335.80185589019885,337.7898864746094,1935300,0.0,0.0
2023-12-13 00:00:00-05:00,337.9670237138508,339.7385637309113,334.492873444902,338.2032470703125,2461000,0.0,0.0
2023-12-14 00:00:00-05:00,337.3174385520497,339.9255364481857,335.3490809155721,337.3076171875,2551300,0.0,0.0
2023-12-15 00:00:00-05:00,333.08551644818243,341.4707100431478,330.9301622082685,338.7051696777344,3880200,0.0,0.0
2023-12-18 00:00:00-05:00,337.2387413343147,338.5378646746931,335.2507107932551,336.4415588378906,3208000,0.0,0.0
2023-12-19 00:00:00-05:00,327.4658740986638,339.3448912441884,326.76708541646497,336.1069641113281,3252800,0.0,0.0
2023-12-20 00:00:00-05:00,340.0928756987761,341.1459543840501,333.84333335676,334.1287536621094,3406200,0.0,0.0
2023-12-21 00:00:00-05:00,334.78814961114716,343.97052553238404,334.78814961114716,343.2323913574219,3304200,0.0,0.0
2023-12-22 00:00:00-05:00,344.46261598960893,349.20636550957886,342.40568568687036,348.84222412109375,2313900,0.0,0.0
2023-12-26 00:00:00-05:00,348.5371370466989,349.3146167682535,345.9487416822714,347.8383483886719,1535700,0.0,0.0
2023-12-27 00:00:00-05:00,348.89140237851143,349.7574845722051,346.06681388413904,348.22216796875,1309700,0.0,0.0
2023-12-28 00:00:00-05:00,348.53710936958566,348.8913993358679,345.6928181007718,346.0274353027344,1300800,0.0,0.0
2023-12-29 00:00:00-05:00,346.22429755436724,347.326573097429,343.9016197731248,345.35821533203125,1233500,0.0,0.0
2024-01-02 00:00:00-05:00,342.6812623893656,344.75786550498253,339.8271495130605,341.4313659667969,2319500,0.0,0.0
2024-01-03 00:00:00-05:00,337.1108114880407,338.33118376386216,332.18991678262176,332.5737609863281,3060900,0.0,0.0
2024-01-04 00:00:00-05:00,332.5737517730118,334.42398290179574,331.20572866612,331.7568664550781,2750600,0.0,0.0
2024-01-05 00:00:00-05:00,332.6524832725375,334.37479642557577,330.2314114785702,331.2943115234375,1510800,0.0,0.0
2024-01-08 00:00:00-05:00,329.6999082455204,335.0833676502031,329.6999082455204,334.96527099609375,1909500,0.0,0.0
2024-01-09 00:00:00-05:00,333.9023478129712,337.3371524250177,332.681975649413,337.3273010253906,1625900,0.0,0.0
2024-01-10 00:00:00-05:00,339.1283514222799,340.1617572859263,337.35684141996666,339.8664855957031,1569100,0.0,0.0
2024-01-11 00:00:00-05:00,338.06547106671024,342.91746610686573,337.62257852302525,342.4647521972656,1785800,0.0,0.0
2024-01-12 00:00:00-05:00,344.46260481023785,352.00141856539824,343.1930056570628,350.69244384765625,2405900,0.0,0.0
2024-01-16 00:00:00-05:00,346.79511576710485,350.84010668260333,345.5550407363342,348.9504699707031,2097500,0.0,0.0
2024-01-17 00:00:00-05:00,347.50833789124636,352.96083276242916,347.50833789124636,349.3258361816406,1917100,1.29,0.0
2024-01-18 00:00:00-05:00,351.6668498596788,355.38088511197526,350.827267122787,355.1536865234375,2064100,0.0,0.0
2024-01-19 00:00:00-05:00,357.1094838757057,360.35926468889056,355.716720670055,359.45050048828125,2506200,0.0,0.0
2024-01-22 00:00:00-05:00,359.54928957559696,364.14242694376134,359.0554031888173,362.72003173828125,2302500,0.0,0.0
2024-01-23 00:00:00-05:00,362.8682143955191,365.4759491506796,361.1692740570435,365.337646484375,1693100,0.0,0.0
2024-01-24 00:00:00-05:00,366.46367196208837,367.68850046474654,363.3324192372995,364.38934326171875,2250100,0.0,0.0
2024-01-25 00:00:00-05:00,367.826803797159,371.135848379574,365.5944278431875,367.3921813964844,2227400,0.0,0.0
2024-01-26 00:00:00-05:00,367.3724497697672,369.5653064526465,365.2882336186783,366.5328369140625,1404800,0.0,0.0
2024-01-29 00:00:00-05:00,365.9895290122499,370.8394965741282,365.5549066138114,368.7849426269531,1683100,0.0,0.0
2024-01-30 00:00:00-05:00,369.426977507073,370.661693340987,366.44391490433134,366.7599792480469,1849500,0.0,0.0
2024-01-31 00:00:00-05:00,366.4636928214753,368.16266316917427,358.99613319063,359.4307556152344,2320100,0.0,0.0
2024-02-01 00:00:00-05:00,359.54927320509603,366.67110613775617,359.0060102621466,366.3747863769531,1500000,0.0,0.0
2024-02-02 00:00:00-05:00,367.6391146630503,370.2270742508578,364.9622591517414,368.38983154296875,1590500,0.0,0.0
2024-02-05 00:00:00-05:00,367.9453603993836,369.4270195687771,364.5573070000344,365.811767578125,1787300,0.0,0.0
2024-02-06 00:00:00-05:00,365.98953697073006,367.16498891782663,357.96882731602267,360.24072265625,4012000,0.0,0.0
2024-02-07 00:00:00-05:00,360.53705112046083,365.3969062785661,359.66780628369145,362.1668701171875,2531800,0.0,0.0
2024-02-08 00:00:00-05:00,363.1842815268127,364.9524032094292,362.43359472667294,363.9745178222656,1679800,0.0,0.0
2024-02-09 00:00:00-05:00,364.7350954311656,367.9256123312119,363.45100288755606,367.1255187988281,1482600,0.0,0.0
2024-02-12 00:00:00-05:00,364.972126250405,365.8710030271346,361.70260101623745,362.93731689453125,1325000,0.0,0.0
2024-02-13 00:00:00-05:00,356.9909340674334,361.2877513285984,355.59817094722507,358.3738098144531,1696900,0.0,0.0
2024-02-14 00:00:00-05:00,361.7618759580292,366.65136304239917,361.7618759580292,366.4439392089844,2114600,0.0,0.0
2024-02-15 00:00:00-05:00,368.03424958056127,369.9801631264439,365.6142244016075,366.96746826171875,2358800,0.0,0.0
2024-02-16 00:00:00-05:00,367.74777647097835,368.8639644824771,363.84609226193874,364.9622802734375,2410200,0.0,0.0
2024-02-20 00:00:00-05:00,365.35737309219434,365.475900993732,357.02056904716125,358.5121154785156,1631000,0.0,0.0
2024-02-21 00:00:00-05:00,355.93400213544027,357.9490668331256,354.58075839363454,356.4970397949219,1758000,0.0,0.0
2024-02-22 00:00:00-05:00,365.1993424054696,367.6391423042125,363.8954751405571,366.7698974609375,1614600,0.0,0.0
2024-02-23 00:00:00-05:00,369.41715101153454,373.3484977265697,368.2713309115077,372.7064514160156,1614500,0.0,0.0
2024-02-26 00:00:00-05:00,372.2520270044383,375.64996770254425,372.2520270044383,372.8644714355469,1455000,0.0,0.0
2024-02-27 00:00:00-05:00,372.3903382403234,375.1067133866388,370.31600937243235,373.2892150878906,1083200,0.0,0.0
2024-02-28 00:00:00-05:00,373.6151386715696,374.8498545540707,370.622188578164,373.40771484375,1264200,0.0,0.0
2024-02-29 00:00:00-05:00,375.7487574180282,375.7487574180282,369.57517757695774,370.1974792480469,3329500,0.0,0.0
2024-03-01 00:00:00-05:00,371.20499981315567,377.32920312585105,371.20499981315567,376.33154296875,2109900,0.0,0.0
2024-03-04 00:00:00-05:00,377.63540418422224,382.2483162702001,376.94395118946863,379.0182800292969,1642900,0.0,0.0
2024-03-05 00:00:00-05:00,376.8748140682163,379.4627737855088,369.3874799292268,372.27178955078125,1539400,0.0,0.0
2024-03-06 00:00:00-05:00,375.35362384132685,378.3762058743894,373.18051185605225,376.1734619140625,1451200,0.0,0.0
2024-03-07 00:00:00-05:00,379.9467925793144,382.7718383961573,379.0084265279843,382.1791687011719,1564300,0.0,0.0
2024-03-08 00:00:00-05:00,381.96183317889194,382.7718140390156,373.11139810210864,373.5460205078125,1641100,0.0,0.0
2024-03-11 00:00:00-04:00,369.8023752086461,370.9679398449554,362.5817586567992,368.65655517578125,2220000,0.0,0.0
2024-03-12 00:00:00-04:00,370.41478374813886,377.7440708661189,370.26662386352604,375.8277893066406,1793700,0.0,0.0
2024-03-13 00:00:00-04:00,374.85975596735415,376.5192069409254,373.0916343169486,374.08929443359375,1635800,0.0,0.0
2024-03-14 00:00:00-04:00,376.32165996802144,376.82540355466625,371.9556913023697,373.58551025390625,1706700,0.0,0.0
2024-03-15 00:00:00-04:00,364.28072648417475,370.5530895714894,362.3841895116194,370.0196838378906,3865400,0.0,0.0
2024-03-18 00:00:00-04:00,374.1288136351301,374.3066054941353,367.62925210791013,368.11328125,2164400,0.0,0.0
2024-03-19 00:00:00-04:00,368.92321917145597,373.7040354622277,366.49330674951347,373.45709228515625,2062800,0.0,0.0
2024-03-20 00:00:00-04:00,373.4077330878656,376.60810716545603,370.6123494568545,375.78826904296875,2877600,0.0,0.0
2024-03-21 00:00:00-04:00,359.5394126708759,364.51779603501893,338.09487357291204,340.8112487792969,9574800,0.0,0.0
2024-03-22 00:00:00-04:00,346.04640167423975,346.18470432354343,331.68420811491984,333.373291015625,5899300,0.0,0.0
2024-03-25 00:00:00-04:00,331.9015058174875,331.9015058174875,325.6587752835105,329.73828125,5320000,0.0,0.0
2024-03-26 00:00:00-04:00,331.04217006315486,333.7091383705501,330.25193378566496,332.2768859863281,3006500,0.0,0.0
2024-03-27 00:00:00-04:00,333.74865806290074,338.1738606436569,333.74865806290074,336.771240234375,3295200,0.0,0.0
2024-03-28 00:00:00-04:00,337.24540459575184,342.7374189840537,336.67247948754573,342.3719177246094,3614900,0.0,0.0
2024-04-01 00:00:00-04:00,340.6432872523063,340.78158990304325,333.9363321579152,335.02288818359375,2320200,0.0,0.0
2024-04-02 00:00:00-04:00,332.5534622805721,334.7364315997404,328.92832305423224,332.34600830078125,2453300,0.0,0.0
2024-04-03 00:00:00-04:00,332.1287042704053,333.06710045326986,327.8319168657951,328.2171325683594,1975700,0.0,0.0
2024-04-04 00:00:00-04:00,330.034624744358,333.85730044449235,326.1329404881718,326.42926025390625,2273000,0.0,0.0
2024-04-05 00:00:00-04:00,327.47628711165396,329.7382950702285,326.2909477954708,328.9283142089844,3694700,0.0,0.0
2024-04-08 00:00:00-04:00,329.9457250049971,330.90386576238484,327.624453052106,327.74298095703125,2431900,0.0,0.0
2024-04-09 00:00:00-04:00,329.5703594465867,330.7754433614306,325.787203221837,330.360595703125,2416600,0.0,0.0
2024-04-10 00:00:00-04:00,325.59101621701114,326.75116824257316,320.92060088055194,321.6741943359375,2156700,1.29,0.0
2024-04-11 00:00:00-04:00,323.3103092587079,324.2523388613891,320.5437743940654,322.4575500488281,2204200,0.0,0.0
2024-04-12 00:00:00-04:00,318.27302172795413,319.7901645539968,310.5583950927255,312.74981689453125,4207400,0.0,0.0
2024-04-15 00:00:00-04:00,313.39436556224695,318.8977496295549,309.55688822852073,310.6377258300781,2997900,0.0,0.0
2024-04-16 00:00:00-04:00,312.49202250304455,312.9878212083465,309.21973289136105,311.3020935058594,2900300,0.0,0.0
2024-04-17 00:00:00-04:00,314.20747290674535,314.3562064690644,309.98325816997277,311.8970642089844,2760000,0.0,0.0
2024-04-18 00:00:00-04:00,310.0031091033517,315.0999041531601,309.3883235390899,313.34478759765625,3025100,0.0,0.0
2024-04-19 00:00:00-04:00,315.1891227559795,315.8733273562087,311.95653593553357,314.2173767089844,3381500,0.0,0.0
2024-04-22 00:00:00-04:00,315.86345292900796,316.3790726971301,312.8489882772394,314.75286865234375,2433300,0.0,0.0
2024-04-23 00:00:00-04:00,315.803945535941,317.1227567408594,313.8306461655382,314.16778564453125,2000300,0.0,0.0
2024-04-24 00:00:00-04:00,313.18611845318156,313.18611845318156,308.07939790733906,310.90545654296875,4133800,0.0,0.0
2024-04-25 00:00:00-04:00,306.59200089659333,307.6331660565965,302.78427053217905,306.4035949707031,3639000,0.0,0.0
2024-04-26 00:00:00-04:00,306.8101663937314,306.88948087372756,304.6881333547184,305.42193603515625,3371800,0.0,0.0
2024-04-29 00:00:00-04:00,304.47989469955763,306.02678422000565,299.9582129842247,300.6126708984375,4719100,0.0,0.0
2024-04-30 00:00:00-04:00,299.4624293841749,300.46395249051864,297.1619160414609,298.381591796875,5225000,0.0,0.0
2024-05-01 00:00:00-04:00,297.60816222935085,300.939915300779,295.59522051674116,296.1505126953125,2617200,0.0,0.0
2024-05-02 00:00:00-04:00,298.2328294177945,300.7812116152143,295.7637314325181,297.81634521484375,2684200,0.0,0.0
2024-05-03 00:00:00-04:00,299.9780471606274,302.3975473391995,299.135213544128,301.1580505371094,2767100,0.0,0.0
2024-05-06 00:00:00-04:00,302.60580577682794,304.21218879685273,300.72174642133956,303.4883117675781,2361300,0.0,0.0
2024-05-07 00:00:00-04:00,305.3128638368534,309.5271532068716,305.01539669166675,308.0496826171875,2483600,0.0,0.0
2024-05-08 00:00:00-04:00,307.51418690552833,310.7666252311689,307.51418690552833,309.36846923828125,2296400,0.0,0.0
2024-05-09 00:00:00-04:00,304.42042895209676,305.62025343999005,300.37472451415573,304.03369140625,3238100,0.0,0.0
2024-05-10 00:00:00-04:00,305.4120235855969,306.6614460929253,303.48832205510706,303.75604248046875,1786900,0.0,0.0
2024-05-13 00:00:00-04:00,305.56073773641856,306.20527000469,304.3014199119143,304.82696533203125,1695000,0.0,0.0
2024-05-14 00:00:00-04:00,306.30441577017893,309.66594531650185,303.6469421313202,304.3708190917969,1813600,0.0,0.0
2024-05-15 00:00:00-04:00,302.4372004265656,305.9276123046875,298.9071161801836,305.9276123046875,4230800,0.0,0.0
2024-05-16 00:00:00-04:00,307.05807323797075,307.9802516135236,304.17252099668826,305.4120178222656,2583100,0.0,0.0
2024-05-17 00:00:00-04:00,307.1373806900296,307.39520570741746,297.4891569877052,301.0390625,4232000,0.0,0.0
2024-05-20 00:00:00-04:00,300.9597165561021,304.4898006446043,299.07565741239375,303.1313171386719,2418000,0.0,0.0
2024-05-21 00:00:00-04:00,304.2121793689385,304.5691399129247,300.41434432389326,301.0886535644531,1866500,0.0,0.0
2024-05-22 00:00:00-04:00,301.4059238438531,305.60039155356907,301.1382034517584,304.5294494628906,2432400,0.0,0.0
2024-05-23 00:00:00-04:00,307.534052637563,308.37688627475956,302.0009218309118,303.3594055175781,2526100,0.0,0.0
2024-05-24 00:00:00-04:00,304.31132503429245,304.87651252488683,297.80641858300595,298.46087646484375,2048200,0.0,0.0
2024-05-28 00:00:00-04:00,296.854505986764,297.79653561230907,293.33434735453955,295.2283020019531,3530200,0.0,0.0
2024-05-29 00:00:00-04:00,291.6783560262731,293.6119829736807,288.56475606624736,291.3015441894531,4480000,0.0,0.0
2024-05-30 00:00:00-04:00,287.5335242217512,288.0590696788775,281.9012577640286,282.4069519042969,5007800,0.0,0.0
2024-05-31 00:00:00-04:00,282.4069186039155,282.99198768147323,276.3482732043091,279.91802978515625,6882000,0.0,0.0
2024-06-03 00:00:00-04:00,283.94394591518756,285.1040980265272,278.3513215737797,279.39251708984375,3596600,0.0,0.0
2024-06-04 00:00:00-04:00,279.3925051010587,286.4526740503466,277.98442341770743,285.6395568847656,3498600,0.0,0.0
2024-06-05 00:00:00-04:00,285.8378881528828,289.8538456862513,285.639556560134,288.5746765136719,3002200,0.0,0.0
2024-06-06 00:00:00-04:00,288.75319440991404,291.4007426997794,288.1582298776584,289.28863525390625,2363200,0.0,0.0
2024-06-07 00:00:00-04:00,288.9911799835727,289.35806621953367,285.72881571103545,285.9767150878906,2626900,0.0,0.0
2024-06-10 00:00:00-04:00,284.96526407465734,288.07886415760487,284.5884522229613,287.9896240234375,2509900,0.0,0.0
2024-06-11 00:00:00-04:00,287.6822170478311,291.837012346558,286.36340589316154,291.7477722167969,2457600,0.0,0.0
2024-06-12 00:00:00-04:00,289.17955060698836,291.6783651264374,283.0415603649304,283.3291320800781,3749600,0.0,0.0
2024-06-13 00:00:00-04:00,285.25283655076845,287.11701423802873,279.7197061284711,279.9477844238281,3119200,0.0,0.0
2024-06-14 00:00:00-04:00,279.0454188587063,284.53887674854985,278.3512885968987,284.3008728027344,2966200,0.0,0.0
2024-06-17 00:00:00-04:00,283.8249592018144,286.17504040093917,281.5641181450566,283.1308288574219,3559600,0.0,0.0
2024-06-18 00:00:00-04:00,282.9126591728088,287.47401338434315,282.00040648719306,282.95233154296875,5314900,0.0,0.0
2024-06-20 00:00:00-04:00,311.98629456081136,315.0602525506476,295.49602496986967,303.58746337890625,11374600,0.0,0.0
2024-06-21 00:00:00-04:00,304.4501619427353,307.742272718647,300.03754121360686,306.3837890625,8481800,0.0,0.0
2024-06-24 00:00:00-04:00,302.7941703326394,309.74527785434816,302.1198913570939,304.6286315917969,4399600,0.0,0.0
2024-06-25 00:00:00-04:00,305.39218073773674,307.395196608721,302.86358918958706,304.5889892578125,4498700,0.0,0.0
2024-06-26 00:00:00-04:00,297.3999046770552,303.1709785301665,296.9140013748544,302.0603942871094,3162100,0.0,0.0
2024-06-27 00:00:00-04:00,302.43721445445516,302.8933407965754,298.9269510988121,300.6424255371094,3162000,0.0,0.0
2024-06-28 00:00:00-04:00,300.9895082175945,302.98259857921533,299.1153744508984,300.860595703125,14905500,0.0,0.0
2024-07-01 00:00:00-04:00,301.17788991569273,301.8025708598185,297.08258780212265,300.0077819824219,2411100,0.0,0.0
2024-07-02 00:00:00-04:00,298.401412034281,301.4456234548736,298.401412034281,301.27703857421875,2177200,0.0,0.0
2024-07-03 00:00:00-04:00,302.18931079281225,304.31134377623425,301.42579168088594,303.180908203125,1751200,0.0,0.0
2024-07-05 00:00:00-04:00,302.3479710264793,303.1313414563829,295.17871083179614,296.62646484375,3158900,0.0,0.0
2024-07-08 00:00:00-04:00,297.9353460579386,299.4128467601678,293.11619722370597,296.95367431640625,2557700,0.0,0.0
2024-07-09 00:00:00-04:00,296.57685556146043,296.63634898312944,292.0056061833762,295.5555114746094,2479200,0.0,0.0
2024-07-10 00:00:00-04:00,294.40524316949137,295.4960062919263,288.08877297745113,292.95751953125,2283500,0.0,0.0
2024-07-11 00:00:00-04:00,294.24233190625324,300.95499920654953,292.7882590428786,296.781982421875,2988000,1.29,0.0
2024-07-12 00:00:00-04:00,298.37550402835456,310.75510740310153,297.8177766147476,309.3707580566406,3951600,0.0,0.0
2024-07-15 00:00:00-04:00,311.40248875915967,318.07530957067223,311.40248875915967,316.5813903808594,3866200,0.0,0.0
2024-07-16 00:00:00-04:00,317.08933654120335,323.831880959238,316.7407493138428,323.6824951171875,3640500,0.0,0.0
2024-07-17 00:00:00-04:00,324.6286470320694,327.23802097982366,322.30807557291837,324.2800598144531,4383900,0.0,0.0
2024-07-18 00:00:00-04:00,328.07461496391807,334.8868827759481,326.5109722613366,326.7699279785156,4563600,0.0,0.0
2024-07-19 00:00:00-04:00,329.74779077982754,334.42874960990076,326.38148809699135,327.8554992675781,5376200,0.0,0.0
2024-07-22 00:00:00-04:00,329.379301234534,331.4707941603055,328.38335511691554,330.1661071777344,3419300,0.0,0.0
2024-07-23 00:00:00-04:00,330.0864220775503,330.85332005786915,326.64045694142914,328.9908752441406,1994000,0.0,0.0
2024-07-24 00:00:00-04:00,328.04473914151623,331.19193254019183,326.8097756739606,327.3475646972656,3286500,0.0,0.0
2024-07-25 00:00:00-04:00,324.2701034360463,334.3291656330705,322.02922459782206,328.78173828125,2764500,0.0,0.0
2024-07-26 00:00:00-04:00,324.59876726824905,328.4729818041722,323.8916236515264,327.1284484863281,2438200,0.0,0.0
2024-07-29 00:00:00-04:00,327.3276433662174,327.64635340738243,322.5570531171974,324.87762451171875,1629200,0.0,0.0
2024-07-30 00:00:00-04:00,326.1623887478622,329.11041117949986,325.6245997206503,327.865478515625,1985400,0.0,0.0
2024-07-31 00:00:00-04:00,330.2955780741465,332.5762727518391,327.70611214414595,329.2796936035156,2606300,0.0,0.0
2024-08-01 00:00:00-04:00,332.5265059148274,337.54608302850323,325.0967561351655,326.75,2538100,0.0,0.0
2024-08-02 00:00:00-04:00,323.67250293831074,325.35565422486985,319.0513289872417,321.8399658203125,2682700,0.0,0.0
2024-08-05 00:00:00-04:00,310.3467391465143,316.581371247906,308.9723591057942,312.4681091308594,3186500,0.0,0.0
2024-08-06 00:00:00-04:00,315.71490990764096,321.3519684131923,314.44010013070846,317.3880920410156,2284200,0.0,0.0
2024-08-07 00:00:00-04:00,318.65297303541377,324.4194791827208,316.6411424223057,316.73077392578125,2327700,0.0,0.0
2024-08-08 00:00:00-04:00,314.0217910324828,318.2147459684902,313.19516914841563,314.5994567871094,2213700,0.0,0.0
2024-08-09 00:00:00-04:00,314.91817769765873,316.0336324975277,311.9502472956858,314.5496520996094,1851300,0.0,0.0
2024-08-12 00:00:00-04:00,314.1911136610188,316.18300583742393,311.47216989843525,312.6872253417969,2276500,0.0,0.0
2024-08-13 00:00:00-04:00,314.82851370060683,318.8820217073511,313.85250595416045,318.03546142578125,2269600,0.0,0.0
2024-08-14 00:00:00-04:00,318.7027409524771,320.76435660254026,316.73075680104336,318.5334167480469,1404600,0.0,0.0
2024-08-15 00:00:00-04:00,320.9734983046072,323.89161299591456,320.6348802879854,323.81195068359375,2271600,0.0,0.0
2024-08-16 00:00:00-04:00,323.59286508829786,326.3815021321769,321.9594988241229,325.5947265625,2292800,0.0,0.0
2024-08-19 00:00:00-04:00,326.23210861897775,329.09046912021313,325.6743812233154,328.1044921875,1678200,0.0,0.0
2024-08-20 00:00:00-04:00,328.59248197808745,329.229902056592,326.720098489808,329.03070068359375,1790100,0.0,0.0
2024-08-21 00:00:00-04:00,329.4987987116281,332.30737396242426,329.2000270440381,332.24761962890625,1233900,0.0,0.0
2024-08-22 00:00:00-04:00,332.53646787916836,332.7157308880111,328.3136356208468,329.22991943359375,1679200,0.0,0.0
2024-08-23 00:00:00-04:00,330.3154866829344,332.4069795686023,328.3335636729126,331.9189453125,1518700,0.0,0.0
2024-08-26 00:00:00-04:00,331.7297210762867,335.84298342482424,330.42503408744943,335.41473388671875,1692200,0.0,0.0
2024-08-27 00:00:00-04:00,333.82122049330593,339.60766514529615,333.64195748232044,339.0001525878906,2154100,0.0,0.0
2024-08-28 00:00:00-04:00,339.1794100289318,342.20709476037797,333.7514914880488,336.02227783203125,1528000,0.0,0.0
2024-08-29 00:00:00-04:00,338.87065690073047,342.475976881153,337.59584712211927,338.830810546875,1612600,0.0,0.0
2024-08-30 00:00:00-04:00,339.61762078383094,342.0577008912893,337.2672025721525,340.56378173828125,2004000,0.0,0.0
2024-09-03 00:00:00-04:00,339.9761376610596,344.1392153549738,338.29301675622656,340.4940490722656,2049300,0.0,0.0
2024-09-04 00:00:00-04:00,338.6216742856372,343.5117732880257,337.605820204571,342.5954895019531,1478300,0.0,0.0
2024-09-05 00:00:00-04:00,342.8245839315246,343.0536624871227,338.1237169019927,339.54791259765625,1195100,0.0,0.0
2024-09-06 00:00:00-04:00,339.31884022110916,341.0517766671619,335.39481025050287,338.4623107910156,1613400,0.0,0.0
2024-09-09 00:00:00-04:00,339.2491377757725,340.8625656559614,337.71537221330595,340.4243469238281,1569400,0.0,0.0
2024-09-10 00:00:00-04:00,342.41622144445324,346.5892379768909,340.8326708147533,346.29046630859375,1655700,0.0,0.0
2024-09-11 00:00:00-04:00,344.9558931370645,349.2982341459561,340.85259987145474,348.889892578125,2121700,0.0,0.0
2024-09-12 00:00:00-04:00,349.05919267405216,350.9913304986237,343.8005985932238,348.4715881347656,2182100,0.0,0.0
2024-09-13 00:00:00-04:00,349.67669939717945,350.0053482534293,347.3760662218372,348.162841796875,1812000,0.0,0.0
2024-09-16 00:00:00-04:00,349.41771582817756,353.5409471502957,348.21262959280483,352.6844177246094,2536400,0.0,0.0
2024-09-17 00:00:00-04:00,353.6604593223833,353.83972232237574,334.94662395643456,335.6736755371094,4528800,0.0,0.0
2024-09-18 00:00:00-04:00,333.6419600277634,337.6257446251098,331.61022137283464,334.8171691894531,2150800,0.0,0.0
2024-09-19 00:00:00-04:00,338.621663949057,339.0001283188415,330.88317392354094,333.8809509277344,2645700,0.0,0.0
2024-09-20 00:00:00-04:00,330.9728109678914,334.9864724832505,330.5246230711402,334.85699462890625,5231000,0.0,0.0
2024-09-23 00:00:00-04:00,336.01230138797627,338.06394793044734,332.69578384151305,337.8348693847656,1998500,0.0,0.0
2024-09-24 00:00:00-04:00,336.57004286761526,339.2391712432327,333.92082247311816,338.24322509765625,2842900,0.0,0.0
2024-09-25 00:00:00-04:00,333.78139394379656,338.3726909225209,332.8053558140615,335.6836242675781,3552700,0.0,0.0
2024-09-26 00:00:00-04:00,353.5708394952259,362.51441614277684,348.28236806381733,354.3675842285156,4454800,0.0,0.0
2024-09-27 00:00:00-04:00,354.88547656253166,356.8873380405145,347.88397637720044,348.2823791503906,2575200,0.0,0.0
2024-09-30 00:00:00-04:00,347.087205220001,352.6246629349001,346.31036850154715,352.0470275878906,2424900,0.0,0.0
2024-10-01 00:00:00-04:00,353.5509082983133,353.5509082983133,348.4815461247258,350.5531311035156,1827300,0.0,0.0
2024-10-02 00:00:00-04:00,351.2801380552897,355.7419874950354,349.9156967704956,354.84564208984375,2421300,0.0,0.0
2024-10-03 00:00:00-04:00,358.0924223230946,362.972582722055,357.8733129566357,359.77557373046875,3646300,0.0,0.0
2024-10-04 00:00:00-04:00,362.7235911827757,366.2990341272215,358.3613422886468,360.7715148925781,2131400,0.0,0.0
2024-10-07 00:00:00-04:00,358.5405857288236,360.5324778717615,354.40741561099986,355.3535461425781,1536800,0.0,0.0
2024-10-08 00:00:00-04:00,358.0725071025252,359.18796189326747,356.07064567643675,358.9190673828125,2348300,0.0,0.0
2024-10-09 00:00:00-04:00,359.51665121444654,364.97441664988554,359.3074806399194,363.6000061035156,2046400,0.0,0.0
2024-10-10 00:00:00-04:00,363.55999755859375,364.4700012207031,358.9100036621094,361.07000732421875,2088000,1.48,0.0
2024-10-11 00:00:00-04:00,362.5199890136719,363.3999938964844,360.05999755859375,360.739990234375,1436500,0.0,0.0
2024-10-14 00:00:00-04:00,361.5799865722656,365.6199951171875,361.1600036621094,364.6000061035156,2256500,0.0,0.0
2024-10-15 00:00:00-04:00,365.42999267578125,371.0,365.42999267578125,368.6600036621094,2955900,0.0,0.0
2024-10-16 00:00:00-04:00,365.69000244140625,372.8699951171875,364.8800048828125,372.260009765625,2110700,0.0,0.0
2024-10-17 00:00:00-04:00,373.0,375.510009765625,371.7799987792969,375.1499938964844,1906900,0.0,0.0
2024-10-18 00:00:00-04:00,375.510009765625,377.3299865722656,373.6499938964844,376.8599853515625,1893300,0.0,0.0
2024-10-21 00:00:00-04:00,375.0,377.3399963378906,374.2099914550781,376.0299987792969,1785100,0.0,0.0
2024-10-22 00:00:00-04:00,374.6199951171875,374.8599853515625,371.1300048828125,371.7900085449219,1740200,0.0,0.0
2024-10-23 00:00:00-04:00,370.8399963378906,372.4800109863281,368.2300109863281,370.6300048828125,2211800,0.0,0.0
2024-10-24 00:00:00-04:00,367.5,373.44000244140625,363.75,364.2300109863281,2311800,0.0,0.0
2024-10-25 00:00:00-04:00,364.0,365.45001220703125,359.5899963378906,360.79998779296875,2129300,0.0,0.0
2024-10-28 00:00:00-04:00,364.0,366.989990234375,360.3900146484375,361.32000732421875,2717700,0.0,0.0
2024-10-29 00:00:00-04:00,360.9100036621094,365.0799865722656,359.04998779296875,363.0400085449219,2642900,0.0,0.0
2024-10-30 00:00:00-04:00,358.0,358.8299865722656,345.3399963378906,346.57000732421875,3916800,0.0,0.0
2024-10-31 00:00:00-04:00,344.6300048828125,347.8599853515625,342.6199951171875,344.82000732421875,3078200,0.0,0.0
2024-11-01 00:00:00-04:00,346.94000244140625,347.95001220703125,344.8299865722656,345.6700134277344,2579800,0.0,0.0
2024-11-04 00:00:00-05:00,345.260009765625,346.67999267578125,341.5799865722656,343.8999938964844,1931300,0.0,0.0
2024-11-05 00:00:00-05:00,342.7900085449219,347.4200134277344,342.2099914550781,345.489990234375,1553900,0.0,0.0
2024-11-06 00:00:00-05:00,355.8999938964844,357.2300109863281,353.0,356.1300048828125,3009700,0.0,0.0
2024-11-07 00:00:00-05:00,358.0,362.0,356.2900085449219,360.7099914550781,2250500,0.0,0.0
2024-11-08 00:00:00-05:00,360.7699890136719,362.760009765625,355.1199951171875,355.5299987792969,2289500,0.0,0.0
2024-11-11 00:00:00-05:00,355.0,360.6400146484375,354.1000061035156,357.29998779296875,2985200,0.0,0.0
2024-11-12 00:00:00-05:00,357.6400146484375,362.1300048828125,356.95001220703125,360.6099853515625,3233600,0.0,0.0
2024-11-13 00:00:00-05:00,359.5400085449219,370.6400146484375,359.0400085449219,370.2200012207031,3353900,0.0,0.0
2024-11-14 00:00:00-05:00,371.3800048828125,372.0,361.0299987792969,362.07000732421875,3503000,0.0,0.0
2024-11-15 00:00:00-05:00,360.2799987792969,360.30999755859375,348.8500061035156,353.57000732421875,3614700,0.0,0.0
2024-11-18 00:00:00-05:00,353.57000732421875,355.5,351.82000732421875,352.7900085449219,1759900,0.0,0.0
2024-11-19 00:00:00-05:00,351.25,353.9700012207031,349.989990234375,353.95001220703125,2447000,0.0,0.0
2024-11-20 00:00:00-05:00,353.7099914550781,357.3299865722656,351.6499938964844,357.07000732421875,1792700,0.0,0.0
2024-11-21 00:00:00-05:00,359.5199890136719,363.5,358.30999755859375,361.04998779296875,2240100,0.0,0.0
2024-11-22 00:00:00-05:00,358.239990234375,364.6400146484375,357.2799987792969,358.6600036621094,2211100,0.0,0.0
2024-11-25 00:00:00-05:00,360.0,364.1499938964844,358.5,361.2900085449219,3054800,0.0,0.0
2024-11-26 00:00:00-05:00,361.989990234375,364.5299987792969,360.6199951171875,363.17999267578125,2106100,0.0,0.0
2024-11-27 00:00:00-05:00,364.0799865722656,365.6700134277344,360.8800048828125,362.1600036621094,1657000,0.0,0.0
2024-11-29 00:00:00-05:00,360.1499938964844,365.0,360.0,362.3699951171875,1311300,0.0,0.0
2024-12-02 00:00:00-05:00,362.7699890136719,363.3599853515625,356.9599914550781,361.3800048828125,2445500,0.0,0.0
2024-12-03 00:00:00-05:00,348.79998779296875,354.3399963378906,346.6199951171875,352.5400085449219,3044700,0.0,0.0
2024-12-04 00:00:00-05:00,353.6700134277344,362.1099853515625,353.1099853515625,360.0299987792969,2074000,0.0,0.0
2024-12-05 00:00:00-05:00,356.07000732421875,358.8999938964844,354.8900146484375,358.1300048828125,1821300,0.0,0.0
2024-12-06 00:00:00-05:00,365.29998779296875,371.8800048828125,361.54998779296875,362.70001220703125,2332100,0.0,0.0
2024-12-09 00:00:00-05:00,360.45001220703125,366.0,358.1000061035156,359.5,2185000,0.0,0.0
2024-12-10 00:00:00-05:00,358.5199890136719,366.3500061035156,357.0899963378906,362.8999938964844,2157800,0.0,0.0
2024-12-11 00:00:00-05:00,363.8500061035156,366.5899963378906,363.42999267578125,363.8399963378906,1541300,0.0,0.0
2024-12-12 00:00:00-05:00,361.30999755859375,362.0,355.3999938964844,360.17999267578125,1834200,0.0,0.0
2024-12-13 00:00:00-05:00,359.5799865722656,360.760009765625,356.25,358.67999267578125,1808700,0.0,0.0
2024-12-16 00:00:00-05:00,359.54998779296875,361.0199890136719,356.45001220703125,357.05999755859375,2306300,0.0,0.0
2024-12-17 00:00:00-05:00,357.3599853515625,358.4800109863281,353.0199890136719,357.29998779296875,2479100,0.0,0.0
2024-12-18 00:00:00-05:00,357.29998779296875,359.3999938964844,347.1199951171875,347.6099853515625,3232900,0.0,0.0
2024-12-19 00:00:00-05:00,365.0,376.9100036621094,363.19000244140625,372.1600036621094,6075500,0.0,0.0
2024-12-20 00:00:00-05:00,370.70001220703125,372.07000732421875,362.0,366.3699951171875,7013100,0.0,0.0
2024-12-23 00:00:00-05:00,360.5799865722656,362.9599914550781,355.7300109863281,358.7699890136719,3549300,0.0,0.0
2024-12-24 00:00:00-05:00,359.95001220703125,361.95001220703125,358.5400085449219,361.6300048828125,1075400,0.0,0.0
2024-12-26 00:00:00-05:00,360.3500061035156,361.95001220703125,359.07000732421875,360.42999267578125,910500,0.0,0.0
2024-12-27 00:00:00-05:00,358.7799987792969,360.42999267578125,354.0,356.17999267578125,1195700,0.0,0.0
2024-12-30 00:00:00-05:00,352.6099853515625,354.6300048828125,349.2300109863281,352.489990234375,1490100,0.0,0.0
2024-12-31 00:00:00-05:00,354.9800109863281,355.0799865722656,350.42999267578125,351.7900085449219,1748600,0.0,0.0
2025-01-02 00:00:00-05:00,353.1000061035156,354.80999755859375,346.1099853515625,348.82000732421875,2253600,0.0,0.0
2025-01-03 00:00:00-05:00,350.0,354.82000732421875,349.0899963378906,353.8500061035156,2029700,0.0,0.0
2025-01-06 00:00:00-05:00,352.80999755859375,354.489990234375,349.6499938964844,351.3299865722656,2356300,0.0,0.0
2025-01-07 00:00:00-05:00,355.3500061035156,363.2200012207031,353.80999755859375,356.3900146484375,4663100,0.0,0.0
2025-01-08 00:00:00-05:00,361.0,363.6000061035156,355.3500061035156,357.7300109863281,2216900,0.0,0.0
