Date,Open,High,Low,Close,Volume,Dividends,Stock Splits
2020-01-13 00:00:00-05:00,43.642894695933464,44.39205023265054,43.524125115197776,44.346370697021484,1448000,0.0,0.0
2020-01-14 00:00:00-05:00,44.22758778173287,44.373764342748935,43.122127321228625,43.15867233276367,2155800,0.0,0.0
2020-01-15 00:00:00-05:00,43.012509938173835,43.131276037092874,42.190264333444404,42.58311462402344,2630800,0.0,0.0
2020-01-16 00:00:00-05:00,42.939412309178046,43.578936168254565,42.939412309178046,43.514984130859375,1687900,0.0,0.0
2020-01-17 00:00:00-05:00,43.68857295289127,43.79820453221736,42.84805836951615,42.875465393066406,1815800,0.0,0.0
2020-01-21 00:00:00-05:00,42.79324587640785,43.27745527014745,41.88877565636783,42.95769500732422,2663100,0.0,0.0
2020-01-22 00:00:00-05:00,43.231768080302494,43.990061548134186,42.48261260986328,42.48261260986328,2142800,0.0,0.0
2020-01-23 00:00:00-05:00,42.40952283013914,42.94854967046549,42.10803513171925,42.674468994140625,2146600,0.0,0.0
2020-01-24 00:00:00-05:00,42.711023962814636,42.966832188955976,41.2949372343347,41.50506591796875,2235400,0.0,0.0
2020-01-27 00:00:00-05:00,41.267516051201746,41.322333579113085,39.94279223536336,40.02501678466797,3440300,0.0,0.0
2020-01-28 00:00:00-05:00,40.874675778530445,42.290762365364714,40.61886409285127,41.559879302978516,6386900,0.0,0.0
2020-01-29 00:00:00-05:00,41.669516159094385,42.354719770168835,40.34478848065862,40.48183059692383,2517100,0.0,0.0
2020-01-30 00:00:00-05:00,39.72857961922737,40.34402645390206,38.84674377964686,39.912296295166016,2195300,0.24,0.0
2020-01-31 00:00:00-05:00,39.88473911028063,40.160315894164654,39.11313532853932,39.214176177978516,2789200,0.0,0.0
2020-02-03 00:00:00-05:00,39.563249397930534,39.62754973235665,38.791641880711815,38.83757019042969,2547200,0.0,0.0
2020-02-04 00:00:00-05:00,39.48975459833322,40.01334490284367,39.26929386291089,39.30603790283203,1287600,0.0,0.0
2020-02-05 00:00:00-05:00,39.80207258360701,40.38077545340572,39.627540143165376,40.233802795410156,1189500,0.0,0.0
2020-02-06 00:00:00-05:00,40.491008026437385,40.59204888285093,39.554056007229846,39.774513244628906,1285600,0.0,0.0
2020-02-07 00:00:00-05:00,39.42544687380966,39.51730696451955,38.54361102761972,38.571170806884766,1361000,0.0,0.0
2020-02-10 00:00:00-05:00,38.43339429100905,39.636735570116166,38.24967755696217,39.49894714355469,1269000,0.0,0.0
2020-02-11 00:00:00-05:00,39.765329187099255,40.77576578917017,39.72858514597914,40.42670440673828,1475600,0.0,0.0
2020-02-12 00:00:00-05:00,40.62879430659509,41.060528042010596,40.160320033099005,40.68391036987305,1421000,0.0,0.0
2020-02-13 00:00:00-05:00,40.307290000647214,40.60123531025138,40.16031734584513,40.417518615722656,885000,0.0,0.0
2020-02-14 00:00:00-05:00,40.41751839573268,40.72983572350025,40.160317127255084,40.35321807861328,1157000,0.0,0.0
2020-02-18 00:00:00-05:00,40.233809955403174,40.61961544136468,39.710219549109496,40.39915466308594,1733900,0.0,0.0
2020-02-19 00:00:00-05:00,40.41751231559052,40.93191827926637,40.32565573469667,40.509368896484375,1070300,0.0,0.0
2020-02-20 00:00:00-05:00,40.50937434783442,41.05133665788955,40.32566116132441,40.895179748535156,937400,0.0,0.0
2020-02-21 00:00:00-05:00,40.61961093722433,40.68391126040372,40.316477838717375,40.50019454956055,1218400,0.0,0.0
2020-02-24 00:00:00-05:00,39.20500180077556,39.88474916193329,38.819196308570824,39.35197448730469,2262400,0.0,0.0
2020-02-25 00:00:00-05:00,37.854681618310565,38.51606035114294,37.211674906290725,37.61585235595703,3753800,0.0,0.0
2020-02-26 00:00:00-05:00,37.395391119174036,37.827124842336566,36.274725897165524,36.37576675415039,4449700,0.0,0.0
2020-02-27 00:00:00-05:00,35.65927092040852,39.09476123838014,35.604154865730486,36.853424072265625,3528400,0.0,0.0
2020-02-28 00:00:00-05:00,36.16449691835577,37.165749349870254,35.705206876451975,36.32984161376953,4720000,0.0,0.0
2020-03-02 00:00:00-05:00,36.49518424993247,37.689337590680935,35.54904793831023,37.661781311035156,3068200,0.0,0.0
2020-03-03 00:00:00-05:00,37.44131805953746,38.45175812965173,35.43881694742232,35.54904556274414,2739900,0.0,0.0
2020-03-04 00:00:00-05:00,36.1736795980267,37.2759762445117,34.9887106154527,37.266788482666016,4984000,0.0,0.0
2020-03-05 00:00:00-05:00,36.164489787934265,38.42419901168202,35.98077310657451,38.240482330322266,4313200,0.0,0.0
2020-03-06 00:00:00-05:00,37.19330312352475,39.37033658911975,37.119815046727844,39.214176177978516,4555600,0.0,0.0
2020-03-09 00:00:00-04:00,37.40457937276995,39.32441174637088,37.15656234795781,37.61585235595703,3661900,0.0,0.0
2020-03-10 00:00:00-04:00,38.424204572514505,38.80082224696,36.513556416426795,38.75489044189453,3243000,0.0,0.0
2020-03-11 00:00:00-04:00,37.83630615653841,37.83630615653841,36.57785263021781,36.715641021728516,2325800,0.0,0.0
2020-03-12 00:00:00-04:00,34.933592490009275,37.19330170805496,34.90603621431133,35.57659912109375,6776000,0.0,0.0
2020-03-13 00:00:00-04:00,36.90854772476175,38.18537346942509,35.53986187005849,38.11188888549805,5280600,0.0,0.0
2020-03-16 00:00:00-04:00,34.13442761661219,36.348204949371365,34.13442761661219,34.8968505859375,3434400,0.0,0.0
2020-03-17 00:00:00-04:00,35.50311285114368,36.228788274573276,33.822110031978674,35.94403076171875,2883900,0.0,0.0
2020-03-18 00:00:00-04:00,34.10687592221156,36.247165471277704,31.939026590725124,35.301029205322266,2297900,0.0,0.0
2020-03-19 00:00:00-04:00,34.70395788243848,34.93360292613721,32.729012609092564,33.84967803955078,2806800,0.0,0.0
2020-03-20 00:00:00-04:00,34.106873591886306,34.1252456108764,31.34194605570373,31.920652389526367,2301400,0.0,0.0
2020-03-23 00:00:00-04:00,31.5807813182271,33.05050791365694,31.05719099959868,32.701446533203125,3217500,0.0,0.0
2020-03-24 00:00:00-04:00,33.831303088515625,34.419193727972626,32.78411894486515,33.518985748291016,2655600,0.0,0.0
2020-03-25 00:00:00-04:00,33.66595634995256,34.73150894485088,32.18704207942463,33.88641357421875,2858200,0.0,0.0
2020-03-26 00:00:00-04:00,34.207926510146756,35.06220283042359,33.767004952183925,34.244667053222656,1775900,0.0,0.0
2020-03-27 00:00:00-04:00,33.335275384293006,34.630473290589634,32.73819686903419,33.84967803955078,1809900,0.0,0.0
2020-03-30 00:00:00-04:00,33.840499268614586,35.7235882315644,33.43632518762477,35.45719909667969,1780100,0.0,0.0
2020-03-31 00:00:00-04:00,35.13567637223413,35.87972725100585,34.52022960533081,34.731502532958984,2031000,0.0,0.0
2020-04-01 00:00:00-04:00,33.81292895641493,33.97827362644958,32.35238670717848,32.71063232421875,2217100,0.0,0.0
2020-04-02 00:00:00-04:00,32.69225805680231,34.05175585818743,32.315640446311185,33.01375961303711,2000500,0.0,0.0
2020-04-03 00:00:00-04:00,33.16073586546304,33.923158930582716,32.66470533954546,32.949462890625,1262600,0.0,0.0
2020-04-06 00:00:00-04:00,33.98745152280474,35.37450543503789,33.54653365327162,35.10811996459961,3000700,0.0,0.0
2020-04-07 00:00:00-04:00,35.82461135727526,37.14736497668191,35.28264914786002,36.43087387084961,3942200,0.0,0.0
2020-04-08 00:00:00-04:00,36.642148955743714,37.57910080533442,36.23797509094348,36.945281982421875,1502100,0.0,0.0
2020-04-09 00:00:00-04:00,37.22086106023465,38.0475809364434,36.412509699939946,36.936100006103516,1849300,0.0,0.0
2020-04-13 00:00:00-04:00,36.7156337531741,37.14736385317007,35.90728259148874,36.403316497802734,1155800,0.0,0.0
2020-04-14 00:00:00-04:00,36.91772841951347,37.7903801080662,36.779943523913296,37.358646392822266,1505400,0.0,0.0
2020-04-15 00:00:00-04:00,36.779944496157825,37.20249046040196,36.32065449047385,36.816688537597656,1501700,0.0,0.0
2020-04-16 00:00:00-04:00,36.7891292002283,36.936101863663815,36.0175218411657,36.651344299316406,1443700,0.0,0.0
2020-04-17 00:00:00-04:00,37.48723925270309,38.010829407439715,37.027949397383,37.73525619506836,1296700,0.0,0.0
2020-04-20 00:00:00-04:00,37.156561181501154,37.652595215553426,36.51355448966723,37.064701080322266,1086100,0.0,0.0
2020-04-21 00:00:00-04:00,36.44925697397905,36.69727401007862,35.47556085122939,35.567420959472656,1240100,0.0,0.0
2020-04-22 00:00:00-04:00,36.146120663946384,36.30228108204389,34.83255101757505,35.613346099853516,1398800,0.0,0.0
2020-04-23 00:00:00-04:00,35.9899639675663,36.85342788898819,35.9899639675663,36.41250991821289,1546100,0.0,0.0
2020-04-24 00:00:00-04:00,36.302280655581406,37.1657445616388,35.9348472677545,37.101444244384766,1236600,0.0,0.0
2020-04-27 00:00:00-04:00,37.321903747356444,39.21417617119253,37.321903747356444,39.067203521728516,1599800,0.0,0.0
2020-04-28 00:00:00-04:00,39.62754686704428,40.44508263486807,39.53569025425032,39.82963562011719,1325900,0.0,0.0
2020-04-29 00:00:00-04:00,40.550111984578535,40.80874481968995,40.25453059484889,40.69790267944336,1818800,0.24,0.0
2020-04-30 00:00:00-04:00,40.27299398204639,40.33765217899734,38.91516832246897,39.14609146118164,2208700,0.0,0.0
2020-05-01 00:00:00-04:00,38.73966995864661,39.2846487839976,38.259349339387434,38.4718017578125,1197100,0.0,0.0
2020-05-04 00:00:00-04:00,38.08384943547893,38.850516064535704,37.80674233138429,38.77661895751953,2002300,0.0,0.0
2020-05-05 00:00:00-04:00,39.1830372416534,39.43243465910926,38.15774144581156,38.94287872314453,1460500,0.0,0.0
2020-05-06 00:00:00-04:00,39.72801336774406,40.98423574711431,39.46938059208805,40.31917953491211,1370500,0.0,0.0
2020-05-07 00:00:00-04:00,40.48545523909278,40.60553276052992,39.43244253606206,40.00513458251953,1308100,0.0,0.0
2020-05-08 00:00:00-04:00,40.55934564828238,41.55693543918981,40.52239709522478,41.372196197509766,1156900,0.0,0.0
2020-05-11 00:00:00-04:00,40.97500026295954,40.97500026295954,40.457731189421644,40.5870475769043,893800,0.0,0.0
2020-05-12 00:00:00-04:00,40.605535636001115,40.605535636001115,38.84128248577202,38.868995666503906,1545500,0.0,0.0
2020-05-13 00:00:00-04:00,38.66578079961876,38.739674390631166,36.6983141679453,36.929237365722656,1763500,0.0,0.0
2020-05-14 00:00:00-04:00,36.522810165725474,37.27099899683911,35.57140428966036,37.20634078979492,1651400,0.0,0.0
2020-05-15 00:00:00-04:00,36.947705984921136,38.40714206265728,36.947705984921136,37.326419830322266,4775300,0.0,0.0
2020-05-18 00:00:00-04:00,38.56417127587329,40.448505280887304,38.54569699853691,40.180633544921875,1576700,0.0,0.0
2020-05-19 00:00:00-04:00,40.032841587930434,40.06979014143852,38.75814468076549,38.77661895751953,1653600,0.0,0.0
2020-05-20 00:00:00-04:00,39.26617752440722,39.48786533633214,38.88746363522532,39.219993591308594,1269400,0.0,0.0
2020-05-21 00:00:00-04:00,39.0444886697579,39.66336105283919,39.026014393957404,39.42320251464844,835300,0.0,0.0
2020-05-22 00:00:00-04:00,39.54328896732043,39.54328896732043,38.70272868299199,38.99831008911133,1103500,0.0,0.0
2020-05-26 00:00:00-04:00,39.940470144614906,41.76014219654106,39.83886339338705,41.409141540527344,1639200,0.0,0.0
2020-05-27 00:00:00-04:00,41.963364256698256,43.699907710238875,41.907941420105715,43.60753631591797,2183300,0.0,0.0
2020-05-28 00:00:00-04:00,43.819980837877196,44.09709146940936,42.83162992132945,43.03484344482422,2323200,0.0,0.0
2020-05-29 00:00:00-04:00,42.942472524155164,43.94005874633532,42.4990969547331,43.87540054321289,2662000,0.0,0.0
2020-06-01 00:00:00-04:00,43.88464113210881,44.004722176574816,43.37661082282555,43.70914077758789,1067100,0.0,0.0
2020-06-02 00:00:00-04:00,43.8476998071102,44.22641372680664,43.598302319952765,44.22641372680664,1017800,0.0,0.0
2020-06-03 00:00:00-04:00,44.57740994978099,46.17540148601601,44.49427746248326,46.04608154296875,1224800,0.0,0.0
2020-06-04 00:00:00-04:00,45.510347303810704,46.73885696639318,45.50110840205711,46.71114730834961,1705100,0.0,0.0
2020-06-05 00:00:00-04:00,47.64407132481574,48.401499059589696,47.53322566342831,48.032020568847656,2078500,0.0,0.0
2020-06-08 00:00:00-04:00,47.9119399250199,48.67860656635472,46.868169698760674,46.99748611450195,1618600,0.0,0.0
2020-06-09 00:00:00-04:00,46.28624368549573,46.664957567299446,45.371786324082365,45.51034164428711,1709600,0.0,0.0
2020-06-10 00:00:00-04:00,45.473392727172055,45.538050936457495,44.669781037761524,44.69749069213867,1302600,0.0,0.0
2020-06-11 00:00:00-04:00,43.82921508158397,44.05089933492736,43.09949707347932,43.24728775024414,1167200,0.0,0.0
2020-06-12 00:00:00-04:00,44.364956834807316,44.48503786587112,42.379019752239174,43.36737060546875,1163500,0.0,0.0
2020-06-15 00:00:00-04:00,42.42520542693439,44.25411652570367,42.268175837753006,44.01395797729492,940400,0.0,0.0
2020-06-16 00:00:00-04:00,45.094683719288874,45.7043208466931,43.727618752491765,44.22641372680664,1079000,0.0,0.0
2020-06-17 00:00:00-04:00,44.540466701410644,44.65130884770913,43.96777464438383,44.050907135009766,825900,0.0,0.0
2020-06-18 00:00:00-04:00,43.829214795113224,44.55893279844838,43.58905274468531,44.272586822509766,1102500,0.0,0.0
2020-06-19 00:00:00-04:00,44.909936414926804,45.07620137662367,43.23805494529743,43.681427001953125,1458100,0.0,0.0
2020-06-22 00:00:00-04:00,43.524399714246414,43.94930104079623,42.81315590135275,43.58905792236328,667400,0.0,0.0
2020-06-23 00:00:00-04:00,44.013955538734265,44.20793014673369,43.67218672623115,43.84769058227539,967000,0.0,0.0
2020-06-24 00:00:00-04:00,43.478214850797876,43.58905698753419,41.66777801513672,41.66777801513672,1369900,0.0,0.0
2020-06-25 00:00:00-04:00,41.51075503655834,41.54770359589156,40.531642879488004,41.326019287109375,1552200,0.0,0.0
2020-06-26 00:00:00-04:00,41.06736754620811,41.750901543963415,40.74407658189581,41.05813217163086,2639300,0.0,0.0
2020-06-29 00:00:00-04:00,41.46456308749599,43.117973800298856,41.436853435154354,42.89628601074219,1031000,0.0,0.0
2020-06-30 00:00:00-04:00,42.71155551252808,43.819984024838845,42.61918412076331,43.5244026184082,1091600,0.0,0.0
2020-07-01 00:00:00-04:00,43.74608322307772,43.74608322307772,42.646886745743956,42.7669677734375,938200,0.0,0.0
2020-07-02 00:00:00-04:00,43.40432400146122,44.12480322104082,43.173400813277176,43.70914077758789,1072800,0.0,0.0
2020-07-06 00:00:00-04:00,44.37419891357422,44.89146457932326,44.13403683424095,44.37419891357422,779400,0.0,0.0
2020-07-07 00:00:00-04:00,43.94005661284598,44.6143517866739,43.91234696245545,44.244876861572266,962700,0.0,0.0
2020-07-08 00:00:00-04:00,44.38343155238711,44.540461136665456,43.88463667094935,44.189456939697266,874200,0.0,0.0
2020-07-09 00:00:00-04:00,44.02318832049854,44.40190213820283,43.61676485288659,43.94005584716797,1013400,0.0,0.0
2020-07-10 00:00:00-04:00,44.152517892421194,44.993078251966395,44.05091111429893,44.58665466308594,866200,0.0,0.0
2020-07-13 00:00:00-04:00,44.81756530337867,45.279411602642334,44.65130035375514,44.77138137817383,1043000,0.0,0.0
2020-07-14 00:00:00-04:00,44.69748476610278,46.12920760470247,44.429613063944586,46.119972229003906,729800,0.0,0.0
2020-07-15 00:00:00-04:00,46.68341950600707,47.09908183314944,46.295466826138444,46.76655197143555,1303200,0.0,0.0
2020-07-16 00:00:00-04:00,46.82197372432578,47.26534572202072,46.41555027400727,46.93281936645508,823500,0.0,0.0
2020-07-17 00:00:00-04:00,47.09908798736795,47.200691215183454,46.59105423025196,46.67418670654297,607600,0.0,0.0
2020-07-20 00:00:00-04:00,46.57258726287596,46.858933286944236,46.47098401911778,46.646484375,636200,0.0,0.0
2020-07-21 00:00:00-04:00,46.711138729456316,47.422382518687044,46.711138729456316,47.16374969482422,886400,0.0,0.0
2020-07-22 00:00:00-04:00,47.23764649478233,47.6625443125293,46.96977475261691,47.12680435180664,593200,0.0,0.0
2020-07-23 00:00:00-04:00,47.1268105633413,48.03202915143923,47.034439162346416,47.29307556152344,635300,0.0,0.0
2020-07-24 00:00:00-04:00,47.283826735868836,47.67177949140798,47.02519391458135,47.39467239379883,929100,0.0,0.0
2020-07-27 00:00:00-04:00,47.36696048413048,49.08502946830039,47.18222476318972,48.80792236328125,1522700,0.0,0.0
2020-07-28 00:00:00-04:00,48.45692171313413,48.81716132850153,48.2259985213747,48.25371170043945,1136500,0.0,0.0
2020-07-29 00:00:00-04:00,48.48463355269216,49.6207752019269,48.48463355269216,49.23282241821289,1071500,0.0,0.0
2020-07-30 00:00:00-04:00,48.50908901558616,48.50908901558616,44.908952509446536,44.964622497558594,3136900,0.24,0.0
2020-07-31 00:00:00-04:00,45.33576211589002,45.753304630948236,43.75838124763997,44.667694091796875,2760800,0.0,0.0
2020-08-03 00:00:00-04:00,44.78832167084319,45.604848924533975,44.57491182240449,44.881107330322266,1030100,0.0,0.0
2020-08-04 00:00:00-04:00,44.74192719117349,44.843993536564234,44.24087615355307,44.49140167236328,1193700,0.0,0.0
2020-08-05 00:00:00-04:00,44.7048098759912,44.71408702543889,44.008906862404224,44.55635070800781,1046000,0.0,0.0
2020-08-06 00:00:00-04:00,44.630581382031366,45.363600119470455,44.62130423198922,45.09451675415039,997600,0.0,0.0
2020-08-07 00:00:00-04:00,45.04811477625995,45.39142589083388,44.602737334220606,45.38214874267578,797400,0.0,0.0
2020-08-10 00:00:00-04:00,45.49350447555963,45.558455148801706,44.66770002472792,45.28937530517578,699200,0.0,0.0
2020-08-11 00:00:00-04:00,45.68835584090969,46.77396288505735,45.68835584090969,46.18012619018555,1220500,0.0,0.0
2020-08-12 00:00:00-04:00,46.495598330781895,46.95953365072258,46.11517151001237,46.402809143066406,658600,0.0,0.0
2020-08-13 00:00:00-04:00,46.05950260085879,46.124453268978414,45.28009104387735,45.521339416503906,541500,0.0,0.0
2020-08-14 00:00:00-04:00,45.45638769891733,46.36570057114441,45.14091151552868,46.17084503173828,770500,0.0,0.0
2020-08-17 00:00:00-04:00,46.29147151777738,46.59767056668441,45.994553158589625,46.124454498291016,666200,0.0,0.0
2020-08-18 00:00:00-04:00,46.19869098287765,46.43065869794788,45.85537621610028,45.93888473510742,617500,0.0,0.0
2020-08-19 00:00:00-04:00,46.0038336110463,46.26363628910916,45.836816592421314,45.892486572265625,658900,0.0,0.0
2020-08-20 00:00:00-04:00,45.60484897553862,45.71619247494725,45.270814937766716,45.55845260620117,710100,0.0,0.0
2020-08-21 00:00:00-04:00,45.586290392628314,45.586290392628314,45.103797183661165,45.419273376464844,719200,0.0,0.0
2020-08-24 00:00:00-04:00,45.660519119616886,46.24507868781918,45.586291299592965,46.124454498291016,478500,0.0,0.0
2020-08-25 00:00:00-04:00,46.337869293932776,46.337869293932776,45.49350695619877,45.92960739135742,491700,0.0,0.0
2020-08-26 00:00:00-04:00,45.92032576426819,46.198686286143996,45.549176042069746,45.91104507446289,688100,0.0,0.0
2020-08-27 00:00:00-04:00,46.272913001849,46.272913001849,45.48422428544394,45.651241302490234,772100,0.0,0.0
2020-08-28 00:00:00-04:00,45.753308860166975,45.87392951157558,45.32648561668408,45.79970169067383,780600,0.0,0.0
2020-08-31 00:00:00-04:00,45.846089886517774,46.161566057436865,45.28936889762326,45.437828063964844,1196800,0.0,0.0
2020-09-01 00:00:00-04:00,45.409993278626494,45.79042014494563,45.01100857254227,45.77186584472656,778000,0.0,0.0
2020-09-02 00:00:00-04:00,45.82753595318653,46.820357376357734,45.69763461401214,46.56983184814453,902400,0.0,0.0
2020-09-03 00:00:00-04:00,46.51415920503425,46.76468471890342,45.011006121819236,45.252254486083984,632900,0.0,0.0
2020-09-04 00:00:00-04:00,45.54917544971615,45.92960231722649,44.87183022412682,45.103797912597656,568400,0.0,0.0
2020-09-08 00:00:00-04:00,44.8161560046385,44.83471384417182,43.81405744666097,43.85116958618164,1094400,0.0,0.0
2020-09-09 00:00:00-04:00,44.21303537460901,44.8996576344259,44.21303537460901,44.76975631713867,1159300,0.0,0.0
2020-09-10 00:00:00-04:00,44.84400032124696,45.298655060079845,44.53780123874827,44.91822814941406,811500,0.0,0.0
2020-09-11 00:00:00-04:00,45.09451481987146,45.651239366261805,45.09451481987146,45.261531829833984,684800,0.0,0.0
2020-09-14 00:00:00-04:00,45.363598015211245,46.51415924209613,45.28937019967929,46.263633728027344,782800,0.0,0.0
2020-09-15 00:00:00-04:00,46.402818558333884,47.154395203371294,46.36570641526312,47.12656021118164,931400,0.0,0.0
2020-09-16 00:00:00-04:00,47.41419369558992,48.4255729501157,47.23789952812066,48.017311096191406,924600,0.0,0.0
2020-09-17 00:00:00-04:00,48.221443065975976,50.281313683752295,47.599767835084485,49.34416580200195,1948000,0.0,0.0
2020-09-18 00:00:00-04:00,49.409114643471625,50.13285265489036,49.24209763475257,49.399837493896484,2328700,0.0,0.0
2020-09-21 00:00:00-04:00,48.68537952407163,48.90806652256127,47.62760743238079,48.137935638427734,1325900,0.0,0.0
2020-09-22 00:00:00-04:00,48.08225990976033,49.04724629766587,48.02658639292299,48.861671447753906,1096400,0.0,0.0
2020-09-23 00:00:00-04:00,48.945179503970046,49.85449236669167,48.035866641248425,48.06370162963867,1337400,0.0,0.0
2020-09-24 00:00:00-04:00,48.156490561349166,49.42767242440692,48.00803139149969,49.177146911621094,1735700,0.0,0.0
2020-09-25 00:00:00-04:00,48.78744313047055,49.08436147146201,48.2492764252074,48.397735595703125,1911100,0.0,0.0
2020-09-28 00:00:00-04:00,48.99157740848506,49.77098902010045,48.9080688951139,49.44623565673828,1719800,0.0,0.0
2020-09-29 00:00:00-04:00,49.47406912842369,50.531841238938206,49.38128346732617,49.854496002197266,916700,0.0,0.0
2020-09-30 00:00:00-04:00,49.83594330868643,50.12358455106754,48.91735313450037,48.991580963134766,1353600,0.0,0.0
2020-10-01 00:00:00-04:00,49.474068586536326,50.16997165578379,49.13075739678047,49.72459411621094,959800,0.0,0.0
2020-10-02 00:00:00-04:00,49.00086538692097,50.28132472967066,48.79673264841882,49.66893005371094,704400,0.0,0.0
2020-10-05 00:00:00-04:00,50.15141508995396,51.23702574612387,50.06790657794089,51.227745056152344,825900,0.0,0.0
2020-10-06 00:00:00-04:00,51.0328997721003,51.227751812648044,49.52974989715876,49.73387908935547,1246600,0.0,0.0
2020-10-07 00:00:00-04:00,50.012239405800436,50.54112549841205,49.93800804004271,50.179256439208984,1352100,0.0,0.0
2020-10-08 00:00:00-04:00,50.531840905170206,52.897910642989714,50.24420323394011,52.65666580200195,2232600,0.0,0.0
2020-10-09 00:00:00-04:00,52.832950867286975,53.47318384874729,52.433966224782715,53.064918518066406,1684000,0.0,0.0
2020-10-12 00:00:00-04:00,53.074211781740765,53.86290056544597,52.29480014886489,52.41542434692383,1266800,0.0,0.0
2020-10-13 00:00:00-04:00,52.00715645879076,52.471091848324214,51.10712420998723,51.218467712402344,1406000,0.0,0.0
2020-10-14 00:00:00-04:00,51.561763763427734,52.02569901668121,51.19061414500692,51.561763763427734,1005000,0.0,0.0
2020-10-15 00:00:00-04:00,51.03288613303269,51.858690451403554,50.85659198244593,51.80302047729492,893200,0.0,0.0
2020-10-16 00:00:00-04:00,52.12777045856875,52.47108158862276,51.21845769762718,51.37619400024414,1155200,0.0,0.0
2020-10-19 00:00:00-04:00,51.404034847448045,51.51537833312249,50.7638018408424,50.99576950073242,835200,0.0,0.0
2020-10-20 00:00:00-04:00,51.413317536477784,51.905087895780696,51.079283503915065,51.15351486206055,585500,0.0,0.0
2020-10-21 00:00:00-04:00,51.30197929091902,51.385487807609,50.318434932075476,50.85660171508789,1682500,0.0,0.0
2020-10-22 00:00:00-04:00,51.0699954994665,51.14422330228958,50.6338952119158,50.949371337890625,1118900,0.0,0.0
2020-10-23 00:00:00-04:00,51.032888134854026,51.032888134854026,50.52255996141464,50.96793746948242,774000,0.0,0.0
2020-10-26 00:00:00-04:00,50.45761596992413,50.466893120684645,49.42767879773933,50.04007339477539,817200,0.0,0.0
2020-10-27 00:00:00-04:00,50.1328495835561,50.179245947226825,49.17714395630514,49.204978942871094,764800,0.0,0.0
2020-10-28 00:00:00-04:00,48.49051815619371,49.5111779853354,47.72966451350303,47.74822235107422,1270500,0.0,0.0
2020-10-29 00:00:00-04:00,49.43620331194361,51.29204429822471,48.811374661738654,49.7812614440918,1686900,0.26,0.0
2020-10-30 00:00:00-04:00,49.715978915909304,50.1449660514534,47.59901601982832,48.20519256591797,1448700,0.0,0.0
2020-11-02 00:00:00-05:00,48.64350284846526,49.34293972045672,48.466313454934586,49.286983489990234,1062600,0.0,0.0
2020-11-03 00:00:00-05:00,49.84654241283762,50.53665156859601,49.46418367585786,49.7066535949707,908800,0.0,0.0
2020-11-04 00:00:00-05:00,49.52012742963998,49.79057719808254,48.447659730243274,48.88597106933594,678100,0.0,0.0
2020-11-05 00:00:00-05:00,49.51080832724345,50.76046910182573,49.51080832724345,50.191593170166016,674900,0.0,0.0
2020-11-06 00:00:00-05:00,50.49001970896063,51.142828218667745,49.90249169447221,50.88170623779297,943100,0.0,0.0
2020-11-09 00:00:00-05:00,52.61630479099593,53.530238803723336,49.492154729240944,49.54811096191406,1425100,0.0,0.0
2020-11-10 00:00:00-05:00,49.417547680295634,51.515858281517005,49.417547680295634,51.05889129638672,886800,0.0,0.0
2020-11-11 00:00:00-05:00,51.29203734478698,51.43192614237164,50.56462413539455,51.12417221069336,755100,0.0,0.0
2020-11-12 00:00:00-05:00,50.82575243651533,50.99361759154949,49.93979824217293,50.44339370727539,583100,0.0,0.0
2020-11-13 00:00:00-05:00,51.049568497764334,51.8795663679087,50.87237554288859,51.35731887817383,827200,0.0,0.0
2020-11-16 00:00:00-05:00,51.75833054783786,52.65360892513078,51.245410866525454,52.59765625,935200,0.0,0.0
2020-11-17 00:00:00-05:00,52.401805626601266,52.80281635737017,51.69304454286997,52.57899856567383,934500,0.0,0.0
2020-11-18 00:00:00-05:00,52.57901018912744,53.29709924814459,52.34586452934994,52.68159484863281,911200,0.0,0.0
2020-11-19 00:00:00-05:00,52.560354233435724,53.12923017054495,52.0754108699577,52.78417205810547,615900,0.0,0.0
2020-11-20 00:00:00-05:00,52.65360565385359,52.88675127246703,51.49720537774205,52.280574798583984,850800,0.0,0.0
2020-11-23 00:00:00-05:00,52.79350022572124,53.80068755844701,52.47642200740531,53.614173889160156,1169700,0.0,0.0
2020-11-24 00:00:00-05:00,53.921921619935404,54.70529108772585,53.6701239098399,54.05248260498047,1071300,0.0,0.0
2020-11-25 00:00:00-05:00,53.75405956875252,53.75405956875252,52.42979400717594,52.569679260253906,956400,0.0,0.0
2020-11-27 00:00:00-05:00,52.98001761480204,53.502261582437136,52.8681051438629,53.231815338134766,305800,0.0,0.0
2020-11-30 00:00:00-05:00,52.914736066518074,53.08259765454804,52.028781922230316,52.51372528076172,2645800,0.0,0.0
2020-12-01 00:00:00-05:00,52.98934339418674,53.20383696668806,51.21743501958238,51.347999572753906,1888900,0.0,0.0
2020-12-02 00:00:00-05:00,51.14282673222209,51.63709434094656,50.965637329995594,51.17080307006836,1314000,0.0,0.0
2020-12-03 00:00:00-05:00,51.338662786798395,51.413271089864054,50.9842804622759,51.254730224609375,1461700,0.0,0.0
2020-12-04 00:00:00-05:00,51.553165326982814,51.65574998285742,51.180134419053694,51.347999572753906,983300,0.0,0.0
2020-12-07 00:00:00-05:00,51.43193316261972,51.81429189635229,51.105527109542415,51.581146240234375,675100,0.0,0.0
2020-12-08 00:00:00-05:00,51.29203673616706,52.317876047882464,51.18945209349155,52.30855178833008,1266700,0.0,0.0
2020-12-09 00:00:00-05:00,52.299229227089214,53.84731606200554,52.2805771498589,53.78203201293945,1055200,0.0,0.0
2020-12-10 00:00:00-05:00,53.502260518423306,53.82866654922413,52.18731924996089,52.51372528076172,827400,0.0,0.0
2020-12-11 00:00:00-05:00,52.34586256808041,52.830805949150445,52.01945652210927,52.56035614013672,717000,0.0,0.0
2020-12-14 00:00:00-05:00,52.98001735737408,53.38102814915695,51.6464239907511,51.674400329589844,871800,0.0,0.0
2020-12-15 00:00:00-05:00,51.795636213899556,52.68159035702205,51.543838495905575,52.61630630493164,667700,0.0,0.0
2020-12-16 00:00:00-05:00,52.51372186120601,53.06394567856442,51.27338542846657,51.36664581298828,1198800,0.0,0.0
2020-12-17 00:00:00-05:00,51.63709239639813,52.03810315885374,50.99361174752561,51.534507751464844,1760900,0.0,0.0
2020-12-18 00:00:00-05:00,51.543834786629716,51.94484554300049,50.59260021739113,51.88888931274414,1762400,0.0,0.0
2020-12-21 00:00:00-05:00,50.937655350103284,52.34585692273874,50.639229233555355,52.05675506591797,769600,0.0,0.0
2020-12-22 00:00:00-05:00,52.00080419025332,52.16866934278897,51.55316496933169,51.62777328491211,865700,0.0,0.0
2020-12-23 00:00:00-05:00,51.71170867556191,51.76766135777213,51.0215959489652,51.394630432128906,797300,0.0,0.0
2020-12-24 00:00:00-05:00,51.74900524654668,51.75832950637418,51.14282518968026,51.73967742919922,215000,0.0,0.0
2020-12-28 00:00:00-05:00,52.112712707521354,52.3178784447519,51.76765461043722,51.8702392578125,485900,0.0,0.0
2020-12-29 00:00:00-05:00,51.991477906201816,52.12203889586618,50.629908217530335,51.02159118652344,561400,0.0,0.0
2020-12-30 00:00:00-05:00,51.124175837694054,51.62777127570246,50.853726040520634,51.02159118652344,536200,0.0,0.0
2020-12-31 00:00:00-05:00,50.96563489378266,51.170800624048276,50.38743118411801,51.12417221069336,728900,0.0,0.0
2021-01-04 00:00:00-05:00,51.0122640368391,51.851586161793335,49.95844480384817,50.284847259521484,1484700,0.0,0.0
2021-01-05 00:00:00-05:00,50.023731410886086,50.900361354762595,49.977102991163385,50.61125946044922,755000,0.0,0.0
2021-01-06 00:00:00-05:00,51.15215405763967,53.054623410633624,50.88170780803899,52.355186462402344,1386900,0.0,0.0
2021-01-07 00:00:00-05:00,52.89608021238612,53.12922583594914,52.18731552454337,52.99866485595703,1073000,0.0,0.0
2021-01-08 00:00:00-05:00,53.25046284453372,53.46495996432018,51.73968009084221,52.373836517333984,804000,0.0,0.0
2021-01-11 00:00:00-05:00,51.85158939956802,53.511588791059175,51.69305207048997,53.06394958496094,749900,0.0,0.0
2021-01-12 00:00:00-05:00,53.045298734596294,54.99439649070592,52.61630803932489,54.817203521728516,1028600,0.0,0.0
2021-01-13 00:00:00-05:00,54.83585330908357,54.863833204738356,54.173720551415315,54.388214111328125,909700,0.0,0.0
2021-01-14 00:00:00-05:00,54.19236568556936,54.584048599348215,52.71888373559443,53.54888153076172,1096800,0.0,0.0
2021-01-15 00:00:00-05:00,53.353043642358514,53.353043642358514,52.00079831418897,52.99866485595703,1095200,0.0,0.0
2021-01-19 00:00:00-05:00,53.436976309013424,54.0058522007736,53.20383068501466,53.343719482421875,1275200,0.0,0.0
2021-01-20 00:00:00-05:00,53.5115875282985,54.024507217503896,53.02664417708901,53.940574645996094,922600,0.0,0.0
2021-01-21 00:00:00-05:00,53.679455053399444,54.49080090896581,53.679455053399444,54.12709426879883,788300,0.0,0.0
2021-01-22 00:00:00-05:00,53.91259877062845,54.17372074755115,53.203834036809496,53.865966796875,1155500,0.0,0.0
2021-01-25 00:00:00-05:00,53.72608776868193,53.8006925317891,52.56968370159623,53.082603454589844,1919200,0.0,0.0
2021-01-26 00:00:00-05:00,53.194514136182725,53.62350129271958,50.75114508108237,50.816429138183594,1877400,0.0,0.0
2021-01-27 00:00:00-05:00,50.089012150088905,50.49002296516297,48.56890502622438,49.604068756103516,3431100,0.0,0.0
2021-01-28 00:00:00-05:00,51.993836320591576,56.65154057644065,51.30970731867536,53.333980560302734,3501900,0.26,0.0
2021-01-29 00:00:00-05:00,52.78105622217255,53.24026798141004,50.49437821442771,50.88798522949219,2704900,0.0,0.0
2021-02-01 00:00:00-05:00,51.52525249843866,52.649849494138444,51.450281272056166,52.509273529052734,1698600,0.0,0.0
2021-02-02 00:00:00-05:00,53.26838181533015,54.17743169652369,52.99660349981932,53.78382110595703,1455100,0.0,0.0
2021-02-03 00:00:00-05:00,53.643247790967784,54.26177564419193,53.41832694661557,53.62450408935547,813900,0.0,0.0
2021-02-04 00:00:00-05:00,53.886906747564616,55.08647500594665,53.71821701435522,54.95527267456055,975400,0.0,0.0
2021-02-05 00:00:00-05:00,55.067731990743056,56.26730383905767,54.88967219235832,56.22981643676758,931000,0.0,0.0
2021-02-08 00:00:00-05:00,56.51095967199946,57.56058181583396,56.435988449223125,57.52309799194336,865600,0.0,0.0
2021-02-09 00:00:00-05:00,57.410630631582535,58.066645753098086,57.129482315217246,57.466861724853516,789200,0.0,0.0
2021-02-10 00:00:00-05:00,57.5324735993478,57.76676450247269,56.529708819972925,57.3731575012207,895800,0.0,0.0
2021-02-11 00:00:00-05:00,57.757385198335754,57.82298635471509,56.58593087014053,57.25131607055664,874300,0.0,0.0
2021-02-12 00:00:00-05:00,57.16697499556574,57.42937963843219,56.24855517053803,56.576560974121094,1063200,0.0,0.0
2021-02-16 00:00:00-05:00,56.54845400139003,56.61405516998248,55.38636951847478,55.405113220214844,850100,0.0,0.0
2021-02-17 00:00:00-05:00,55.133338840425445,55.911182805212796,54.91778805651298,55.53631591796875,715100,0.0,0.0
2021-02-18 00:00:00-05:00,55.170814712457336,55.658140165594624,54.17742368201927,54.49605941772461,780300,0.0,0.0
2021-02-19 00:00:00-05:00,54.992753269382,56.276666235446015,54.86155095423611,55.89242935180664,1024200,0.0,0.0
2021-02-22 00:00:00-05:00,55.81746027792228,58.00104941034277,55.4707072031427,57.96356201171875,1216200,0.0,0.0
2021-02-23 00:00:00-05:00,57.90732112636407,58.197839461173906,56.998271581972396,57.87920379638672,1103500,0.0,0.0
2021-02-24 00:00:00-05:00,58.047904167253556,58.37591352744244,57.082626935115684,57.4481201171875,1393200,0.0,0.0
2021-02-25 00:00:00-05:00,57.56995910398942,57.888594864734905,56.154840093768605,56.44536209106445,1179200,0.0,0.0
2021-02-26 00:00:00-05:00,56.763997487892844,57.06388954608416,55.54568555461619,55.639400482177734,1419700,0.0,0.0
2021-03-01 00:00:00-05:00,56.50159979277602,57.43876348384878,56.43599862040059,56.85771942138672,1083400,0.0,0.0
2021-03-02 00:00:00-05:00,57.01703545186883,57.14823778820685,56.04238441764992,57.09200668334961,1175400,0.0,0.0
2021-03-03 00:00:00-05:00,57.27006077257546,59.08815663480192,56.97953880709293,58.085391998291016,1094100,0.0,0.0
2021-03-04 00:00:00-05:00,57.81361041069838,58.56334401081669,56.56718491424199,57.2044563293457,1317100,0.0,0.0
2021-03-05 00:00:00-05:00,57.8511053063137,58.63832282850779,57.251321208450626,58.553977966308594,1766500,0.0,0.0
2021-03-08 00:00:00-05:00,58.975700599628546,60.1752687612307,58.291571659027625,59.716060638427734,2462000,0.0,0.0
2021-03-09 00:00:00-05:00,59.3974292535171,60.32522277933919,59.078793490355466,59.40679931640625,1385000,0.0,0.0
2021-03-10 00:00:00-05:00,59.51925226479672,61.24363324642889,59.28496138998254,60.906253814697266,997300,0.0,0.0
2021-03-11 00:00:00-05:00,60.953120074385666,61.38421446299714,60.77505670626697,60.89689254760742,1036600,0.0,0.0
2021-03-12 00:00:00-05:00,61.14054059516126,61.69347074068993,60.29709207231475,60.33457946777344,913000,0.0,0.0
2021-03-15 00:00:00-04:00,60.194014539832736,61.18740555835106,59.53799580214003,61.17803192138672,881100,0.0,0.0
2021-03-16 00:00:00-04:00,60.943753328520486,61.609138687275134,60.70008876827506,61.50605010986328,833300,0.0,0.0
2021-03-17 00:00:00-04:00,61.64662128925683,62.90242424806334,61.35610285736477,62.527557373046875,1305100,0.0,0.0
2021-03-18 00:00:00-04:00,62.34947661568307,63.87705745423846,62.218274318505046,63.221038818359375,1622300,0.0,0.0
2021-03-19 00:00:00-04:00,63.27727593256171,63.699003794613645,62.79932769888889,63.23979568481445,1940000,0.0,0.0
2021-03-22 00:00:00-04:00,62.82744145969434,63.52094044285905,62.46194826924335,63.23979568481445,1491700,0.0,0.0
2021-03-23 00:00:00-04:00,62.81807044697208,64.16758822193,61.262382700831424,61.496673583984375,1319600,0.0,0.0
2021-03-24 00:00:00-04:00,61.76845570718827,62.686872022260175,61.14055066730271,61.159297943115234,982700,0.0,0.0
2021-03-25 00:00:00-04:00,60.89689750123918,62.82745234423306,60.240878652169776,62.53693389892578,998000,0.0,0.0
2021-03-26 00:00:00-04:00,63.146073829962084,65.21720429954932,63.146073829962084,65.12348937988281,1249000,0.0,0.0
2021-03-29 00:00:00-04:00,64.99228919481871,65.72327560218805,64.50496730656923,64.8704605102539,732700,0.0,0.0
2021-03-30 00:00:00-04:00,64.74862411947967,65.57333259249612,64.65490919754332,64.84234619140625,912700,0.0,0.0
2021-03-31 00:00:00-04:00,64.57994887409546,64.95480860435427,63.31477225950338,63.36163330078125,2079800,0.0,0.0
2021-04-01 00:00:00-04:00,63.23042262840403,63.78334566262783,62.56503739993585,63.605289459228516,1180400,0.0,0.0
2021-04-05 00:00:00-04:00,62.29326641190555,63.877075203630085,62.24640537132552,63.7083854675293,940600,0.0,0.0
2021-04-06 00:00:00-04:00,63.88643934205861,64.69240059045406,63.567807157804474,64.57057189941406,956700,0.0,0.0
2021-04-07 00:00:00-04:00,64.57993661819653,64.66427789650126,63.14607053710886,63.164817810058594,730000,0.0,0.0
2021-04-08 00:00:00-04:00,63.033611033154074,63.24915460687596,62.34947861875645,62.63063049316406,1201200,0.0,0.0
2021-04-09 00:00:00-04:00,62.836825456320284,63.27728636487311,62.30264246297758,63.04299545288086,1626900,0.0,0.0
2021-04-12 00:00:00-04:00,63.22104150170007,64.14883125683474,63.12732659259371,64.1113510131836,825700,0.0,0.0
2021-04-13 00:00:00-04:00,63.886453799332195,63.886453799332195,62.93992352015217,63.399131774902344,701500,0.0,0.0
2021-04-14 00:00:00-04:00,63.23043733222185,63.67090542461929,62.85557041422454,63.07112121582031,858600,0.0,0.0
2021-04-15 00:00:00-04:00,63.37100060408587,63.50220292655888,62.76184287832386,63.31476593017578,795200,0.0,0.0
2021-04-16 00:00:00-04:00,63.70837803919475,64.05512395908934,63.277276536099144,63.94266891479492,644100,0.0,0.0
2021-04-19 00:00:00-04:00,64.09261133430729,64.21444001557946,62.91178331970667,63.605289459228516,659200,0.0,0.0
2021-04-20 00:00:00-04:00,63.53032269543814,63.81146749161011,62.265153237686775,62.89305114746094,734700,0.0,0.0
2021-04-21 00:00:00-04:00,63.04298674272611,63.69900549566219,62.64937978095859,63.66151809692383,711900,0.0,0.0
2021-04-22 00:00:00-04:00,64.11136357511508,64.60805912569124,63.333516092141885,63.49283218383789,942900,0.0,0.0
2021-04-23 00:00:00-04:00,63.63340453947852,64.54245429932668,63.31476522417544,64.06449890136719,743100,0.0,0.0
2021-04-26 00:00:00-04:00,64.36438245505998,65.19845730720854,63.55842136085071,63.63339614868164,1440000,0.0,0.0
2021-04-27 00:00:00-04:00,63.41785645813322,63.90518551385762,62.949274677623904,63.83958435058594,1335400,0.0,0.0
2021-04-28 00:00:00-04:00,63.895823215483034,63.895823215483034,62.340127996116145,62.3588752746582,1054300,0.0,0.0
2021-04-29 00:00:00-04:00,62.37768145658435,64.90853563124463,62.17069555261137,64.36285400390625,1692200,0.26,0.0
2021-04-30 00:00:00-04:00,64.30640388591468,64.92736164757224,63.384384830048,63.74190139770508,2278900,0.0,0.0
2021-05-03 00:00:00-04:00,64.58866070819835,66.46093010333591,64.09941993945442,66.13163757324219,1760800,0.0,0.0
2021-05-04 00:00:00-04:00,65.6706148653529,67.3358979997045,65.40717371605426,67.29826354980469,1041500,0.0,0.0
2021-05-05 00:00:00-04:00,67.5240722912532,67.74046861321563,66.02814038816977,67.0066146850586,1183400,0.0,0.0
2021-05-06 00:00:00-04:00,67.31709715937177,67.31709715937177,66.50797427782169,67.11951446533203,725500,0.0,0.0
2021-05-07 00:00:00-04:00,66.70553928434558,67.49584122383732,66.05635756402192,66.92192840576172,848800,0.0,0.0
2021-05-10 00:00:00-04:00,67.1195173356392,68.7283599368058,67.0348451871773,67.9756851196289,894400,0.0,0.0
2021-05-11 00:00:00-04:00,67.30767565948483,67.3547133395215,66.43269441678251,66.67731475830078,891900,0.0,0.0
2021-05-12 00:00:00-04:00,66.56442588887907,66.7149637250406,64.34404305177016,64.43812561035156,1482100,0.0,0.0
2021-05-13 00:00:00-04:00,64.58865136878325,67.37353621466124,64.41929992378887,66.85607147216797,801700,0.0,0.0
2021-05-14 00:00:00-04:00,66.9595607176016,67.80631789574522,66.62085784634415,67.52406311035156,728500,0.0,0.0
2021-05-17 00:00:00-04:00,67.5522960010031,67.9662606042984,66.13162598800524,66.67731475830078,979900,0.0,0.0
2021-05-18 00:00:00-04:00,66.83725966333364,66.96897665992782,64.73918376951846,64.79563903808594,872000,0.0,0.0
2021-05-19 00:00:00-04:00,64.28758801899407,64.68273902924352,63.38438263355033,64.56043243408203,819500,0.0,0.0
2021-05-20 00:00:00-04:00,64.76740961204062,65.08729888267318,64.34403456524493,64.85208892822266,609700,0.0,0.0
2021-05-21 00:00:00-04:00,65.03083871929535,65.92463350908238,64.96498023139564,65.17195892333984,3089900,0.0,0.0
2021-05-24 00:00:00-04:00,65.7553063225067,65.7553063225067,64.90854889595482,65.08731079101562,711000,0.0,0.0
2021-05-25 00:00:00-04:00,65.21901207479154,66.0093212081791,64.9085332303165,65.0684814453125,749800,0.0,0.0
2021-05-26 00:00:00-04:00,65.09670069825604,65.94345068008057,65.09670069825604,65.8211441040039,683000,0.0,0.0
2021-05-27 00:00:00-04:00,66.37624213010552,66.99719258478163,66.31978686838072,66.8936996459961,1514200,0.0,0.0
2021-05-28 00:00:00-04:00,67.2512339191282,67.37354051241137,66.54560404964592,66.86548614501953,901800,0.0,0.0
2021-06-01 00:00:00-04:00,67.81572487446435,67.84394891596945,66.66789933301065,67.30767059326172,694000,0.0,0.0
2021-06-02 00:00:00-04:00,67.25123212797763,67.6087486682329,66.6302744139133,67.03483581542969,1120500,0.0,0.0
2021-06-03 00:00:00-04:00,66.69613872610498,67.19478271556751,64.51339048484725,64.75801086425781,1694400,0.0,0.0
2021-06-04 00:00:00-04:00,64.88971218393779,65.24722866891034,64.5321885209283,64.96498107910156,1858500,0.0,0.0
2021-06-07 00:00:00-04:00,65.18139209536014,65.28488506649738,63.80776659794864,64.165283203125,1199200,0.0,0.0
2021-06-08 00:00:00-04:00,64.39107714803774,64.63569032382,63.74189539976176,64.34403228759766,1074000,0.0,0.0
2021-06-09 00:00:00-04:00,64.1370443807061,64.53219535510839,63.69484854733501,64.39107513427734,1205700,0.0,0.0
2021-06-10 00:00:00-04:00,64.6262829441166,64.98379945517401,63.76070494265334,63.77952575683594,810100,0.0,0.0
2021-06-11 00:00:00-04:00,64.04295525544421,64.90852601837952,63.977096766482546,64.86148834228516,1143000,0.0,0.0
2021-06-14 00:00:00-04:00,64.79564150269685,65.08729955224366,64.25936308815433,64.76741027832031,1026400,0.0,0.0
2021-06-15 00:00:00-04:00,64.95558123234085,65.59535258916492,64.47575092021327,65.16256713867188,948900,0.0,0.0
2021-06-16 00:00:00-04:00,65.04967324179205,65.16257661931866,64.23113990531222,64.33463287353516,866100,0.0,0.0
2021-06-17 00:00:00-04:00,64.30640778133149,64.5886626315534,62.18010752963297,62.857513427734375,1035700,0.0,0.0
2021-06-18 00:00:00-04:00,62.02956414624812,62.735193948983515,61.72849571753585,62.1424674987793,1676900,0.0,0.0
2021-06-21 00:00:00-04:00,62.73519948041795,63.87361480117527,62.71638584235603,63.638404846191406,654300,0.0,0.0
2021-06-22 00:00:00-04:00,63.78895163902125,64.2217371557272,63.215038693858325,63.90184783935547,813300,0.0,0.0
2021-06-23 00:00:00-04:00,64.09940764713295,64.65450681544445,63.74189113702612,64.10881805419922,879000,0.0,0.0
2021-06-24 00:00:00-04:00,64.4381213464435,64.52280066819085,63.54432633200441,63.76071548461914,761000,0.0,0.0
2021-06-25 00:00:00-04:00,64.04295422276287,65.21900377671257,64.04295422276287,65.17195892333984,1068100,0.0,0.0
2021-06-28 00:00:00-04:00,65.16256125366336,66.47973830205366,64.92735132280927,66.20689392089844,1067700,0.0,0.0
2021-06-29 00:00:00-04:00,66.6396728584014,67.48642996282288,66.42327658470161,67.35470581054688,910100,0.0,0.0
2021-06-30 00:00:00-04:00,67.3735456933362,68.04154115978268,66.97839465876876,67.79692077636719,1041000,0.0,0.0
2021-07-01 00:00:00-04:00,67.85336976612018,68.13561740265017,67.55230131366532,67.83454895019531,697100,0.0,0.0
2021-07-02 00:00:00-04:00,67.63697564790837,67.67461010294228,66.63027730437611,66.78081512451172,811100,0.0,0.0
2021-07-06 00:00:00-04:00,66.93133100804637,66.97837586097481,65.20959275459518,66.24452209472656,992700,0.0,0.0
2021-07-07 00:00:00-04:00,65.68942945190511,67.90981178186428,65.68942945190511,67.76868438720703,643500,0.0,0.0
2021-07-08 00:00:00-04:00,66.49855869699734,67.08188196889701,65.96228028726502,66.18807983398438,786800,0.0,0.0
2021-07-09 00:00:00-04:00,67.38295590061063,67.38295590061063,66.41388477868146,66.56442260742188,1198600,0.0,0.0
2021-07-12 00:00:00-04:00,66.62086221660283,67.21359586920475,66.11280787638883,66.97838592529297,817300,0.0,0.0
2021-07-13 00:00:00-04:00,66.97838815637306,67.09128433926712,66.62086443577365,66.82785034179688,607700,0.0,0.0
2021-07-14 00:00:00-04:00,66.8654690742689,67.34529927286694,66.27274271932056,66.80902099609375,1107400,0.0,0.0
2021-07-15 00:00:00-04:00,66.41387000490555,67.13832058299678,65.90582289101873,66.58322143554688,757700,0.0,0.0
2021-07-16 00:00:00-04:00,66.92191956378369,67.02541249619148,65.7364668111726,65.77410125732422,845300,0.0,0.0
2021-07-19 00:00:00-04:00,64.72977136436182,65.2660496824888,64.11822415083952,64.86148834228516,704700,0.0,0.0
2021-07-20 00:00:00-04:00,65.25664176684565,66.32919844403817,65.15314882623608,66.04694366455078,1408700,0.0,0.0
2021-07-21 00:00:00-04:00,66.52677244854893,66.78080318008219,66.04694220523714,66.54559326171875,565700,0.0,0.0
2021-07-22 00:00:00-04:00,66.62085499443623,66.62085499443623,64.40047279037088,64.56982421875,899400,0.0,0.0
2021-07-23 00:00:00-04:00,64.96498432147489,65.55771074988927,64.55101255544989,65.51066589355469,770900,0.0,0.0
2021-07-26 00:00:00-04:00,65.61415707368674,65.86818780621451,65.25664058046802,65.68001556396484,735300,0.0,0.0
2021-07-27 00:00:00-04:00,65.17197109302819,66.33861763658297,65.01203004655378,65.9622802734375,819200,0.0,0.0
2021-07-28 00:00:00-04:00,66.02813487271622,66.24453117660266,65.040250250078,65.29428100585938,832100,0.0,0.0
2021-07-29 00:00:00-04:00,66.1064371485975,66.74861425481363,63.99103317725073,66.51251983642578,979100,0.26,0.0
2021-07-30 00:00:00-04:00,66.62587039068643,66.72975254647888,65.5398342560588,66.41810607910156,1110900,0.0,0.0
2021-08-02 00:00:00-04:00,66.51254721597157,67.12639439747296,65.90814583250237,65.95536041259766,616400,0.0,0.0
2021-08-03 00:00:00-04:00,66.14422456305394,67.83466175575911,65.40761100305492,67.65522766113281,759500,0.0,0.0
2021-08-04 00:00:00-04:00,67.44747190953684,67.75911836432259,67.06971928601156,67.54190826416016,805400,0.0,0.0
2021-08-05 00:00:00-04:00,67.98576481698896,68.30685705816994,67.23026679985635,67.37191772460938,647400,0.0,0.0
2021-08-06 00:00:00-04:00,67.7968758913496,68.16518261764159,67.20192053465408,67.68354797363281,546700,0.0,0.0
2021-08-09 00:00:00-04:00,67.38135123422852,67.82520993093472,66.87138638301481,67.43801879882812,516900,0.0,0.0
2021-08-10 00:00:00-04:00,67.66465541309853,68.06129226963164,67.39078504881734,67.89130401611328,566000,0.0,0.0
2021-08-11 00:00:00-04:00,68.11797241704413,68.7034892837894,67.54190134630332,68.2313003540039,1162100,0.0,0.0
2021-08-12 00:00:00-04:00,68.382395508675,68.382395508675,67.17358595107271,67.44745635986328,920200,0.0,0.0
2021-08-13 00:00:00-04:00,67.4946772804439,67.99519632279294,67.07914877508381,67.9574203491211,545500,0.0,0.0
2021-08-16 00:00:00-04:00,67.79687452901315,69.01512260112598,67.67410802439275,68.59959411621094,643000,0.0,0.0
2021-08-17 00:00:00-04:00,68.18407269200131,68.40128275116248,66.3519847020373,67.01304626464844,742900,0.0,0.0
2021-08-18 00:00:00-04:00,66.69196245522976,67.35302402950452,66.3047641009897,66.39920043945312,556700,0.0,0.0
2021-08-19 00:00:00-04:00,65.56816444308721,66.56920281159728,65.44539789761993,66.41810607910156,566700,0.0,0.0
2021-08-20 00:00:00-04:00,66.71083838646373,67.34356969951479,66.5880718825229,67.10747528076172,494000,0.0,0.0
2021-08-23 00:00:00-04:00,67.35302195262331,67.65522254940615,66.79584252934859,67.32469177246094,497400,0.0,0.0
2021-08-24 00:00:00-04:00,67.38136005163949,67.87244058226894,67.164157174848,67.8157730102539,392800,0.0,0.0
2021-08-25 00:00:00-04:00,67.98576009310669,68.4107344529324,67.82521758618712,68.2313003540039,671200,0.0,0.0
2021-08-26 00:00:00-04:00,68.14630847574699,68.23129902303548,67.52301564217352,67.74966430664062,303200,0.0,0.0
2021-08-27 00:00:00-04:00,68.07076351236945,68.52406088787232,67.8913293985073,68.35407257080078,440300,0.0,0.0
2021-08-30 00:00:00-04:00,68.58071870252297,69.22289589727782,68.35406284199948,68.88291931152344,435400,0.0,0.0
2021-08-31 00:00:00-04:00,69.02456315064707,69.12844527482615,68.28794969194459,68.6751480102539,1335600,0.0,0.0
2021-09-01 00:00:00-04:00,68.68460998473469,68.81682231846597,67.28692747882029,68.56183624267578,633300,0.0,0.0
2021-09-02 00:00:00-04:00,68.82626434267337,69.61954558965574,68.51462508621132,69.61009979248047,680500,0.0,0.0
2021-09-03 00:00:00-04:00,69.4589912705194,69.70452431513387,68.54294363590817,69.16622924804688,433700,0.0,0.0
2021-09-07 00:00:00-04:00,69.0623396259745,69.0623396259745,67.75910097456037,67.87242889404297,736400,0.0,0.0
2021-09-08 00:00:00-04:00,67.4852230350458,68.19350624138134,66.87137614854915,68.07073974609375,636700,0.0,0.0
2021-09-09 00:00:00-04:00,68.18407269200131,68.39183695597356,66.98471608411234,67.01304626464844,595600,0.0,0.0
2021-09-10 00:00:00-04:00,67.47578992317818,67.5513418752605,66.14422099162314,66.2103271484375,724900,0.0,0.0
2021-09-13 00:00:00-04:00,66.6919607715919,67.05082173070579,65.29427850051302,65.82312774658203,892600,0.0,0.0
2021-09-14 00:00:00-04:00,66.06867601106266,66.10645199108993,64.34990854749559,64.52934265136719,833300,0.0,0.0
2021-09-15 00:00:00-04:00,64.34989901893653,64.93541581511187,63.93437050519722,64.652099609375,1109200,0.0,0.0
2021-09-16 00:00:00-04:00,64.57656016041585,64.64266632721305,62.867238415351096,62.95223617553711,1117200,0.0,0.0
2021-09-17 00:00:00-04:00,62.70669263517952,62.77279879853839,61.3373403869867,61.64898681640625,2177400,0.0,0.0
2021-09-20 00:00:00-04:00,60.468507885743534,60.95958836441584,59.48635773594488,60.89348220825195,2042500,0.0,0.0
2021-09-21 00:00:00-04:00,61.28067370958021,61.31844968547129,59.788558687035945,60.28907775878906,1120300,0.0,0.0
2021-09-22 00:00:00-04:00,60.74237994050473,61.10124091147765,60.03409658895732,60.22297286987305,1279900,0.0,0.0
2021-09-23 00:00:00-04:00,60.58183604989247,61.44121608338699,60.402401966017834,60.836814880371094,690000,0.0,0.0
2021-09-24 00:00:00-04:00,60.45906926520902,60.959595598453504,60.298526753335324,60.49684524536133,1038600,0.0,0.0
2021-09-27 00:00:00-04:00,60.496840594349415,61.49788597884627,60.37407407206635,60.959590911865234,966300,0.0,0.0
2021-09-28 00:00:00-04:00,60.71404603085886,61.2523410567775,59.87355041503906,59.87355041503906,951400,0.0,0.0
2021-09-29 00:00:00-04:00,60.17575147435294,60.487397861534376,59.95854502382433,60.01520538330078,934000,0.0,0.0
2021-09-30 00:00:00-04:00,60.204089740269524,60.629056903482386,57.62593856487046,57.67315673828125,2082700,0.0,0.0
2021-10-01 00:00:00-04:00,57.8998092090057,58.39088613966499,57.03097968475752,58.06979751586914,1159100,0.0,0.0
2021-10-04 00:00:00-04:00,57.84313770427683,58.1453382987755,57.26706669522771,57.76758575439453,1249800,0.0,0.0
2021-10-05 00:00:00-04:00,58.740289119047375,60.46849830312453,57.9942299291247,60.11907958984375,1839900,0.0,0.0
2021-10-06 00:00:00-04:00,59.52412557413108,60.26074263350353,59.108600680970625,60.204078674316406,1234200,0.0,0.0
2021-10-07 00:00:00-04:00,60.68572397330885,61.69620800650214,60.68572397330885,61.0634765625,1224000,0.0,0.0
2021-10-08 00:00:00-04:00,61.006805776925674,61.43178011926422,60.37407436625672,60.65739059448242,1223600,0.0,0.0
2021-10-11 00:00:00-04:00,60.71405987587432,61.43178914244437,60.56295594395135,60.59129333496094,1474300,0.0,0.0
2021-10-12 00:00:00-04:00,60.84626541399309,61.88507961226002,59.6657930966372,59.93021774291992,1786100,0.0,0.0
2021-10-13 00:00:00-04:00,60.19463152920973,60.62904077050511,59.5713424394994,60.11907958984375,904500,0.0,0.0
2021-10-14 00:00:00-04:00,60.581831754122156,61.724527922704354,60.260743187473466,61.639530181884766,934600,0.0,0.0
2021-10-15 00:00:00-04:00,62.23449602552924,62.593356981674525,61.79063732409422,62.045616149902344,720000,0.0,0.0
2021-10-18 00:00:00-04:00,61.601759951373886,62.310043219592046,61.110679517259165,61.96062088012695,718200,0.0,0.0
2021-10-19 00:00:00-04:00,62.29115899315951,62.29115899315951,61.384557167292435,61.86619186401367,624300,0.0,0.0
2021-10-20 00:00:00-04:00,62.42337963612766,63.13166308253992,62.08340300544723,62.95223617553711,1121500,0.0,0.0
2021-10-21 00:00:00-04:00,62.744463009885365,63.226090497747556,62.43281660830575,63.018333435058594,908300,0.0,0.0
2021-10-22 00:00:00-04:00,63.26387571080523,63.84939262304471,63.037227024306524,63.04667282104492,609900,0.0,0.0
2021-10-25 00:00:00-04:00,62.81058146604425,63.896617584030544,62.42338303583597,63.103336334228516,1146400,0.0,0.0
2021-10-26 00:00:00-04:00,63.169424458976955,63.169424458976955,61.87562440219003,61.89451599121094,959900,0.0,0.0
2021-10-27 00:00:00-04:00,62.083398146649955,62.67836080629339,60.4779586757738,60.67627716064453,1442800,0.0,0.0
2021-10-28 00:00:00-04:00,63.57872951233551,68.97576267263494,63.57872951233551,67.05028533935547,2735400,0.28,0.0
2021-10-29 00:00:00-04:00,67.12615239040596,69.37412714071044,66.6993251308927,69.30773162841797,2458300,0.0,0.0
2021-11-01 00:00:00-04:00,69.67764581566445,71.64106410278748,69.66815867552897,70.85379791259766,1836800,0.0,0.0
2021-11-02 00:00:00-04:00,71.10990239146435,74.65733307982738,70.62615954050689,74.32535552978516,2215100,0.0,0.0
2021-11-03 00:00:00-04:00,73.89852413793162,75.20746722031507,73.18714061209046,74.35380554199219,1532900,0.0,0.0
2021-11-04 00:00:00-04:00,74.13565341741476,74.49608513899899,73.31044590627346,73.8510971069336,1268500,0.0,0.0
2021-11-05 00:00:00-04:00,74.45813543311053,75.52047067120557,73.41477447308093,73.55705261230469,1337200,0.0,0.0
2021-11-08 00:00:00-05:00,74.12616104894103,74.628870890308,73.14919554793474,73.60447692871094,911900,0.0,0.0
2021-11-09 00:00:00-05:00,73.79418419932409,74.88496643706783,73.6898473743381,74.6573257446289,758400,0.0,0.0
2021-11-10 00:00:00-05:00,74.22102561468952,74.77116402694864,73.80367823482831,74.4012451171875,684400,0.0,0.0
2021-11-11 00:00:00-05:00,74.80909683216314,75.76708813723022,74.54350756105931,75.56790161132812,666400,0.0,0.0
2021-11-12 00:00:00-05:00,75.67223751423113,78.01506180469715,75.67223751423113,77.86329650878906,891600,0.0,0.0
2021-11-15 00:00:00-05:00,77.77792602342922,77.77792602342922,76.88632309233729,77.55028533935547,782900,0.0,0.0
2021-11-16 00:00:00-05:00,77.59771409603088,79.29555034367583,77.59771409603088,78.27115631103516,875400,0.0,0.0
2021-11-17 00:00:00-05:00,78.38498963332198,78.66954597741298,77.74000152507502,78.48932647705078,542200,0.0,0.0
2021-11-18 00:00:00-05:00,78.42291988856307,78.68850191271214,77.59771239647068,78.07196807861328,744900,0.0,0.0
2021-11-19 00:00:00-05:00,78.27117229503902,78.76440236847198,77.44597185292355,78.21426391601562,726600,0.0,0.0
2021-11-22 00:00:00-05:00,78.61262620950959,79.18173886759612,78.14785762620242,78.53675079345703,673100,0.0,0.0
2021-11-23 00:00:00-05:00,78.7169700450864,79.09637610534784,77.65464176023679,78.20477294921875,620500,0.0,0.0
2021-11-24 00:00:00-05:00,77.92970408533029,78.66005471661363,77.7115432680769,78.14785766601562,846800,0.0,0.0
2021-11-26 00:00:00-05:00,76.75353934967971,77.55029267414594,76.20340101094916,76.82942199707031,646200,0.0,0.0
2021-11-29 00:00:00-05:00,77.63565664504345,77.66411082919349,76.59229555232533,76.6966323852539,1026700,0.0,0.0
2021-11-30 00:00:00-05:00,76.29825036357055,76.82941436943563,74.7711466101416,74.97982025146484,1767600,0.0,0.0
2021-12-01 00:00:00-05:00,76.18444916848632,78.31860020534371,75.29284597516383,75.36872863769531,1259500,0.0,0.0
2021-12-02 00:00:00-05:00,75.79555490336786,77.76845325758698,75.79555490336786,76.90531158447266,816800,0.0,0.0
2021-12-03 00:00:00-05:00,77.36058772821877,78.18579525415572,76.45950478981834,77.39852905273438,1242500,0.0,0.0
2021-12-06 00:00:00-05:00,78.10042160095522,78.72644256963963,77.42697940639819,77.7779312133789,822800,0.0,0.0
2021-12-07 00:00:00-05:00,78.69799874413101,79.31453265415507,78.12889330278892,78.62211608886719,690800,0.0,0.0
2021-12-08 00:00:00-05:00,78.67901996275475,79.1248214912261,78.08146036900237,78.70748138427734,834400,0.0,0.0
2021-12-09 00:00:00-05:00,78.77387412496101,79.06791034124497,78.23322292012763,78.60314178466797,582000,0.0,0.0
2021-12-10 00:00:00-05:00,78.85923657099981,79.70341113115828,78.58416739886526,79.32400512695312,590400,0.0,0.0
2021-12-13 00:00:00-05:00,79.34297666000089,79.82671947952691,78.8687209803076,79.23863983154297,720500,0.0,0.0
2021-12-14 00:00:00-05:00,79.00152760807488,79.57063308888948,77.17090003313253,77.75897979736328,1106100,0.0,0.0
2021-12-15 00:00:00-05:00,78.03402871529671,79.42834161366167,77.61668862539655,79.36194610595703,1026300,0.0,0.0
2021-12-16 00:00:00-05:00,80.00694460745693,80.41480484716924,79.0679202366099,79.46629333496094,801800,0.0,0.0
2021-12-17 00:00:00-05:00,79.01101395578749,79.2576217451687,76.42157427473487,76.74407196044922,1859900,0.0,0.0
2021-12-20 00:00:00-05:00,76.18443163726893,76.18443163726893,73.92697722069984,75.18849182128906,758900,0.0,0.0
2021-12-21 00:00:00-05:00,75.88090411624216,76.89581091933422,75.81450861460313,76.73456573486328,819000,0.0,0.0
2021-12-22 00:00:00-05:00,76.77251528964626,77.47441170176558,76.53538743884954,77.39852905273438,585400,0.0,0.0
2021-12-23 00:00:00-05:00,77.5787484014168,78.79284183755395,77.56926126116232,78.50828552246094,508300,0.0,0.0
2021-12-27 00:00:00-05:00,79.04893687647008,80.38634142865868,78.77387493769615,80.33891296386719,700900,0.0,0.0
2021-12-28 00:00:00-05:00,80.44324938858144,81.26845691041514,80.37685388015122,81.13566589355469,523800,0.0,0.0
2021-12-29 00:00:00-05:00,80.75626087183497,81.79962197556483,80.58552852856516,81.39176177978516,779300,0.0,0.0
2021-12-30 00:00:00-05:00,81.47713688834212,82.27388305123247,80.8795700296061,80.89854431152344,608100,0.0,0.0
2021-12-31 00:00:00-05:00,80.74677338860981,81.80910876850729,80.74677338860981,81.42970275878906,966600,0.0,0.0
2022-01-03 00:00:00-05:00,81.42020733217929,81.64785525678263,78.66953032394196,79.26708984375,840000,0.0,0.0
2022-01-04 00:00:00-05:00,79.4567946612888,81.66682790074773,79.28606232440855,80.58552551269531,2043200,0.0,0.0
2022-01-05 00:00:00-05:00,80.63295268769203,81.49609426171878,79.02996617462715,79.23863983154297,1071800,0.0,0.0
2022-01-06 00:00:00-05:00,79.58011413737381,80.46223009789442,78.20476815776196,79.76981353759766,939100,0.0,0.0
2022-01-07 00:00:00-05:00,79.98797243990188,80.13025060493716,77.91073004546364,78.86872863769531,1299900,0.0,0.0
2022-01-10 00:00:00-05:00,78.68851160308095,78.97306794203615,77.41750969196923,78.62211608886719,1122200,0.0,0.0
2022-01-11 00:00:00-05:00,79.12482930904493,79.69393477407229,78.22374625913233,79.39041137695312,855400,0.0,0.0
2022-01-12 00:00:00-05:00,79.90259835439495,80.36737415098332,79.06791092709307,79.65599060058594,756900,0.0,0.0
2022-01-13 00:00:00-05:00,79.76980216615314,80.57603535702575,78.4134306618598,78.6695327758789,712800,0.0,0.0
2022-01-14 00:00:00-05:00,77.77793376829499,77.77793376829499,75.69121161060193,76.42156219482422,1346100,0.0,0.0
2022-01-18 00:00:00-05:00,75.40665087188482,76.7819894082546,74.71423441563834,76.50692749023438,867200,0.0,0.0
2022-01-19 00:00:00-05:00,76.90531539359355,76.98119805159035,75.41615260410707,75.45409393310547,791000,0.0,0.0
2022-01-20 00:00:00-05:00,75.9188369160045,76.67764153006298,74.04078156581993,74.18305969238281,1016600,0.0,0.0
2022-01-21 00:00:00-05:00,74.20205148584442,74.82806525931333,72.77928435747127,72.8646469116211,1516300,0.0,0.0
2022-01-24 00:00:00-05:00,71.7074579274674,74.8944567008275,71.3280519331974,74.72372436523438,1828500,0.0,0.0
2022-01-25 00:00:00-05:00,73.12074058060446,73.12074058060446,70.74946207320541,71.51776123046875,2225200,0.0,0.0
2022-01-26 00:00:00-05:00,72.66545816492457,73.13022671977349,70.28469254984792,70.87277221679688,1565100,0.0,0.0
2022-01-27 00:00:00-05:00,73.04487214296135,74.85652533258751,71.73592165048659,71.94459533691406,2221600,0.0,0.0
2022-01-28 00:00:00-05:00,71.78275906145635,71.92556440857986,70.16431056635936,71.87796020507812,1625000,0.28,0.0
2022-01-31 00:00:00-05:00,71.63993866833218,72.8490081914985,70.77359173754849,72.7538070678711,3020800,0.0,0.0
2022-02-01 00:00:00-05:00,73.23932781245792,73.6010949163252,71.31623934586848,71.94457244873047,1191400,0.0,0.0
2022-02-02 00:00:00-05:00,71.77323344026784,72.43964867810323,71.13537781785665,71.59234619140625,1240100,0.0,0.0
2022-02-03 00:00:00-05:00,70.94496252795659,71.81130953033075,70.42135267304738,70.53559112548828,956400,0.0,0.0
2022-02-04 00:00:00-05:00,70.19286941770324,70.97353032751914,69.38364163102483,70.05006408691406,1060300,0.0,0.0
2022-02-07 00:00:00-05:00,70.07861344435754,71.27816787869811,70.07861344435754,70.31661987304688,1188100,0.0,0.0
2022-02-08 00:00:00-05:00,70.48800062726771,71.88747990449279,70.34519528529714,70.63080596923828,921300,0.0,0.0
2022-02-09 00:00:00-05:00,71.47810463323421,71.90651337280069,70.42135532803047,71.06873321533203,727600,0.0,0.0
2022-02-10 00:00:00-05:00,69.73588699391624,70.8211957803962,68.3649675737815,68.76482391357422,831400,0.0,0.0
2022-02-11 00:00:00-05:00,69.02187489033615,69.43124630091062,67.17494239657492,67.88896179199219,758300,0.0,0.0
2022-02-14 00:00:00-05:00,67.7556558162035,68.84096434877286,67.3272472293287,67.81278228759766,945600,0.0,0.0
2022-02-15 00:00:00-05:00,68.6791395758365,69.7073291672521,68.51729693553413,68.9837875366211,952400,0.0,0.0
2022-02-16 00:00:00-05:00,68.71722660473063,69.36460447761073,68.44113823477197,68.85050964355469,651800,0.0,0.0
2022-02-17 00:00:00-05:00,68.41257226355103,68.91714475840595,67.47006878706013,67.64143371582031,997000,0.0,0.0
2022-02-18 00:00:00-05:00,67.4986297153407,68.40305130716109,67.4986297153407,67.78423309326172,593300,0.0,0.0
2022-02-22 00:00:00-05:00,67.40342800209937,68.35545378030201,65.9658670432669,66.19435119628906,984100,0.0,0.0
2022-02-23 00:00:00-05:00,67.02261273518968,67.02261273518968,64.43310159167905,64.63302612304688,1776000,0.0,0.0
2022-02-24 00:00:00-05:00,63.252602288549774,64.56639539845698,62.15777106526988,64.51879119873047,2522100,0.0,0.0
2022-02-25 00:00:00-05:00,64.66159413834485,66.08963291664777,63.98565665488717,66.06107330322266,1255400,0.0,0.0
2022-02-28 00:00:00-05:00,65.04240350489377,65.5850579298649,64.41407024284429,65.28993225097656,1316300,0.0,0.0
2022-03-01 00:00:00-05:00,65.23280757141798,65.23280757141798,63.109794008860256,63.43347930908203,856200,0.0,0.0
2022-03-02 00:00:00-05:00,64.08084960423474,66.35619051936334,63.70004512268779,66.07058715820312,1498100,0.0,0.0
2022-03-03 00:00:00-05:00,66.01346508314926,66.34667992182227,64.7758359087223,65.3851318359375,896100,0.0,0.0
2022-03-04 00:00:00-05:00,64.50925815048134,65.24231468319381,63.852358147325376,65.1090316772461,780100,0.0,0.0
2022-03-07 00:00:00-05:00,65.19473900430162,65.49938701193653,63.995184296509834,64.09038543701172,1177000,0.0,0.0
2022-03-08 00:00:00-05:00,64.4331095263893,64.89008512820489,62.94795153140502,63.03363037109375,1114600,0.0,0.0
2022-03-09 00:00:00-05:00,64.5663884976818,65.1566470996514,63.93805525605768,64.43310546875,843000,0.0,0.0
2022-03-10 00:00:00-05:00,63.48108549028885,63.861897292093744,62.86226722027852,63.41444396972656,759000,0.0,0.0
2022-03-11 00:00:00-05:00,63.95709161178565,64.4521418170155,62.51001563517666,62.567134857177734,1090500,0.0,0.0
2022-03-14 00:00:00-04:00,63.08124167375707,63.37636739487796,61.95785075878456,62.71946716308594,766600,0.0,0.0
2022-03-15 00:00:00-04:00,62.938431810164346,63.414444752450635,62.20536781155005,62.96699142456055,759300,0.0,0.0
2022-03-16 00:00:00-04:00,63.33828487861676,64.69968226878052,62.319617409290146,64.08086395263672,893200,0.0,0.0
2022-03-17 00:00:00-04:00,63.70005768653937,64.74728474410264,63.51917043776142,64.73776245117188,805300,0.0,0.0
2022-03-18 00:00:00-04:00,64.89960834036978,65.05193598130924,63.957104668047336,64.78536987304688,1395600,0.0,0.0
2022-03-21 00:00:00-04:00,64.69968011365555,65.28993879396518,64.06182449577045,64.6615982055664,725700,0.0,0.0
2022-03-22 00:00:00-04:00,65.07097320355645,65.24233816765604,64.48072175428803,64.54736328125,778400,0.0,0.0
2022-03-23 00:00:00-04:00,63.995174944148395,64.29982290726154,62.02448184389582,62.23392868041992,1086200,0.0,0.0
2022-03-24 00:00:00-04:00,62.45290375909949,63.10980401929825,61.7864884685949,63.05268478393555,991700,0.0,0.0
2022-03-25 00:00:00-04:00,63.300192244674804,63.83333162197338,62.93842506214173,63.75716781616211,940400,0.0,0.0
2022-03-28 00:00:00-04:00,63.595338262203725,63.7857405525302,62.93843801282833,63.46205520629883,610500,0.0,0.0
2022-03-29 00:00:00-04:00,64.13798287630355,64.47119046461778,63.547724246017886,64.24270629882812,965900,0.0,0.0
2022-03-30 00:00:00-04:00,63.89998146210498,63.98566030727102,62.71946410835492,63.07171630859375,1172100,0.0,0.0
2022-03-31 00:00:00-04:00,63.06218747950788,63.5191630631725,60.78684637977098,60.824928283691406,1659700,0.0,0.0
2022-04-01 00:00:00-04:00,61.5199196920504,62.748034042913865,60.634531633615325,62.71946716308594,1292800,0.0,0.0
2022-04-04 00:00:00-04:00,62.662335993756116,64.09037465110094,62.20536042751847,63.84284591674805,1628200,0.0,0.0
2022-04-05 00:00:00-04:00,63.452514625895056,64.17605619469983,61.93878997953898,62.252960205078125,1437200,0.0,0.0
2022-04-06 00:00:00-04:00,61.53894020620522,61.710305121457445,60.85348054519631,61.500858306884766,1250200,0.0,0.0
2022-04-07 00:00:00-04:00,61.205737691835985,61.27237920527365,60.044265089025046,60.29179382324219,1503600,0.0,0.0
2022-04-08 00:00:00-04:00,60.415558145985074,60.92013430414658,59.57777803254052,59.85386276245117,1313200,0.0,0.0
2022-04-11 00:00:00-04:00,59.57777927748647,60.92965423767346,59.57777927748647,60.32035827636719,1177400,0.0,0.0
2022-04-12 00:00:00-04:00,60.76781536025563,62.65282258779186,60.76781536025563,61.396148681640625,1522600,0.0,0.0
2022-04-13 00:00:00-04:00,61.31045834612316,61.919754231074606,61.110533814815334,61.59606170654297,930000,0.0,0.0
2022-04-14 00:00:00-04:00,61.9864025065148,62.31008780299257,60.70116545421923,60.72972869873047,727300,0.0,0.0
2022-04-18 00:00:00-04:00,60.62500806537487,61.396146700540505,59.92050731929378,60.30131912231445,553800,0.0,0.0
2022-04-19 00:00:00-04:00,60.67260332985234,62.367211710320646,60.67260332985234,62.23392868041992,761800,0.0,0.0
2022-04-20 00:00:00-04:00,62.833713038577116,63.300203722843946,62.690907692631306,63.11932373046875,719500,0.0,0.0
2022-04-21 00:00:00-04:00,63.74765708389609,63.97614127938042,62.576669226579945,63.11932373046875,792800,0.0,0.0
2022-04-22 00:00:00-04:00,62.62425146180417,63.09074203653656,61.4437415883798,61.6341438293457,991300,0.0,0.0
2022-04-25 00:00:00-04:00,61.48182964139275,61.62463496809686,59.83482176504919,61.52942657470703,1200100,0.0,0.0
2022-04-26 00:00:00-04:00,61.01533936508054,61.44375539861542,59.3112156825974,59.37785720825195,1422900,0.0,0.0
2022-04-27 00:00:00-04:00,59.596805968981776,60.35842941646339,59.06367391377235,59.872894287109375,1411800,0.0,0.0
2022-04-28 00:00:00-04:00,59.53819829868577,60.217162232881705,55.81825674252686,57.252681732177734,2283800,0.28,0.0
2022-04-29 00:00:00-04:00,57.128377370592034,57.82646388143103,55.65569991860906,55.87564468383789,3856600,0.0,0.0
2022-05-02 00:00:00-04:00,55.78001183436076,57.63520029586461,55.65569397236325,56.72673034667969,1290000,0.0,0.0
2022-05-03 00:00:00-04:00,56.61198032515099,57.51088544466294,55.971268524019884,56.51634979248047,987400,0.0,0.0
2022-05-04 00:00:00-04:00,56.10514579621173,59.03137433793979,56.10514579621173,58.945308685302734,980500,0.0,0.0
2022-05-05 00:00:00-04:00,58.29504078969032,58.601051215258344,55.8565186149748,56.35378646850586,847000,0.0,0.0
2022-05-06 00:00:00-04:00,56.15296488263231,56.97536922643684,55.148864350168,56.80323791503906,1172300,0.0,0.0
2022-05-09 00:00:00-04:00,56.1338402966543,57.89340202354951,56.1338402966543,57.17618942260742,1120300,0.0,0.0
2022-05-10 00:00:00-04:00,57.62563298624388,58.094213432185924,55.81825804091157,56.38246536254883,1619500,0.0,0.0
2022-05-11 00:00:00-04:00,56.439841739161324,56.898857293017095,54.69940639615061,54.86197280883789,848800,0.0,0.0
2022-05-12 00:00:00-04:00,54.55596811533097,56.48766105206144,54.55596811533097,56.47809982299805,1052300,0.0,0.0
2022-05-13 00:00:00-04:00,56.774545359825986,58.10377872377242,56.66935360044633,57.386566162109375,906200,0.0,0.0
2022-05-16 00:00:00-04:00,56.92754737416757,57.109243547629,55.961702783609525,56.40159225463867,846900,0.0,0.0
2022-05-17 00:00:00-04:00,57.34831538209514,57.874270510739876,56.67891628748748,57.711700439453125,756200,0.0,0.0
2022-05-18 00:00:00-04:00,56.75542134722282,57.33875483589447,54.98629842237144,55.2444953918457,833700,0.0,0.0
2022-05-19 00:00:00-04:00,54.72810079785113,56.70760722552904,54.43165161838849,55.89476776123047,924300,0.0,0.0
2022-05-20 00:00:00-04:00,56.32509671269758,56.64066835454488,54.13520673480731,55.2444953918457,1378900,0.0,0.0
2022-05-23 00:00:00-04:00,55.94257805441286,56.08602202141734,54.87154168402274,55.818260192871094,796300,0.0,0.0
2022-05-24 00:00:00-04:00,55.770442154221364,55.99995175291631,54.54640068899848,55.799129486083984,572800,0.0,0.0
2022-05-25 00:00:00-04:00,55.43575367729038,56.47810280088314,55.215808917918025,55.9808349609375,868800,0.0,0.0
2022-05-26 00:00:00-04:00,56.14339550748794,57.38656315292955,55.99039031494023,57.02317810058594,759900,0.0,0.0
2022-05-27 00:00:00-04:00,57.21443358980827,58.54366683959961,57.14749040037164,58.54366683959961,638000,0.0,0.0
2022-05-31 00:00:00-04:00,57.979459164349734,58.33328297408322,56.87017065043196,57.49175262451172,2994700,0.0,0.0
2022-06-01 00:00:00-04:00,57.57782289393619,58.39066597630131,57.23356028473982,57.797767639160156,887500,0.0,0.0
2022-06-02 00:00:00-04:00,58.38109822507063,59.002683866397646,58.23765791025544,58.486289978027344,917000,0.0,0.0
2022-06-03 00:00:00-04:00,57.95077297014165,58.34284902085836,57.56826179633094,58.18028259277344,549300,0.0,0.0
2022-06-06 00:00:00-04:00,58.88793327315158,59.42344964020317,58.37153936383899,59.165252685546875,689700,0.0,0.0
2022-06-07 00:00:00-04:00,58.5149789302544,59.471262313871165,58.132467765566666,59.09831237792969,539800,0.0,0.0
2022-06-08 00:00:00-04:00,58.68711550393624,59.079191580528274,58.17072520281567,58.41935729980469,526300,0.0,0.0
2022-06-09 00:00:00-04:00,58.17071835953118,59.55732630888875,57.9794609585376,58.15159225463867,756600,0.0,0.0
2022-06-10 00:00:00-04:00,57.23356472224241,57.23356472224241,55.06280443648583,55.521820068359375,1013800,0.0,0.0
2022-06-13 00:00:00-04:00,54.27863990021734,54.68984202163752,53.255417034710796,53.63793182373047,907700,0.0,0.0
2022-06-14 00:00:00-04:00,53.6092443467706,54.039568923343126,52.79640133427849,53.207603454589844,799600,0.0,0.0
2022-06-15 00:00:00-04:00,53.39886101361792,54.402957775276015,52.76771416503871,53.590118408203125,761800,0.0,0.0
2022-06-16 00:00:00-04:00,52.51908171939497,52.6625256862253,50.82646333921405,51.24722671508789,1055900,0.0,0.0
2022-06-17 00:00:00-04:00,51.275910898793356,51.91662262388895,50.683016258324315,50.7882080078125,1910100,0.0,0.0
2022-06-21 00:00:00-04:00,51.142038651752266,51.24723041529881,49.87974478505755,50.57783126831055,1583300,0.0,0.0
2022-06-22 00:00:00-04:00,49.764988903350456,51.01771781995166,49.64067104019977,50.74039840698242,1162600,0.0,0.0
2022-06-23 00:00:00-04:00,50.711704601325536,51.811431906886256,50.711704601325536,51.76361846923828,1085300,0.0,0.0
2022-06-24 00:00:00-04:00,52.29913661572893,53.609247469753086,52.031378437297874,53.379737854003906,1369100,0.0,0.0
2022-06-27 00:00:00-04:00,53.59012055113203,53.7335608668582,52.834655818673674,53.408424377441406,739700,0.0,0.0
2022-06-28 00:00:00-04:00,53.49449306099942,54.269083942419776,52.58602673273161,52.76771926879883,1107400,0.0,0.0
2022-06-29 00:00:00-04:00,52.853785586480804,52.853785586480804,51.65843129959983,52.40433120727539,838400,0.0,0.0
2022-06-30 00:00:00-04:00,51.43848207486445,52.90159442741897,51.07509338183634,52.289573669433594,1144000,0.0,0.0
2022-07-01 00:00:00-04:00,52.59558427846324,53.86744288565865,52.36607466924919,53.5805549621582,993400,0.0,0.0
2022-07-05 00:00:00-04:00,52.758153209056466,54.94804306151394,52.758153209056466,54.881103515625,1231200,0.0,0.0
2022-07-06 00:00:00-04:00,55.464437819841244,55.99039296613271,54.85241702067069,55.426185607910156,1084200,0.0,0.0
2022-07-07 00:00:00-04:00,55.72262764168171,57.07098693213894,55.70350153816578,57.00404739379883,1661300,0.0,0.0
2022-07-08 00:00:00-04:00,56.90842648924074,56.90842648924074,54.32646409327447,54.479469299316406,1516500,0.0,0.0
2022-07-11 00:00:00-04:00,54.144764708452406,55.04367343285103,53.94394607135845,54.21170425415039,1026900,0.0,0.0
2022-07-12 00:00:00-04:00,54.34558692924338,55.22536589905227,53.34148644909712,53.68574905395508,1513800,0.0,0.0
2022-07-13 00:00:00-04:00,52.71033954118406,53.389303521874986,52.136570965204996,53.06416702270508,956900,0.0,0.0
2022-07-14 00:00:00-04:00,51.63930061300838,51.94531099147317,50.5969516213841,51.76361846923828,1471000,0.0,0.0
2022-07-15 00:00:00-04:00,52.949412820899646,54.44121629406155,52.88247327222557,54.173458099365234,1185200,0.0,0.0
2022-07-18 00:00:00-04:00,54.24996094686362,54.680289238993225,52.70078274312896,53.03548049926758,884600,0.0,0.0
2022-07-19 00:00:00-04:00,53.81007531951183,55.08193053281884,53.475373891217835,54.99586486816406,811600,0.0,0.0
2022-07-20 00:00:00-04:00,54.995858175129946,55.39749911061632,54.766352195936385,55.34968566894531,551500,0.0,0.0
2022-07-21 00:00:00-04:00,55.40706122817154,56.39203565245987,54.98629782761568,56.37290954589844,777200,0.0,0.0
2022-07-22 00:00:00-04:00,56.46853640384062,56.93711689454247,56.0190856676229,56.42072296142578,688600,0.0,0.0
2022-07-25 00:00:00-04:00,56.305966830026634,56.85104806860829,56.03820500115851,56.344215393066406,656300,0.0,0.0
2022-07-26 00:00:00-04:00,56.200775974610345,56.62153935824481,55.80869992569841,56.4589729309082,812600,0.0,0.0
2022-07-27 00:00:00-04:00,56.69804776313544,58.02728120162535,56.41116345196808,57.893402099609375,1157900,0.0,0.0
2022-07-28 00:00:00-04:00,59.45938231645769,59.45938231645769,56.67327673677591,58.594730377197266,1218200,0.28,0.0
2022-07-29 00:00:00-04:00,58.79647883952633,61.140650830299315,58.537082172799856,60.78518295288086,1945700,0.0,0.0
2022-08-01 00:00:00-04:00,59.54584978804267,60.33364551270979,58.31612059146612,59.4978141784668,1015300,0.0,0.0
2022-08-02 00:00:00-04:00,59.23840966152301,59.61309249754166,57.90300010140253,58.09514617919922,992500,0.0,0.0
2022-08-03 00:00:00-04:00,58.325723019116,59.16155797197786,57.93182517858457,59.06548309326172,720500,0.0,0.0
2022-08-04 00:00:00-04:00,58.950200415768506,59.62270994732008,58.78687494466156,58.88294982910156,569100,0.0,0.0
2022-08-05 00:00:00-04:00,58.13358143196558,58.248871295360004,57.2593201247432,58.22004699707031,547800,0.0,0.0
2022-08-08 00:00:00-04:00,58.59472867188908,59.43055995497985,58.54668940037107,59.08469772338867,516400,0.0,0.0
2022-08-09 00:00:00-04:00,58.76765499755553,58.96941040537521,57.65321208647922,57.93182373046875,417000,0.0,0.0
2022-08-10 00:00:00-04:00,58.92137234461266,59.42094702110566,58.91176302494069,59.27684020996094,435500,0.0,0.0
2022-08-11 00:00:00-04:00,59.68995130554055,60.593033090361715,59.41133968106284,59.96855926513672,534500,0.0,0.0
2022-08-12 00:00:00-04:00,60.11267396850844,61.40004799253182,60.11267396850844,61.36161804199219,714200,0.0,0.0
2022-08-15 00:00:00-04:00,61.054189665416565,61.60180733336428,60.54500561534407,61.563377380371094,750200,0.0,0.0
2022-08-16 00:00:00-04:00,61.188690103723175,62.53370545844939,61.188690103723175,61.803558349609375,737200,0.0,0.0
2022-08-17 00:00:00-04:00,61.1694734042126,62.22627141493162,60.727539957176056,61.68826675415039,609800,0.0,0.0
2022-08-18 00:00:00-04:00,62.005310246697285,62.2070620006412,61.37123068795784,61.59219741821289,453300,0.0,0.0
2022-08-19 00:00:00-04:00,61.27515607431886,61.56337705536408,59.872495781411104,60.17032241821289,541900,0.0,0.0
2022-08-22 00:00:00-04:00,59.32488330287924,59.62270994732008,58.71962435799462,58.88294982910156,540300,0.0,0.0
2022-08-23 00:00:00-04:00,58.80608827709326,59.075094281120656,58.25847427818614,58.36415481567383,476000,0.0,0.0
2022-08-24 00:00:00-04:00,58.29690038854546,58.65236826539902,58.19121985802316,58.56590270996094,381200,0.0,0.0
2022-08-25 00:00:00-04:00,58.854124737192855,59.10391576848424,58.21043951209977,58.71962356567383,601400,0.0,0.0
2022-08-26 00:00:00-04:00,58.86373351830985,59.35370259076335,56.116054188586496,56.13526916503906,589900,0.0,0.0
2022-08-29 00:00:00-04:00,55.6356849925278,55.93351159928164,55.03042612423268,55.43393325805664,515700,0.0,0.0
2022-08-30 00:00:00-04:00,55.72215906823095,56.00077074314383,54.92475399828349,55.18415069580078,531400,0.0,0.0
2022-08-31 00:00:00-04:00,55.17454023293523,55.32825637382662,54.117742222417164,54.233028411865234,1413500,0.0,0.0
2022-09-01 00:00:00-04:00,53.848732878091134,54.24263069368209,53.493265011553355,54.204200744628906,836400,0.0,0.0
2022-09-02 00:00:00-04:00,54.982397456388625,55.34747468735286,53.800703864857084,54.06010055541992,678100,0.0,0.0
2022-09-06 00:00:00-04:00,54.117740894047174,54.34831326728371,53.33955088838985,53.69501876831055,599900,0.0,0.0
2022-09-07 00:00:00-04:00,53.62777084737394,55.05925542300766,53.51248465503735,54.96318054199219,769400,0.0,0.0
2022-09-08 00:00:00-04:00,54.453995402594195,54.74221271006984,53.86795146729396,54.61731719970703,921500,0.0,0.0
2022-09-09 00:00:00-04:00,54.95357259478308,55.60686709891819,53.87755962645308,54.07931137084961,1488500,0.0,0.0
2022-09-12 00:00:00-04:00,54.4732112955794,54.83828851246574,53.72384188566724,53.96402359008789,1776900,0.0,0.0
2022-09-13 00:00:00-04:00,52.7150775905329,52.96486860660542,51.75435080692255,52.05217742919922,1620900,0.0,0.0
2022-09-14 00:00:00-04:00,51.97531396177914,52.10981878075809,49.68878701236077,50.217185974121094,1737400,0.0,0.0
2022-09-15 00:00:00-04:00,50.217189336507865,51.60063458327399,50.17875938565501,50.84165954589844,2240000,0.0,0.0
2022-09-16 00:00:00-04:00,50.39972512014162,50.39972512014162,48.80491883975397,49.68878936767578,2786000,0.0,0.0
2022-09-19 00:00:00-04:00,49.53507267392602,50.68794184491984,49.2852816659641,50.524620056152344,893400,0.0,0.0
2022-09-20 00:00:00-04:00,49.94819137042138,50.34208923884297,48.862568985793196,49.208431243896484,1364800,0.0,0.0
2022-09-21 00:00:00-04:00,49.78486112370274,50.457370598319876,49.03549541292233,49.054710388183594,1473800,0.0,0.0
2022-09-22 00:00:00-04:00,48.91060206135329,49.141178109766756,48.27652250931871,48.535919189453125,1036000,0.0,0.0
2022-09-23 00:00:00-04:00,48.03633814798177,48.372591049064944,47.36382868093368,47.873016357421875,824600,0.0,0.0
2022-09-26 00:00:00-04:00,47.74812076507818,48.21887482573695,47.33500796456764,47.46950912475586,901000,0.0,0.0
2022-09-27 00:00:00-04:00,48.132406949611024,48.43983920518258,46.969928504175975,47.39265060424805,913900,0.0,0.0
2022-09-28 00:00:00-04:00,47.78655095238608,48.69923844816153,47.32539887961979,48.468666076660156,1295000,0.0,0.0
2022-09-29 00:00:00-04:00,47.89222848177739,47.89222848177739,46.662499377045194,46.81621551513672,737900,0.0,0.0
2022-09-30 00:00:00-04:00,46.825827658590185,47.43108292732293,46.21095940426927,46.67211151123047,1036200,0.0,0.0
2022-10-03 00:00:00-04:00,47.1140420257107,48.920205727834734,47.06600641983496,48.641597747802734,1208600,0.0,0.0
2022-10-04 00:00:00-04:00,49.371755075559136,50.31326700294006,49.371755075559136,50.30366134643555,984300,0.0,0.0
2022-10-05 00:00:00-04:00,49.525464041590595,50.05386302977839,49.18921113952975,49.4774284362793,980300,0.0,0.0
2022-10-06 00:00:00-04:00,49.19881838220102,49.640751829136214,48.75688493526583,48.78570556640625,767400,0.0,0.0
2022-10-07 00:00:00-04:00,48.26692018795063,48.30534647793904,47.277369006884385,47.55598068237305,1307400,0.0,0.0
2022-10-10 00:00:00-04:00,47.94027150311498,48.170843895849515,47.34461821463953,47.63283920288086,876400,0.0,0.0
2022-10-11 00:00:00-04:00,47.632836464393165,47.94987440239667,47.027577554718626,47.37343978881836,1175300,0.0,0.0
2022-10-12 00:00:00-04:00,47.306184827492054,47.642437710142815,46.825821472344366,47.200504302978516,896200,0.0,0.0
2022-10-13 00:00:00-04:00,45.663344101994355,47.45029655479767,44.75065656449071,46.94111251831055,3153000,0.0,0.0
2022-10-14 00:00:00-04:00,47.21972090290834,47.65204500552243,46.31663541861015,47.11404037475586,2017600,0.0,0.0
2022-10-17 00:00:00-04:00,48.11319257264847,49.832890497326176,48.04593833520394,49.58310317993164,2260800,0.0,0.0
2022-10-18 00:00:00-04:00,50.55344040205111,50.8896969624373,49.189210180425235,49.72721481323242,1733200,0.0,0.0
2022-10-19 00:00:00-04:00,49.18921297658413,49.784862567429634,48.26691612658814,48.776100158691406,1272300,0.0,0.0
2022-10-20 00:00:00-04:00,48.84334103291469,49.16037890869664,46.76817170046882,46.845027923583984,955000,0.0,0.0
2022-10-21 00:00:00-04:00,47.142864075642954,48.31495195168572,46.75857188730312,48.16123580932617,990200,0.0,0.0
2022-10-24 00:00:00-04:00,48.430241120244666,49.29489676473663,48.22848935815726,48.80492401123047,840900,0.0,0.0
2022-10-25 00:00:00-04:00,48.862560652488796,50.14032526047284,48.862560652488796,50.05385971069336,1033100,0.0,0.0
2022-10-26 00:00:00-04:00,50.073073668982346,50.82244297350036,49.631140274575216,49.909751892089844,1416900,0.0,0.0
2022-10-27 00:00:00-04:00,50.985761803919786,51.68709180187457,49.73681792174164,49.86171340942383,1332100,0.0,0.0
2022-10-28 00:00:00-04:00,50.209591090729354,52.6543639533388,50.17093771029689,52.54806900024414,1063200,0.3,0.0
2022-10-31 00:00:00-04:00,52.238854529284936,53.32112348580385,52.06491798621355,52.93459701538086,2528000,0.0,0.0
2022-11-01 00:00:00-04:00,53.427412350519894,53.84292696862554,52.27749825968323,52.76065444946289,1110000,0.0,0.0
2022-11-02 00:00:00-04:00,52.49975378847869,53.949222369900774,51.89097595214844,51.89097595214844,1144700,0.0,0.0
2022-11-03 00:00:00-04:00,51.45613747055046,52.934594325334956,51.29186612499193,52.53840637207031,1099000,0.0,0.0
2022-11-04 00:00:00-04:00,53.31145521807718,54.32608622279851,53.12785718263273,54.09416961669922,1008500,0.0,0.0
2022-11-07 00:00:00-05:00,54.21012166363068,55.10879244905056,53.49505258489838,54.992835998535156,992000,0.0,0.0
2022-11-08 00:00:00-05:00,55.23441353829827,55.437338246230226,53.659323382516526,54.084503173828125,1092400,0.0,0.0
2022-11-09 00:00:00-05:00,53.466065577580714,54.0168633374602,53.11819253214332,53.19549560546875,983400,0.0,0.0
2022-11-10 00:00:00-05:00,55.60161564195277,57.40861877381162,55.09913275828613,57.282997131347656,1431200,0.0,0.0
2022-11-11 00:00:00-05:00,57.0220898487952,58.6938134492649,56.56792555331534,57.97874069213867,1229800,0.0,0.0
2022-11-14 00:00:00-05:00,57.640535855180964,58.13335355486976,57.24434792054824,57.5052490234375,1361300,0.0,0.0
2022-11-15 00:00:00-05:00,58.22998443317561,59.167308654134324,57.91110325344274,58.35560607910156,992300,0.0,0.0
2022-11-16 00:00:00-05:00,58.05605047654887,58.403919842443244,57.50524901995696,57.78548049926758,578700,0.0,0.0
2022-11-17 00:00:00-05:00,56.819165470205306,58.1043626656968,56.39398936302801,58.07537078857422,762700,0.0,0.0
2022-11-18 00:00:00-05:00,59.196299071594595,59.34124741358634,58.45224172885939,59.21562576293945,1082300,0.0,0.0
2022-11-21 00:00:00-05:00,58.896739811081545,59.505517637579096,58.587520146934345,59.331581115722656,1190600,0.0,0.0
2022-11-22 00:00:00-05:00,59.52484255740899,60.114293713099435,59.24461476200949,59.81473922729492,884300,0.0,0.0
2022-11-23 00:00:00-05:00,59.79541831154031,60.288236062798795,59.36057695090656,59.45720672607422,863400,0.0,0.0
2022-11-25 00:00:00-05:00,59.611813681369554,60.10463509487026,59.4088889516643,59.77608871459961,455700,0.0,0.0
2022-11-28 00:00:00-05:00,59.321916382453274,59.57315966536694,57.69851129014212,57.746826171875,764300,0.0,0.0
2022-11-29 00:00:00-05:00,57.55356538742226,58.7034757667721,57.147712280117595,58.45223617553711,1482900,0.0,0.0
2022-11-30 00:00:00-05:00,58.17200755495707,58.693817138671875,56.857822093537244,58.693817138671875,2099500,0.0,0.0
2022-12-01 00:00:00-05:00,58.88706867954242,59.92102251833669,58.027051345048946,58.44256591796875,1090800,0.0,0.0
2022-12-02 00:00:00-05:00,57.5052452533641,58.606844408203926,57.12838403368766,58.34593963623047,930000,0.0,0.0
2022-12-05 00:00:00-05:00,57.717837494751656,58.00773046890053,57.19602792957017,57.804805755615234,1092400,0.0,0.0
2022-12-06 00:00:00-05:00,57.80480590505142,58.22998202248966,56.72253707854279,57.369964599609375,926400,0.0,0.0
2022-12-07 00:00:00-05:00,57.254004000057925,57.66951858558637,57.05107930094559,57.27333068847656,668000,0.0,0.0
2022-12-08 00:00:00-05:00,57.0897388752105,57.1960301437682,55.99780482124949,56.451969146728516,1155400,0.0,0.0
2022-12-09 00:00:00-05:00,56.4906198097531,57.0993976300745,56.11375857828385,56.33600997924805,1074900,0.0,0.0
2022-12-12 00:00:00-05:00,56.336008095700166,56.55825948923357,55.630600537218754,56.53893280029297,904500,0.0,0.0
2022-12-13 00:00:00-05:00,58.51987868357713,58.77111827883856,56.935123294167326,57.369964599609375,1135700,0.0,0.0
2022-12-14 00:00:00-05:00,57.36996392422381,58.09469819603226,56.558261392350786,56.8964729309082,1209800,0.0,0.0
2022-12-15 00:00:00-05:00,56.08477226510685,56.11376045736317,54.567662100538485,54.88654327392578,1721800,0.0,0.0
2022-12-16 00:00:00-05:00,54.33574836368423,54.64496805132382,53.611014029618424,54.16181182861328,2095100,0.0,0.0
2022-12-19 00:00:00-05:00,54.045852812687144,54.9251969490084,53.87191628583773,54.17147445678711,754400,0.0,0.0
2022-12-20 00:00:00-05:00,53.949225579365155,54.80924306571482,53.89124550563089,54.44204330444336,1208700,0.0,0.0
2022-12-21 00:00:00-05:00,54.93485688023426,55.75622460824509,54.76092035835851,55.31172180175781,902700,0.0,0.0
2022-12-22 00:00:00-05:00,54.51934096975015,55.00249714432584,53.54336711903044,54.33574295043945,778300,0.0,0.0
2022-12-23 00:00:00-05:00,54.16180943109554,55.021826879660594,53.95888471122522,54.983177185058594,879500,0.0,0.0
2022-12-27 00:00:00-05:00,55.012168546532095,56.08477596504746,55.00250335768287,55.727237701416016,829600,0.0,0.0
2022-12-28 00:00:00-05:00,55.968816329643836,56.29736271593232,54.81890582072891,54.85755920410156,710200,0.0,0.0
2022-12-29 00:00:00-05:00,55.253745544965234,56.07510964346183,55.06048231996915,55.71757507324219,664300,0.0,0.0
2022-12-30 00:00:00-05:00,55.28272992398575,55.50498132722938,54.7802470481435,55.31172180175781,592100,0.0,0.0
2023-01-03 00:00:00-05:00,55.91083842993092,57.099402290100684,55.514650476541,56.93512725830078,1366200,0.0,0.0
2023-01-04 00:00:00-05:00,57.65019986129365,58.75179545001432,57.41828325442063,58.616512298583984,1054400,0.0,0.0
2023-01-05 00:00:00-05:00,57.99807424125115,58.43291558511199,56.944793513316895,57.379634857177734,990300,0.0,0.0
2023-01-06 00:00:00-05:00,58.0270580025821,59.60214822282343,57.833794788275746,59.37023162841797,831700,0.0,0.0
2023-01-09 00:00:00-05:00,59.47652878478969,60.97431230034049,59.234950679501196,59.41855239868164,1195900,0.0,0.0
2023-01-10 00:00:00-05:00,58.04638862769823,58.558533047068394,57.505252328193706,57.84346389770508,1571600,0.0,0.0
2023-01-11 00:00:00-05:00,58.16234252336062,60.636103615416104,58.007732685493984,60.471832275390625,1398300,0.0,0.0
2023-01-12 00:00:00-05:00,60.62643984165997,60.69408141280535,58.93539319064723,59.331581115722656,1160800,0.0,0.0
2023-01-13 00:00:00-05:00,58.9450570629705,60.12395938381049,58.30729101924495,60.036991119384766,803500,0.0,0.0
2023-01-17 00:00:00-05:00,59.52483865519995,59.708440358916754,57.98840188752212,58.007728576660156,1436200,0.0,0.0
2023-01-18 00:00:00-05:00,58.133355621600224,58.964384900908165,57.70817947957286,58.11402893066406,1311200,0.0,0.0
2023-01-19 00:00:00-05:00,57.862790018714726,57.862790018714726,55.77555529289884,55.843196868896484,1045300,0.0,0.0
2023-01-20 00:00:00-05:00,56.16207488543551,57.17670215427899,55.51464735568777,57.157379150390625,1209300,0.0,0.0
2023-01-23 00:00:00-05:00,57.30232696940106,58.181671142578125,57.002772472085766,58.181671142578125,1072300,0.0,0.0
2023-01-24 00:00:00-05:00,58.30728993919917,58.93539446910474,57.52457557386612,58.62617111206055,699100,0.0,0.0
2023-01-25 00:00:00-05:00,57.92076112581216,58.5102122510751,57.563226587248565,58.481224060058594,689600,0.0,0.0
2023-01-26 00:00:00-05:00,58.616507940164595,58.83875934187318,56.84815822822709,56.86748123168945,1597200,0.0,0.0
2023-01-27 00:00:00-05:00,56.915799225245216,58.597180659898484,56.83849246741839,58.32661437988281,1716700,0.0,0.0
2023-01-30 00:00:00-05:00,57.88960922888795,59.356027814273,57.44288607886094,57.8410530090332,1707400,0.3,0.0
2023-01-31 00:00:00-05:00,62.13348877636368,66.15400838361236,61.793591520672216,65.74612426757812,6350200,0.0,0.0
2023-02-01 00:00:00-05:00,66.503613265811,68.19339333799246,65.23141592165946,67.9408950805664,2124300,0.0,0.0
2023-02-02 00:00:00-05:00,68.96059772328648,69.7957780408206,68.19339685442588,68.36820220947266,1627700,0.0,0.0
2023-02-03 00:00:00-05:00,67.46503607738266,68.14483049997357,66.71725480332917,67.05715942382812,952100,0.0,0.0
2023-02-06 00:00:00-05:00,66.37736323205574,66.57159551873082,65.38680450222738,65.54218292236328,1318500,0.0,0.0
2023-02-07 00:00:00-05:00,64.96921245951287,65.21199725389879,63.862114389849395,64.70700073242188,1197800,0.0,0.0
2023-02-08 00:00:00-05:00,64.19230738315605,64.84296894745137,63.95923602161243,64.29913330078125,853400,0.0,0.0
2023-02-09 00:00:00-05:00,64.9400838703443,65.31882758251571,63.551354455981,63.91067123413086,774800,0.0,0.0
2023-02-10 00:00:00-05:00,63.55136474698689,64.41567822079502,63.35713242134114,64.2020263671875,764700,0.0,0.0
2023-02-13 00:00:00-05:00,64.44478889637965,66.12485532837879,64.27969703366585,66.06658935546875,1055900,0.0,0.0
2023-02-14 00:00:00-05:00,65.8626544456203,66.16370520015464,64.90122879689191,65.532470703125,875900,0.0,0.0
2023-02-15 00:00:00-05:00,64.95949141495977,66.11514927236249,64.9206449632854,66.06658935546875,594900,0.0,0.0
2023-02-16 00:00:00-05:00,64.774982559396,66.22198532174995,64.44479878331258,65.76554870605469,742000,0.0,0.0
2023-02-17 00:00:00-05:00,65.53247908148352,65.53247908148352,63.580487137299265,65.29940032958984,1178700,0.0,0.0
2023-02-21 00:00:00-05:00,64.66815405628212,65.22171049843517,63.40567757529132,63.77470779418945,1433400,0.0,0.0
2023-02-22 00:00:00-05:00,64.017488303695,64.37681244143154,63.26971444962033,63.58047866821289,626300,0.0,0.0
2023-02-23 00:00:00-05:00,64.02721061064685,64.24086242965727,63.05607136729361,63.91067123413086,809900,0.0,0.0
2023-02-24 00:00:00-05:00,63.230866266257195,63.512497489339786,62.53164494125258,63.02692794799805,810400,0.0,0.0
2023-02-27 00:00:00-05:00,63.677587773674205,64.33796262986586,63.337690585017405,63.4348030090332,668400,0.0,0.0
2023-02-28 00:00:00-05:00,63.24058329181234,64.16316250861729,63.24058329181234,63.73585891723633,1017300,0.0,0.0
2023-03-01 00:00:00-05:00,63.85239788899888,65.03718881476922,63.49307374307069,64.84295654296875,1855900,0.0,0.0
2023-03-02 00:00:00-05:00,64.43508057024533,65.83352330524482,64.07576382970505,65.68785095214844,915500,0.0,0.0
2023-03-03 00:00:00-05:00,65.89178615715112,66.22197730245352,64.61959631281128,66.16370391845703,826100,0.0,0.0
2023-03-06 00:00:00-05:00,66.17342595301716,66.27053839331566,64.68758412975778,64.9692153930664,1004100,0.0,0.0
2023-03-07 00:00:00-05:00,64.85267405099951,65.39650962752988,64.4350839021054,64.47393035888672,854400,0.0,0.0
2023-03-08 00:00:00-05:00,64.60988450796151,65.15372004455168,64.25056777523021,65.07603454589844,650100,0.0,0.0
2023-03-09 00:00:00-05:00,65.2217129096393,66.61043486730813,64.93036818291463,65.48391723632812,1497300,0.0,0.0
2023-03-10 00:00:00-05:00,65.61016901342254,65.84324778103182,63.327993130650356,64.19230651855469,1179100,0.0,0.0
2023-03-13 00:00:00-04:00,63.04635428232329,64.46421660714945,62.85212940848015,63.881534576416016,946900,0.0,0.0
2023-03-14 00:00:00-04:00,64.96920823853526,65.72669556233359,64.57103764519317,65.532470703125,830400,0.0,0.0
2023-03-15 00:00:00-04:00,64.47393181496881,64.99834787955398,63.24058827342527,64.745849609375,1279200,0.0,0.0
2023-03-16 00:00:00-04:00,64.39623143527783,65.53246981477608,63.86210937509296,65.42564392089844,1015700,0.0,0.0
2023-03-17 00:00:00-04:00,65.38679800415822,65.38679800415822,63.10462257925627,63.58047866821289,2484200,0.0,0.0
2023-03-20 00:00:00-04:00,63.88154211998293,65.11489318306178,63.561064372013945,64.5322036743164,1074100,0.0,0.0
2023-03-21 00:00:00-04:00,65.2702634536902,65.71698658776212,64.26027781653475,64.98863220214844,882200,0.0,0.0
2023-03-22 00:00:00-04:00,65.28968556787429,66.23168428001418,64.56133123601548,64.57103729248047,938500,0.0,0.0
2023-03-23 00:00:00-04:00,64.59046759653917,65.55189329021864,64.11460407358344,64.37681579589844,1205800,0.0,0.0
2023-03-24 00:00:00-04:00,63.64846344945575,64.84296050489765,63.017221493641365,64.81382751464844,875800,0.0,0.0
2023-03-27 00:00:00-04:00,65.48391781561405,66.00833388283502,65.0080616730115,65.64900970458984,928200,0.0,0.0
2023-03-28 00:00:00-04:00,65.72670696725761,66.65899978979687,65.64901404641148,66.18314361572266,895800,0.0,0.0
2023-03-29 00:00:00-04:00,66.84350923635182,67.10571354587503,66.50361201689444,66.930908203125,817400,0.0,0.0
2023-03-30 00:00:00-04:00,67.49418244634789,67.49418244634789,65.89180109347849,65.94036102294922,930200,0.0,0.0
2023-03-31 00:00:00-04:00,66.48418559955257,67.2028264989984,66.18313483273144,67.1542739868164,973100,0.0,0.0
2023-04-03 00:00:00-04:00,66.92120368624501,67.18340800180194,66.21226883288847,66.86293029785156,860100,0.0,0.0
2023-04-04 00:00:00-04:00,66.6687079355922,66.8532193463678,63.58048496591114,63.93009567260742,1165000,0.0,0.0
2023-04-05 00:00:00-04:00,63.570767078349775,64.30883489773683,62.0849253828232,62.74530029296875,1698900,0.0,0.0
2023-04-06 00:00:00-04:00,62.6870317496474,62.90067612751091,61.5702203049274,62.7355842590332,1159100,0.0,0.0
2023-04-10 00:00:00-04:00,62.541360117681194,63.60961165601791,62.35684131597819,63.58047866821289,734300,0.0,0.0
2023-04-11 00:00:00-04:00,63.99806834494447,64.34767901462638,63.570764768843624,63.667877197265625,728200,0.0,0.0
2023-04-12 00:00:00-04:00,64.11460876464844,64.60989184698991,63.70673206587515,64.11460876464844,969000,0.0,0.0
2023-04-13 00:00:00-04:00,64.02721239595576,64.6098944763741,62.86184823511911,64.43508911132812,784500,0.0,0.0
2023-04-14 00:00:00-04:00,64.4350800459432,65.90150221256171,64.38652753477524,65.182861328125,1590300,0.0,0.0
2023-04-17 00:00:00-04:00,65.2314158992462,65.72669894770301,64.93036512920571,65.619873046875,1127700,0.0,0.0
2023-04-18 00:00:00-04:00,66.06658380452335,66.62984619267164,65.75581962644196,66.5618667602539,844300,0.0,0.0
2023-04-19 00:00:00-04:00,66.42591782127775,66.76581503415638,65.639290089526,65.9209213256836,1162800,0.0,0.0
2023-04-20 00:00:00-04:00,65.55189663739718,66.84351356416526,65.55189663739718,66.78524017333984,880800,0.0,0.0
2023-04-21 00:00:00-04:00,66.85321073706147,67.19311534255763,66.2219762621759,66.7949447631836,697900,0.0,0.0
2023-04-24 00:00:00-04:00,66.95033513521038,67.38734478748364,66.45505209588465,66.930908203125,1186000,0.0,0.0
2023-04-25 00:00:00-04:00,66.38707271549379,67.49417075090177,66.32880673758926,66.59101104736328,1756700,0.0,0.0
2023-04-26 00:00:00-04:00,66.45506261665356,66.72698043526788,65.54218930341563,65.5519027709961,1872300,0.0,0.0
2023-04-27 00:00:00-04:00,67.88326225602941,68.27345351789135,64.66420109079681,66.87852478027344,2834900,0.3,0.0
2023-04-28 00:00:00-04:00,67.75646152129399,68.50758109437061,66.34202639712872,66.61515808105469,3274900,0.0,0.0
2023-05-01 00:00:00-04:00,67.23946122994798,68.4978242962787,66.77123016994669,68.41978454589844,1276700,0.0,0.0
2023-05-02 00:00:00-04:00,68.24420450623731,68.52709304319038,67.00535499557608,68.06861877441406,910000,0.0,0.0
2023-05-03 00:00:00-04:00,68.41978509617454,68.79046275004163,67.56137016192851,67.75646209716797,972500,0.0,0.0
2023-05-04 00:00:00-04:00,67.40528356794361,67.85400092560732,66.53711189559522,67.49308013916016,949100,0.0,0.0
2023-05-05 00:00:00-04:00,68.28321488692441,68.82947822449027,67.82474068191887,68.65389251708984,768900,0.0,0.0
2023-05-08 00:00:00-04:00,68.90752547108346,69.11237424496842,68.02959683851891,68.58561706542969,530400,0.0,0.0
2023-05-09 00:00:00-04:00,68.35150956411567,68.51733847122506,67.5516206355092,67.61990356445312,636800,0.0,0.0
2023-05-10 00:00:00-04:00,68.3027293535895,68.3027293535895,66.62491926519537,67.52235412597656,679700,0.0,0.0
2023-05-11 00:00:00-04:00,67.10290002166077,67.26872892095983,66.19570832711555,66.72246551513672,1235800,0.0,0.0
2023-05-12 00:00:00-04:00,66.98583308851528,67.18093245667822,65.08366076317601,65.59090423583984,1321800,0.0,0.0
2023-05-15 00:00:00-04:00,65.57140567062926,66.59564956443748,65.45434603607369,66.5273666381836,826800,0.0,0.0
2023-05-16 00:00:00-04:00,65.7372388794073,65.9616013331059,64.9568561491214,65.56165313720703,776500,0.0,0.0
2023-05-17 00:00:00-04:00,65.82503246251332,66.7419735700586,65.60067001907126,66.60540771484375,611100,0.0,0.0
2023-05-18 00:00:00-04:00,66.35178632712943,67.46383434053782,66.06890521117236,67.44432067871094,628200,0.0,0.0
2023-05-19 00:00:00-04:00,67.91254792425273,68.02960011938602,66.3322763094247,66.74197387695312,595500,0.0,0.0
2023-05-22 00:00:00-04:00,66.62491907483346,67.21995918441404,65.88355628478081,66.51761627197266,847700,0.0,0.0
2023-05-23 00:00:00-04:00,65.83477725768749,66.32251454722316,65.07390827677669,65.09342193603516,616100,0.0,0.0
2023-05-24 00:00:00-04:00,65.04464858719474,65.05440541732753,64.33254883311702,64.72274017333984,755900,0.0,0.0
2023-05-25 00:00:00-04:00,64.90806777380077,64.98610751231412,63.9423501971051,64.85929107666016,805800,0.0,0.0
2023-05-26 00:00:00-04:00,64.86906032680405,65.2690084815647,64.5569087552535,65.0348892211914,728900,0.0,0.0
2023-05-30 00:00:00-04:00,64.98612990763601,65.26901847552578,64.32280678623832,65.05441284179688,720400,0.0,0.0
2023-05-31 00:00:00-04:00,64.60568671724792,64.89832463498074,62.31331915027089,62.37184524536133,4782000,0.0,0.0
2023-06-01 00:00:00-04:00,62.59620660571376,63.32781259439844,62.371847882387314,62.99615478515625,1361700,0.0,0.0
2023-06-02 00:00:00-04:00,63.8350626471635,66.76148655909658,63.8350626471635,66.73222351074219,1371900,0.0,0.0
2023-06-05 00:00:00-04:00,66.63466675797481,67.03461491154887,66.03962666361569,66.77123260498047,1007200,0.0,0.0
2023-06-06 00:00:00-04:00,66.57614658774659,67.9418126215925,66.44933755918163,66.95658111572266,671000,0.0,0.0
2023-06-07 00:00:00-04:00,67.0150997945568,68.42954238246692,66.67368518446827,68.36125946044922,646100,0.0,0.0
2023-06-08 00:00:00-04:00,68.05885746771904,68.53684536541469,67.60039067137883,68.02959442138672,583800,0.0,0.0
2023-06-09 00:00:00-04:00,68.17591044847384,68.18566727706015,66.77122482323063,67.10289001464844,502700,0.0,0.0
2023-06-12 00:00:00-04:00,67.22971268178598,67.40529842062969,66.54688338754995,66.88829803466797,650500,0.0,0.0
2023-06-13 00:00:00-04:00,67.00534847502145,68.30272395594409,66.98583481656179,68.01008605957031,873300,0.0,0.0
2023-06-14 00:00:00-04:00,68.09787269559439,68.59536677612854,67.46382022225697,67.92228698730469,638200,0.0,0.0
2023-06-15 00:00:00-04:00,68.09787170522355,68.87825427344617,67.09313417217574,68.78070831298828,780700,0.0,0.0
2023-06-16 00:00:00-04:00,69.1611515369404,69.45378945541607,68.6441511829141,69.25869750976562,1764900,0.0,0.0
2023-06-20 00:00:00-04:00,68.69291822461592,68.8977669936022,68.09787813467845,68.37100982666016,693200,0.0,0.0
2023-06-21 00:00:00-04:00,68.01008521677836,68.61487466049093,67.52234795325273,68.13689422607422,712400,0.0,0.0
2023-06-22 00:00:00-04:00,68.05885586239773,68.05885586239773,67.27848069024827,67.34676361083984,867400,0.0,0.0
2023-06-23 00:00:00-04:00,66.89805043092244,67.93205113430751,66.49810226917954,67.78572845458984,1112700,0.0,0.0
2023-06-26 00:00:00-04:00,67.78572323558,69.32697478435033,67.78572323558,69.20991516113281,822900,0.0,0.0
2023-06-27 00:00:00-04:00,69.4635351630751,70.90724063348063,69.4635351630751,70.4975357055664,937600,0.0,0.0
2023-06-28 00:00:00-04:00,70.36097717285156,70.7901883598008,69.98054269070302,70.36097717285156,673000,0.0,0.0
2023-06-29 00:00:00-04:00,70.14638394621944,71.05356820404612,70.14638394621944,70.60485076904297,651600,0.0,0.0
2023-06-30 00:00:00-04:00,71.10233605506387,71.424244427775,70.52680966956203,70.99503326416016,452600,0.0,0.0
2023-07-03 00:00:00-04:00,70.52681747763182,71.07308087923344,69.68790871529752,70.59510040283203,480500,0.0,0.0
2023-07-05 00:00:00-04:00,70.23417783908496,70.49755273137777,69.0343406930635,69.30747985839844,838500,0.0,0.0
2023-07-06 00:00:00-04:00,68.95630397193446,69.20017262941927,68.13690141279947,68.8685073852539,960900,0.0,0.0
2023-07-07 00:00:00-04:00,68.69292611499351,70.11711827411608,68.68317672650318,68.90753173828125,1152500,0.0,0.0
2023-07-10 00:00:00-04:00,68.9953179429936,70.67312791132316,68.83923844327167,70.41950988769531,828700,0.0,0.0
2023-07-11 00:00:00-04:00,70.73165939372628,71.85345657803623,70.73165939372628,71.40473175048828,1283000,0.0,0.0
2023-07-12 00:00:00-04:00,72.12659775607567,72.22414373228617,71.27793213425439,71.68762969970703,726700,0.0,0.0
2023-07-13 00:00:00-04:00,71.48276684431485,71.85345190013203,71.19987835939943,71.29742431640625,556300,0.0,0.0
2023-07-14 00:00:00-04:00,71.1218558653372,73.04353455439617,70.94627014160363,72.58506774902344,1284700,0.0,0.0
2023-07-17 00:00:00-04:00,72.76064298837446,73.6483283996582,72.41922838491155,73.16059112548828,1154600,0.0,0.0
2023-07-18 00:00:00-04:00,72.99476263290532,74.66282322650758,72.99476263290532,74.63356018066406,1231600,0.0,0.0
2023-07-19 00:00:00-04:00,74.68232859761515,74.90669101700946,74.03851926950475,74.76036834716797,784600,0.0,0.0
2023-07-20 00:00:00-04:00,74.84816427980493,75.05301303890248,74.16532764053305,74.48723602294922,661000,0.0,0.0
2023-07-21 00:00:00-04:00,74.38968690720615,74.58477882886065,73.8921928320235,74.12630462646484,747800,0.0,0.0
2023-07-24 00:00:00-04:00,74.13607433146696,74.49700263572291,73.33618540610816,73.57029724121094,1070700,0.0,0.0
2023-07-25 00:00:00-04:00,73.27765438055471,74.27263519454765,72.92648293037354,73.32642364501953,1819900,0.0,0.0
2023-07-26 00:00:00-04:00,73.40445227563183,73.76538050092529,72.6143203535963,73.22886657714844,1592800,0.0,0.0
2023-07-27 00:00:00-04:00,72.33144484501696,73.65809092880026,70.7414164451239,71.87297058105469,2442600,0.0,0.0
2023-07-28 00:00:00-04:00,73.03852330920023,73.03852330920023,70.48212541197158,70.70740509033203,1405400,0.3,0.0
2023-07-31 00:00:00-04:00,70.80534540492076,71.15795250464552,70.12951388499731,71.13835906982422,1218900,0.0,0.0
2023-08-01 00:00:00-04:00,71.07961142069992,71.53996010852299,70.54090391947979,71.09919738769531,1061900,0.0,0.0
2023-08-02 00:00:00-04:00,70.71720751326932,71.784825795858,70.30583495199635,71.09919738769531,1012600,0.0,0.0
2023-08-03 00:00:00-04:00,71.1383720357001,71.30488637120706,70.21768219434986,70.81515502929688,953700,0.0,0.0
2023-08-04 00:00:00-04:00,71.3244664091403,72.20598424585745,70.69761094140958,71.14816284179688,1119100,0.0,0.0
2023-08-07 00:00:00-04:00,71.47138914209837,72.78386547637581,71.30488228883156,72.32351684570312,901200,0.0,0.0
2023-08-08 00:00:00-04:00,71.74563656225972,72.08844698303294,70.60945634174655,71.73583984375,732500,0.0,0.0
2023-08-09 00:00:00-04:00,71.83378202764133,72.13742050887049,71.19713732883007,71.29508209228516,861200,0.0,0.0
2023-08-10 00:00:00-04:00,71.18733666089615,71.68686464131953,70.20787413527717,70.51150512695312,664500,0.0,0.0
2023-08-11 00:00:00-04:00,70.27643711875747,70.90329254541491,69.7671198868631,69.89444732666016,691700,0.0,0.0
2023-08-14 00:00:00-04:00,69.69856271449376,70.0511623781918,69.41451766168404,69.81609344482422,648800,0.0,0.0
2023-08-15 00:00:00-04:00,69.2675947874156,69.54184311392198,68.71909813440286,69.36553955078125,745700,0.0,0.0
2023-08-16 00:00:00-04:00,69.2088317742174,70.22746631505989,68.83663119899929,68.84642791748047,968500,0.0,0.0
2023-08-17 00:00:00-04:00,68.98354866196938,69.45369398054756,68.08244489679308,68.29792785644531,982400,0.0,0.0
2023-08-18 00:00:00-04:00,68.03347309259624,68.31751815080828,67.27929015870734,67.50456237792969,716300,0.0,0.0
2023-08-21 00:00:00-04:00,67.45559750041363,67.8179939096886,66.7405864556129,67.44580078125,599300,0.0,0.0
2023-08-22 00:00:00-04:00,67.64167848242839,68.131409736944,67.2596887017227,67.9942855834961,611600,0.0,0.0
2023-08-23 00:00:00-04:00,68.27833419786698,68.68970667984034,67.92572707825944,68.54279327392578,595300,0.0,0.0
2023-08-24 00:00:00-04:00,68.19019060836338,69.06191174635822,67.3380554348677,67.38703155517578,557500,0.0,0.0
2023-08-25 00:00:00-04:00,67.85716392043443,68.70929902473942,67.31846400432032,68.31751251220703,628000,0.0,0.0
2023-08-28 00:00:00-04:00,68.49381763430415,69.68876316211481,68.49381763430415,69.25779724121094,502200,0.0,0.0
2023-08-29 00:00:00-04:00,69.07170196979352,70.40377175579196,69.04231928627556,70.38418579101562,609600,0.0,0.0
2023-08-30 00:00:00-04:00,70.4331651804235,71.49097919969202,70.15890935187971,70.81515502929688,568500,0.0,0.0
2023-08-31 00:00:00-04:00,71.0502191352923,71.60851252808493,71.00124301535864,71.01103973388672,895600,0.0,0.0
2023-09-01 00:00:00-04:00,71.36364163278012,72.16680062084237,71.36364163278012,72.0590591430664,864000,0.0,0.0
2023-09-05 00:00:00-04:00,71.7946093657884,71.7946093657884,69.7083493092811,70.46253967285156,828600,0.0,0.0
2023-09-06 00:00:00-04:00,70.4527484535982,70.95227649561404,70.1295239868405,70.3743896484375,578500,0.0,0.0
2023-09-07 00:00:00-04:00,70.20788328025264,70.58007639829395,69.64958986683718,70.24706268310547,698400,0.0,0.0
2023-09-08 00:00:00-04:00,70.13932462196283,70.21768343149878,68.5917717608109,68.74848937988281,710100,0.0,0.0
2023-09-11 00:00:00-04:00,69.17943562799613,69.24799770601372,68.68970436424014,69.06190490722656,547500,0.0,0.0
2023-09-12 00:00:00-04:00,68.56237815402616,68.62114351546363,66.52509426685704,66.86790466308594,1102900,0.0,0.0
2023-09-13 00:00:00-04:00,66.75037663862966,66.7993452842384,65.27138604344611,65.74153137207031,1395600,0.0,0.0
2023-09-14 00:00:00-04:00,66.1822861847528,66.56427599286536,65.58481341356003,66.34879302978516,914200,0.0,0.0
2023-09-15 00:00:00-04:00,66.00598933874073,66.16270695427721,65.0559093444956,65.39871978759766,1232900,0.0,0.0
2023-09-18 00:00:00-04:00,65.49666327733313,66.2900255499762,64.55638012794344,65.78070831298828,1006400,0.0,0.0
2023-09-19 00:00:00-04:00,65.50644653097541,65.77090557947206,64.84041176032105,65.63378143310547,684600,0.0,0.0
2023-09-20 00:00:00-04:00,65.95700872833518,66.33900602203946,64.90898403203555,64.98734283447266,586100,0.0,0.0
2023-09-21 00:00:00-04:00,64.67390802393511,64.70329070345873,63.75321087776398,63.83156967163086,749500,0.0,0.0
2023-09-22 00:00:00-04:00,63.87075572370544,64.07644197450848,63.07739340307848,63.18513488769531,1275200,0.0,0.0
2023-09-25 00:00:00-04:00,63.04800936799497,63.52794394290656,62.82272968516337,63.14595413208008,1116200,0.0,0.0
2023-09-26 00:00:00-04:00,62.97944263937247,64.47801909016167,62.97944263937247,64.12541198730469,1299600,0.0,0.0
2023-09-27 00:00:00-04:00,64.55637904265181,64.95795479478818,63.83157138894192,64.10581970214844,1241800,0.0,0.0
2023-09-28 00:00:00-04:00,64.63473537121516,65.89824303151035,64.5367906050146,65.11467742919922,882300,0.0,0.0
2023-09-29 00:00:00-04:00,65.41830710992258,65.80029692119645,64.65432748737484,64.77185821533203,996500,0.0,0.0
2023-10-02 00:00:00-04:00,64.54659106871149,65.44769492637312,64.17439047376341,64.69351196289062,935300,0.0,0.0
2023-10-03 00:00:00-04:00,64.40947094436713,65.13427126913929,63.616101054986096,64.02748107910156,859800,0.0,0.0
2023-10-04 00:00:00-04:00,64.33111142512054,65.00694308978959,63.52795229766626,64.87960815429688,829300,0.0,0.0
2023-10-05 00:00:00-04:00,64.95795462149698,65.43788916832804,64.08623356854204,64.71308898925781,1065400,0.0,0.0
2023-10-06 00:00:00-04:00,64.64452770374956,66.38796983103589,64.3898653507407,65.90803527832031,1137400,0.0,0.0
2023-10-09 00:00:00-04:00,65.16364991724356,67.45559643951798,65.08529111058131,67.22052001953125,1077200,0.0,0.0
2023-10-10 00:00:00-04:00,68.50361264796547,68.85621976125825,67.53393935005722,67.83757781982422,1289800,0.0,0.0
2023-10-11 00:00:00-04:00,67.83758625609947,69.69856681375248,67.77881341477091,69.62999725341797,1189600,0.0,0.0
2023-10-12 00:00:00-04:00,69.53204041426886,69.55163384888033,67.82777776565551,68.49381256103516,930900,0.0,0.0
2023-10-13 00:00:00-04:00,68.80724277208276,69.43409819382688,68.00408379592896,68.8170394897461,1235200,0.0,0.0
2023-10-16 00:00:00-04:00,69.53204817527048,70.58007286278794,69.06191031000083,70.4233627319336,1238800,0.0,0.0
2023-10-17 00:00:00-04:00,70.05115888873715,71.2167217244985,69.66916908877786,70.35479736328125,930600,0.0,0.0
2023-10-18 00:00:00-04:00,69.28718141424422,69.48307841555713,66.99524254418195,67.06380462646484,1118300,0.0,0.0
2023-10-19 00:00:00-04:00,66.94625754053008,67.26948194526798,65.32035374530963,65.63378143310547,1043300,0.0,0.0
2023-10-20 00:00:00-04:00,65.65337384070561,66.12351915491512,64.90898020683485,65.29097747802734,1008500,0.0,0.0
2023-10-23 00:00:00-04:00,65.22240930136516,65.8688581879527,65.00693381187574,65.02651977539062,846500,0.0,0.0
2023-10-24 00:00:00-04:00,65.56522695352037,65.93742004066392,64.69350586235561,65.2713851928711,1100500,0.0,0.0
2023-10-25 00:00:00-04:00,64.26253440812249,64.79144504814188,63.74342048533654,63.85116195678711,1630800,0.0,0.0
2023-10-26 00:00:00-04:00,65.0754947570703,68.67991727009895,63.860955804572505,67.70045471191406,2186400,0.0,0.0
2023-10-27 00:00:00-04:00,68.22935456291192,68.40565062161119,66.0745327932247,66.41734313964844,1586700,0.0,0.0
2023-10-30 00:00:00-04:00,67.61797229524353,68.89731404329716,66.88973541971409,68.38557434082031,1683300,0.32,0.0
2023-10-31 00:00:00-04:00,68.45445742567102,69.1925374266947,68.2674822642789,68.65128326416016,1358400,0.0,0.0
2023-11-01 00:00:00-04:00,68.96619951242364,69.89125470722982,68.07065880925174,69.6845932006836,1152100,0.0,0.0
2023-11-02 00:00:00-04:00,70.79663790049361,71.34773524599638,70.1668102175938,70.21601104736328,1086100,0.0,0.0
2023-11-03 00:00:00-04:00,71.10171214131397,71.67249585388262,70.40299725515796,70.42267608642578,1206700,0.0,0.0
2023-11-06 00:00:00-05:00,70.37347457700166,71.31821613967675,69.77316886923855,69.96014404296875,1335700,0.0,0.0
2023-11-07 00:00:00-05:00,69.60586809192255,70.3341049256452,69.18270192338005,69.52713775634766,1101600,0.0,0.0
2023-11-08 00:00:00-05:00,69.78301328961282,70.4817281815688,69.32048191552425,70.00935363769531,744800,0.0,0.0
2023-11-09 00:00:00-05:00,70.28489571327174,70.83600054729233,69.84205072042147,70.2356948852539,832900,0.0,0.0
2023-11-10 00:00:00-05:00,70.75727468141413,71.810268571664,70.57029200197869,71.66265106201172,846600,0.0,0.0
2023-11-13 00:00:00-05:00,71.25917547770287,72.46962261142392,71.25917547770287,72.21375274658203,1036400,0.0,0.0
2023-11-14 00:00:00-05:00,73.40451005328275,75.04797383437702,73.26673572549824,74.81178283691406,1191900,0.0,0.0
2023-11-15 00:00:00-05:00,74.79210530598958,75.756533125358,73.65053798951828,73.80799865722656,1082200,0.0,0.0
2023-11-16 00:00:00-05:00,73.89656639114935,74.70354106994264,73.8473655624358,74.43782806396484,833900,0.0,0.0
2023-11-17 00:00:00-05:00,74.9200423492558,75.2251205398573,74.65433683681032,75.16606903076172,669800,0.0,0.0
2023-11-20 00:00:00-05:00,74.82162977097205,75.05781327218338,73.87688825798857,74.90036010742188,895200,0.0,0.0
2023-11-21 00:00:00-05:00,74.70354210931934,75.05781360865544,74.22132442750608,74.66417694091797,497200,0.0,0.0
2023-11-22 00:00:00-05:00,74.9495674042176,75.21527290087431,74.46734973126063,74.67401123046875,654900,0.0,0.0
2023-11-24 00:00:00-05:00,74.57560071434742,75.11686237494762,74.48703471977896,74.80194854736328,238200,0.0,0.0
2023-11-27 00:00:00-05:00,74.32958038626477,74.92988609440184,74.1622840435088,74.75274658203125,580300,0.0,0.0
2023-11-28 00:00:00-05:00,74.46734820635982,75.07749703067381,73.90640771767069,73.92609405517578,583200,0.0,0.0
2023-11-29 00:00:00-05:00,74.53623789226798,74.8511517297594,73.76863588264129,73.90641021728516,641600,0.0,0.0
2023-11-30 00:00:00-05:00,73.9064073922054,74.64448737450067,73.24705774330805,74.16227722167969,955500,0.0,0.0
2023-12-01 00:00:00-05:00,74.27052786118503,75.62859229474199,73.99497920870718,75.52033996582031,696600,0.0,0.0
2023-12-04 00:00:00-05:00,74.8905131485129,76.1108032691801,74.70353799407906,75.86477661132812,1238800,0.0,0.0
2023-12-05 00:00:00-05:00,75.46130542572716,75.82542762391526,74.72322536777135,75.09718322753906,874500,0.0,0.0
2023-12-06 00:00:00-05:00,75.61876367230852,76.53398330588342,75.40226648095735,76.05177307128906,820600,0.0,0.0
2023-12-07 00:00:00-05:00,75.95336168862691,76.7800077810946,75.41209995560243,76.77017211914062,1180500,0.0,0.0
2023-12-08 00:00:00-05:00,76.87841168798722,78.02981462889795,76.54381153369268,76.75047302246094,827900,0.0,0.0
2023-12-11 00:00:00-05:00,77.07523127340133,77.40983143318796,76.42572479920268,76.7996826171875,818900,0.0,0.0
2023-12-12 00:00:00-05:00,77.11459476593068,78.75805100706107,77.09490842912112,78.216796875,986700,0.0,0.0
2023-12-13 00:00:00-05:00,78.00030095812858,78.82694700144536,77.00635106573615,78.26600646972656,1191500,0.0,0.0
2023-12-14 00:00:00-05:00,78.5809214421467,79.55518500942755,78.38410309801634,79.30915832519531,1450200,0.0,0.0
2023-12-15 00:00:00-05:00,78.46282887981683,79.10249221514194,77.72474887000651,77.94124603271484,2910400,0.0,0.0
2023-12-18 00:00:00-05:00,78.07901889757035,78.59075856596387,77.6066519047403,78.12822723388672,926300,0.0,0.0
2023-12-19 00:00:00-05:00,78.40377284516389,79.6437492923071,78.40377284516389,79.61422729492188,913600,0.0,0.0
2023-12-20 00:00:00-05:00,79.4174035789826,80.05707440252411,78.9450365919726,78.95487976074219,790100,0.0,0.0
2023-12-21 00:00:00-05:00,79.74216518666775,80.2735837088896,79.53550367938229,80.26374053955078,621600,0.0,0.0
2023-12-22 00:00:00-05:00,80.64754270379848,80.72627304335468,79.94882783354863,80.43104553222656,449400,0.0,0.0
2023-12-26 00:00:00-05:00,80.40151579157433,80.75579481041558,80.12596711206187,80.54913330078125,420400,0.0,0.0
2023-12-27 00:00:00-05:00,80.67707039396241,81.09039340510951,80.39167855060707,80.85420989990234,441700,0.0,0.0
2023-12-28 00:00:00-05:00,80.62786692989664,81.12976347842326,80.52945775578952,80.93293762207031,452800,0.0,0.0
2023-12-29 00:00:00-05:00,80.72627338137627,81.4545102549744,80.72627338137627,81.1297607421875,610900,0.0,0.0
2024-01-02 00:00:00-05:00,80.40152276318747,81.31674238986301,79.89963369975891,80.14566040039062,613800,0.0,0.0
2024-01-03 00:00:00-05:00,79.58471186557973,79.58471186557973,76.84888892127395,77.45903778076172,1276800,0.0,0.0
2024-01-04 00:00:00-05:00,77.46887881237308,79.18122232802205,77.08507780900587,78.1183853149414,880600,0.0,0.0
2024-01-05 00:00:00-05:00,77.84284222001482,78.40378276572386,77.45904118916856,77.78379821777344,650300,0.0,0.0
2024-01-08 00:00:00-05:00,78.01013946533203,78.23648732343369,77.19333656172564,78.01013946533203,790000,0.0,0.0
2024-01-09 00:00:00-05:00,77.58696873800824,78.59076177803946,77.54761107711214,78.57107543945312,662300,0.0,0.0
2024-01-10 00:00:00-05:00,78.57107726454385,79.72248783816504,78.393945261982,79.20091247558594,838600,0.0,0.0
2024-01-11 00:00:00-05:00,79.20091224762206,79.5551837598645,78.59076337737977,79.3780517578125,670800,0.0,0.0
2024-01-12 00:00:00-05:00,79.968517479116,80.24406617081792,78.72854085831864,79.8208999633789,600300,0.0,0.0
2024-01-16 00:00:00-05:00,79.26979647165344,79.8307369817188,79.03360546141884,79.69296264648438,695800,0.0,0.0
2024-01-17 00:00:00-05:00,79.55518444990189,80.4113600079383,78.74821723162125,78.84663391113281,618700,0.0,0.0
2024-01-18 00:00:00-05:00,79.46660509088333,79.68310973639575,78.57106451319785,79.29930877685547,569900,0.0,0.0
2024-01-19 00:00:00-05:00,79.2796330399124,80.3326269044763,78.79742286107351,79.91930389404297,772300,0.0,0.0
2024-01-22 00:00:00-05:00,80.34246772022165,81.10023405862354,80.096441053389,80.8148422241211,889100,0.0,0.0
2024-01-23 00:00:00-05:00,80.77548114931699,81.04118665937874,80.02755794197006,80.54913330078125,1234200,0.0,0.0
2024-01-24 00:00:00-05:00,80.92309551240488,80.92309551240488,79.02376932173483,79.05329132080078,803800,0.0,0.0
2024-01-25 00:00:00-05:00,79.61423310647325,80.16533045292604,79.52565959971434,79.97834777832031,1034400,0.0,0.0
2024-01-26 00:00:00-05:00,80.04723413847924,80.40151314566162,79.29931846388367,79.6339111328125,846600,0.0,0.0
2024-01-29 00:00:00-05:00,79.66343857870997,80.49993532450036,79.32884588690476,80.3523178100586,962700,0.0,0.0
2024-01-30 00:00:00-05:00,77.81320667057767,79.3840892288557,76.00520379062486,78.76166534423828,2496500,0.32,0.0
2024-01-31 00:00:00-05:00,78.89998468951899,78.89998468951899,76.163279292365,76.67703247070312,2569400,0.0,0.0
2024-02-01 00:00:00-05:00,77.35873473106031,78.74189887208402,77.01293615812514,78.61346435546875,1200000,0.0,0.0
2024-02-02 00:00:00-05:00,78.06020784998222,78.14912232475172,76.32136303469315,77.38838195800781,1058100,0.0,0.0
2024-02-05 00:00:00-05:00,77.10186871182027,77.10186871182027,75.96569155105007,76.16328430175781,999900,0.0,0.0
2024-02-06 00:00:00-05:00,76.24232050078086,77.51681402911575,76.17316228781756,77.27970123291016,974200,0.0,0.0
2024-02-07 00:00:00-05:00,78.07008379650887,79.44338130428524,77.97128742108734,78.8802261352539,878200,0.0,0.0
2024-02-08 00:00:00-05:00,79.25565542304464,79.84844115722164,78.77154795286272,79.28529357910156,835500,0.0,0.0
2024-02-09 00:00:00-05:00,79.32481317869588,79.82868444181594,79.01854218428933,79.57180786132812,707600,0.0,0.0
2024-02-12 00:00:00-05:00,79.78916422880363,80.62894464054106,79.46312943933678,80.30290985107422,654000,0.0,0.0
2024-02-13 00:00:00-05:00,78.6727467238336,79.33469822822133,77.81321001824209,78.29731750488281,1136000,0.0,0.0
2024-02-14 00:00:00-05:00,79.03830337751809,80.49063340810878,78.77155242019816,80.1942367553711,1050600,0.0,0.0
2024-02-15 00:00:00-05:00,80.81666161906963,81.17233455823849,79.08769887387407,80.02627563476562,906700,0.0,0.0
2024-02-16 00:00:00-05:00,79.76940020366459,80.3819497271724,79.03829805718588,79.12721252441406,752000,0.0,0.0
2024-02-20 00:00:00-05:00,78.59371035000086,79.40385260053192,78.1095953490927,78.68262481689453,1040500,0.0,0.0
2024-02-21 00:00:00-05:00,78.94938056864292,79.51252811924209,78.64310204977025,79.26553344726562,781200,0.0,0.0
2024-02-22 00:00:00-05:00,79.84844295750966,79.9768774825452,78.94938620690138,79.6409683227539,843000,0.0,0.0
2024-02-23 00:00:00-05:00,79.98675758606181,80.53014890609684,79.64096653589387,80.42147064208984,788500,0.0,0.0
2024-02-26 00:00:00-05:00,80.42147342436837,80.9154628096069,80.12507677815331,80.60918426513672,681300,0.0,0.0
2024-02-27 00:00:00-05:00,80.93522453366985,81.40945769210103,80.47087327416108,81.31066131591797,751300,0.0,0.0
2024-02-28 00:00:00-05:00,81.35016338180473,82.42706409554279,81.04389239369252,81.8935546875,870700,0.0,0.0
2024-02-29 00:00:00-05:00,82.46658230414425,82.47646420157571,81.51812366806205,81.90343475341797,1464800,0.0,0.0
2024-03-01 00:00:00-05:00,81.54776696260603,83.06925514274486,81.51812880612275,82.93093872070312,1204900,0.0,0.0
2024-03-04 00:00:00-05:00,82.99021312727453,84.61049763769743,82.96057497147208,84.07698822021484,1016500,0.0,0.0
2024-03-05 00:00:00-05:00,83.83987804042764,83.95843820499977,82.15043526809349,82.68394470214844,990000,0.0,0.0
2024-03-06 00:00:00-05:00,83.13841608684847,84.15603302718559,83.08901413263251,83.48420715332031,674700,0.0,0.0
2024-03-07 00:00:00-05:00,84.12639216387429,85.76643297111023,83.85963367997611,85.60836029052734,914100,0.0,0.0
2024-03-08 00:00:00-05:00,85.9936652746355,86.54693092378295,84.6302574088025,84.788330078125,627400,0.0,0.0
2024-03-11 00:00:00-04:00,84.61049676090501,84.79821512928126,83.60276178566707,84.28446197509766,699400,0.0,0.0
2024-03-12 00:00:00-04:00,84.373390875589,85.03533486135369,83.99795410814988,84.89701843261719,658700,0.0,0.0
2024-03-13 00:00:00-04:00,84.93654155822776,85.50957109094527,84.51171035813445,85.12425994873047,810300,0.0,0.0
2024-03-14 00:00:00-04:00,85.22305474553202,85.84547868580484,84.95629624421497,85.57872772216797,941300,0.0,0.0
2024-03-15 00:00:00-04:00,85.00569474055925,86.85321776413551,85.00569474055925,86.0430679321289,2636400,0.0,0.0
2024-03-18 00:00:00-04:00,86.06283143625339,86.42838629547647,84.65002149071529,84.8278579711914,1064200,0.0,0.0
2024-03-19 00:00:00-04:00,84.93653315383305,85.77631357203441,84.66977467396889,85.7367935180664,773200,0.0,0.0
2024-03-20 00:00:00-04:00,85.88499229691074,86.6654964071883,85.38112102821418,86.58645629882812,563900,0.0,0.0
2024-03-21 00:00:00-04:00,86.77417805298552,88.87857014073691,86.77417805298552,88.79953002929688,758300,0.0,0.0
2024-03-22 00:00:00-04:00,88.46361791779815,88.74025076095096,87.87083217708786,88.20674133300781,1008400,0.0,0.0
2024-03-25 00:00:00-04:00,88.3055314866,88.77976456840682,86.95200552245971,86.98164367675781,747900,0.0,0.0
2024-03-26 00:00:00-04:00,86.96188667411164,87.63371252883026,86.5568193042688,86.82357025146484,892400,0.0,0.0
2024-03-27 00:00:00-04:00,87.35707498474271,87.80166992306171,86.94212573912175,87.78190612792969,776300,0.0,0.0
2024-03-28 00:00:00-04:00,87.99927139065005,88.54266274557484,87.6633622168275,88.38458251953125,1003700,0.0,0.0
2024-04-01 00:00:00-04:00,88.25614232813311,88.69084784650966,87.61395464196282,88.00914764404297,676200,0.0,0.0
2024-04-02 00:00:00-04:00,87.64359208612002,87.8313104565612,86.8334498303921,87.48551940917969,921100,0.0,0.0
2024-04-03 00:00:00-04:00,87.48551607742971,88.34505271423258,87.22863950729496,87.58431243896484,899000,0.0,0.0
2024-04-04 00:00:00-04:00,88.31542046444596,88.61181710654814,85.91463178399339,86.09246826171875,1036500,0.0,0.0
2024-04-05 00:00:00-04:00,86.33946494456984,86.97177076048729,85.74667918435722,86.48766326904297,921500,0.0,0.0
2024-04-08 00:00:00-04:00,86.99153365037583,86.99153365037583,85.90475097402147,85.92451477050781,902700,0.0,0.0
2024-04-09 00:00:00-04:00,86.05295065429928,86.05295065429928,84.1560331963996,85.43052673339844,1251600,0.0,0.0
2024-04-10 00:00:00-04:00,83.78060314059614,85.03533286834973,82.86178257827835,84.50182342529297,1002800,0.0,0.0
2024-04-11 00:00:00-04:00,84.92664626313115,85.34159549888125,84.06710209963812,85.11436462402344,901800,0.0,0.0
2024-04-12 00:00:00-04:00,84.304233534306,85.53920704487177,84.304233534306,85.46016693115234,1178400,0.0,0.0
2024-04-15 00:00:00-04:00,86.88285005148335,86.93224446430865,83.96830833833324,84.12638854980469,770900,0.0,0.0
2024-04-16 00:00:00-04:00,83.958440914878,84.71918126681716,83.59288604890827,84.3733901977539,886900,0.0,0.0
2024-04-17 00:00:00-04:00,84.7982227332271,85.75656338113474,84.18567315990468,85.42064666748047,1686700,0.0,0.0
2024-04-18 00:00:00-04:00,85.95415921240783,86.87297983653043,85.47005169061259,85.64788818359375,1199500,0.0,0.0
2024-04-19 00:00:00-04:00,85.76642620426198,86.38885759246232,84.81796758255761,85.03532409667969,1134600,0.0,0.0
2024-04-22 00:00:00-04:00,85.21316661833546,86.84333305248302,84.74881540290826,85.85535430908203,1268000,0.0,0.0
2024-04-23 00:00:00-04:00,86.19126465880193,87.16936905545974,85.8751117580373,86.86309051513672,695200,0.0,0.0
2024-04-24 00:00:00-04:00,86.71489532209127,87.70287411482991,85.26257282841667,85.95415496826172,1267300,0.0,0.0
2024-04-25 00:00:00-04:00,82.89142074166156,82.90130263996332,79.67060782415949,81.82440185546875,2381000,0.0,0.0
2024-04-26 00:00:00-04:00,81.34029814789656,83.0988992433758,81.34029814789656,82.209716796875,1316200,0.0,0.0
2024-04-29 00:00:00-04:00,82.21963319213039,83.64780982738912,82.21963319213039,83.61805725097656,1479000,0.32,0.0
2024-04-30 00:00:00-04:00,83.32052151710693,84.24288919319221,81.99151513036573,82.16011810302734,1545500,0.0,0.0
2024-05-01 00:00:00-04:00,82.15019965869324,83.2907628950849,81.88241136458446,82.11052703857422,973900,0.0,0.0
2024-05-02 00:00:00-04:00,82.40806458797142,83.24117451986609,82.14028384683539,82.86429595947266,734400,0.0,0.0
2024-05-03 00:00:00-04:00,83.78666779528004,84.18337890315341,83.34035644875345,83.61805725097656,558200,0.0,0.0
2024-05-06 00:00:00-04:00,84.28256127402844,84.76853766077717,84.08419816030919,84.45116424560547,567900,0.0,0.0
2024-05-07 00:00:00-04:00,84.73878738345876,85.12558600722707,84.20321831206124,84.52059173583984,559200,0.0,0.0
2024-05-08 00:00:00-04:00,84.53051376243268,85.00657012585587,84.33215063869011,84.87763977050781,500200,0.0,0.0
2024-05-09 00:00:00-04:00,84.98673252237332,85.80991484472004,84.79828945776455,85.68098449707031,674100,0.0,0.0
2024-05-10 00:00:00-04:00,85.93885459928174,86.64302663634622,85.57188850949638,85.67106628417969,459800,0.0,0.0
2024-05-13 00:00:00-04:00,85.98844561219559,86.20664127156037,85.28427352674174,85.35369873046875,514600,0.0,0.0
2024-05-14 00:00:00-04:00,85.82975310192795,86.06778126433154,85.42311440632538,85.69090270996094,508800,0.0,0.0
2024-05-15 00:00:00-04:00,86.37524239152933,87.10917460568537,85.71074294638062,86.05786895751953,691300,0.0,0.0
2024-05-16 00:00:00-04:00,85.79009007261689,86.49426215826296,84.6594467163086,84.6594467163086,770700,0.0,0.0
2024-05-17 00:00:00-04:00,84.78837120143035,85.01648689323721,84.14370431600663,84.97681427001953,634900,0.0,0.0
2024-05-20 00:00:00-04:00,85.12558350291896,85.73057775650787,84.91730790907707,85.10574340820312,664700,0.0,0.0
2024-05-21 00:00:00-04:00,84.7288701609828,85.19501404793355,84.34207152431719,85.03632354736328,717100,0.0,0.0
2024-05-22 00:00:00-04:00,84.86771497392017,86.04795090211597,84.15362290196235,84.37181854248047,791000,0.0,0.0
2024-05-23 00:00:00-04:00,84.57017620959189,84.67927403258741,83.19158470095306,83.3800277709961,635000,0.0,0.0
2024-05-24 00:00:00-04:00,83.65772676284735,84.30239363932743,83.49904383895726,84.08419799804688,590100,0.0,0.0
2024-05-28 00:00:00-04:00,83.99494322608656,84.12387357920521,81.76340919833106,81.86258697509766,872500,0.0,0.0
2024-05-29 00:00:00-04:00,81.08898756067347,81.65430919662664,80.26579765857946,80.44432067871094,1391100,0.0,0.0
2024-05-30 00:00:00-04:00,80.59309063083414,81.76340651859417,80.50382533792427,81.38652038574219,864600,0.0,0.0
2024-05-31 00:00:00-04:00,81.53528818711517,83.0824825908086,81.40635784240033,82.95355224609375,2391400,0.0,0.0
2024-06-03 00:00:00-04:00,82.83454172386406,83.06265742587931,80.56334258555226,81.52537536621094,755300,0.0,0.0
2024-06-04 00:00:00-04:00,81.26751520307019,81.50554338785749,80.40465262889433,80.58317565917969,814200,0.0,0.0
2024-06-05 00:00:00-04:00,80.70218481448325,81.67413754462598,79.99801281744305,81.40635681152344,520300,0.0,0.0
2024-06-06 00:00:00-04:00,81.24767496628509,81.73365894980745,79.7203129468853,80.2162094116211,568200,0.0,0.0
2024-06-07 00:00:00-04:00,79.84924441858976,80.70218687435944,79.57154363146083,80.41456604003906,526300,0.0,0.0
2024-06-10 00:00:00-04:00,80.0476097310774,80.86087966411498,79.92859185059146,80.81129455566406,450300,0.0,0.0
2024-06-11 00:00:00-04:00,80.53358101033874,80.96997231072663,79.71039864839707,80.92037963867188,466600,0.0,0.0
2024-06-12 00:00:00-04:00,82.94363380388485,83.60814076800182,82.42790484826796,82.90396118164062,712000,0.0,0.0
2024-06-13 00:00:00-04:00,82.65601342452614,83.14199737461956,81.64438803543385,82.98330688476562,687900,0.0,0.0
2024-06-14 00:00:00-04:00,81.92209167202928,82.20971251979778,80.32530450459892,81.78324127197266,699600,0.0,0.0
2024-06-17 00:00:00-04:00,81.48571080207125,83.01306525627781,81.48571080207125,82.99323272705078,714800,0.0,0.0
2024-06-18 00:00:00-04:00,82.8543814758318,83.9552722227863,82.51716794818023,83.52880096435547,782100,0.0,0.0
2024-06-20 00:00:00-04:00,83.20150200267062,83.8461688717924,82.80478334730499,83.23125457763672,643900,0.0,0.0
2024-06-21 00:00:00-04:00,83.27093223386257,83.5684731350689,82.07086371474806,83.44945526123047,1486400,0.0,0.0
2024-06-24 00:00:00-04:00,83.63789802788764,84.88755164807333,83.23125930219113,83.73707580566406,928600,0.0,0.0
2024-06-25 00:00:00-04:00,83.2411748770723,83.52879571391428,81.34684688618236,82.24938201904297,922500,0.0,0.0
2024-06-26 00:00:00-04:00,81.82291343970958,81.88241859175092,81.09890130049655,81.70389556884766,876900,0.0,0.0
2024-06-27 00:00:00-04:00,81.01956163917494,81.99151441038987,80.99972154446007,81.34684753417969,868500,0.0,0.0
2024-06-28 00:00:00-04:00,81.46586408550581,82.68577262026648,80.59308910163357,81.10881805419922,1378400,0.0,0.0
2024-07-01 00:00:00-04:00,81.51546330464171,81.56504841105365,79.51203734946672,79.52195739746094,623200,0.0,0.0
2024-07-02 00:00:00-04:00,79.34343254281525,80.43440322692308,79.02605911531516,80.22612762451172,1028800,0.0,0.0
2024-07-03 00:00:00-04:00,80.1071124865004,81.00964769454141,79.86908429944393,80.3749008178711,539800,0.0,0.0
2024-07-05 00:00:00-04:00,79.7103983301238,79.99801917997836,78.52024230657602,79.81949615478516,1190100,0.0,0.0
2024-07-08 00:00:00-04:00,80.05752366215059,80.68235046170301,79.76990281470539,80.39472961425781,726800,0.0,0.0
2024-07-09 00:00:00-04:00,80.17653410481226,80.65259802441899,79.54178725652281,80.06744384765625,968600,0.0,0.0
2024-07-10 00:00:00-04:00,80.51374855470873,82.44774169813091,80.4145707772885,82.30889129638672,1014100,0.0,0.0
2024-07-11 00:00:00-04:00,83.49904716943364,85.67106848795359,83.0824883982016,85.37353515625,1004700,0.0,0.0
2024-07-12 00:00:00-04:00,86.22648151536958,87.91252650406832,85.93886065178597,87.10917663574219,999000,0.0,0.0
2024-07-15 00:00:00-04:00,87.49596554439606,88.45800580975876,86.98022903026525,87.07941436767578,1154700,0.0,0.0
2024-07-16 00:00:00-04:00,88.04145109460825,91.38379584195451,87.77367034497254,91.22511291503906,1338300,0.0,0.0
2024-07-17 00:00:00-04:00,90.71929383529287,91.3738731861504,89.40020751953125,89.40020751953125,850900,0.0,0.0
2024-07-18 00:00:00-04:00,89.06300299011592,91.69124804919844,88.11087517361234,88.28939819335938,1025900,0.0,0.0
2024-07-19 00:00:00-04:00,88.62661174335686,88.94398516006981,86.85130159253846,87.26785278320312,1038600,0.0,0.0
2024-07-22 00:00:00-04:00,87.4265439852282,88.34891166735304,85.95868719176853,88.08112335205078,1138800,0.0,0.0
2024-07-23 00:00:00-04:00,80.25587405968952,84.37181582124379,79.17482350607193,79.8095703125,2721300,0.0,0.0
2024-07-24 00:00:00-04:00,80.21620115347933,81.82290825785577,79.98809304058082,80.0971908569336,2167100,0.0,0.0
2024-07-25 00:00:00-04:00,80.50382601588903,82.64610226241807,80.44432086463405,81.50553894042969,1505600,0.0,0.0
2024-07-26 00:00:00-04:00,82.86430303111794,84.213142032702,82.61635479651468,83.80650329589844,1149800,0.0,0.0
2024-07-29 00:00:00-04:00,83.80650329589844,84.59002062525826,83.13208379510641,83.80650329589844,1059000,0.0,0.0
2024-07-30 00:00:00-04:00,84.5205948659925,85.274359612924,84.29247916227577,84.74870300292969,881100,0.0,0.0
2024-07-31 00:00:00-04:00,85.23651505493585,85.46548064316386,84.3803663441206,84.65911102294922,1746400,0.32,0.0
2024-08-01 00:00:00-04:00,84.63919114415928,85.48539006099996,80.99558827387995,82.17030334472656,874700,0.0,0.0
2024-08-02 00:00:00-04:00,81.33406032829063,82.09065839324477,79.91046503532725,82.03092956542969,1106000,0.0,0.0
2024-08-05 00:00:00-04:00,80.36841659792637,82.19021432188475,79.31315913475561,81.28429412841797,1243300,0.0,0.0
2024-08-06 00:00:00-04:00,81.43362282406241,83.05631935935605,80.92590497501808,81.29425048828125,860000,0.0,0.0
2024-08-07 00:00:00-04:00,81.62276642741858,83.24547055343184,79.60185996897712,79.91046905517578,1291700,0.0,0.0
2024-08-08 00:00:00-04:00,80.43810276998445,81.12500712027021,79.43262439667339,80.12948608398438,1075100,0.0,0.0
2024-08-09 00:00:00-04:00,80.16930664743222,80.90599007669158,79.25342913049111,79.91046905517578,628000,0.0,0.0
2024-08-12 00:00:00-04:00,79.85074105804816,80.04984982156373,78.40723859986822,78.5167465209961,698800,0.0,0.0
2024-08-13 00:00:00-04:00,79.15387895695717,79.43262362918831,78.27781559254768,79.21360778808594,679900,0.0,0.0
2024-08-14 00:00:00-04:00,79.59189955933913,79.9901094716165,78.81539440777053,79.40275573730469,652200,0.0,0.0
2024-08-15 00:00:00-04:00,80.49783241069902,80.88608501113464,79.50231136440813,79.89056396484375,735100,0.0,0.0
2024-08-16 00:00:00-04:00,79.80096888622437,80.15934946706497,79.07423519720093,79.29325103759766,834200,0.0,0.0
2024-08-19 00:00:00-04:00,79.55208424217976,80.34849645988284,79.23351024083185,80.33853912353516,584900,0.0,0.0
2024-08-20 00:00:00-04:00,80.2688583737307,80.74671181276184,80.01997811480717,80.43810272216797,605300,0.0,0.0
2024-08-21 00:00:00-04:00,80.82635553596947,81.57299631474918,80.65711118707678,81.51325988769531,573100,0.0,0.0
2024-08-22 00:00:00-04:00,81.45352874878164,81.73227341639527,80.5177365687451,80.76661682128906,627700,0.0,0.0
2024-08-23 00:00:00-04:00,81.45352701740016,82.71783533155138,80.81639419204834,82.17030334472656,562300,0.0,0.0
2024-08-26 00:00:00-04:00,82.5884228478935,82.84726043956816,81.75218883740666,81.9911117553711,562100,0.0,0.0
2024-08-27 00:00:00-04:00,81.48339207213364,82.02097432185276,80.62724340723528,81.393798828125,702400,0.0,0.0
2024-08-28 00:00:00-04:00,81.3539767899852,82.27981161758898,81.22455419991023,81.47343444824219,577000,0.0,0.0
2024-08-29 00:00:00-04:00,82.0309362704355,82.56851855037864,80.76662028004435,81.7322769165039,603700,0.0,0.0
2024-08-30 00:00:00-04:00,82.1105726084516,83.48438880709892,82.06079352206825,83.34501647949219,1007100,0.0,0.0
2024-09-03 00:00:00-04:00,83.15587128994255,83.29524362798168,80.28877342785123,80.89604187011719,740800,0.0,0.0
2024-09-04 00:00:00-04:00,80.7267957315978,80.89604007708503,79.40275854957292,79.9901123046875,625100,0.0,0.0
2024-09-05 00:00:00-04:00,79.51226802849203,79.59190393915186,76.59539108374108,77.51126861572266,1561800,0.0,0.0
2024-09-06 00:00:00-04:00,77.6904571989958,78.27781092399219,76.43609865354402,76.56552124023438,864900,0.0,0.0
2024-09-09 00:00:00-04:00,76.98364073650752,77.64068064685233,76.45601582185516,77.54113006591797,830900,0.0,0.0
2024-09-10 00:00:00-04:00,77.79000870222164,78.45700593539071,77.36193437738342,78.32759094238281,556700,0.0,0.0
2024-09-11 00:00:00-04:00,78.12848858617599,78.21808182721736,76.28676872684437,78.10857391357422,593100,0.0,0.0
2024-09-12 00:00:00-04:00,78.0488515127556,79.06427963761247,77.53117631559498,79.04437255859375,982200,0.0,0.0
2024-09-13 00:00:00-04:00,79.39280056875576,80.22903457167281,79.0642768125144,79.61181640625,986200,0.0,0.0
2024-09-16 00:00:00-04:00,80.4580049446918,81.56303383523256,80.08965944943743,81.33406066894531,821000,0.0,0.0
2024-09-17 00:00:00-04:00,81.72231362164717,82.87712160442454,81.56303421432546,82.10061645507812,583600,0.0,0.0
2024-09-18 00:00:00-04:00,82.52869512995812,83.91246875779471,81.93138402938206,82.51873779296875,904200,0.0,0.0
2024-09-19 00:00:00-04:00,84.12152645998722,84.12152645998722,82.9866331011626,83.91246795654297,679500,0.0,0.0
2024-09-20 00:00:00-04:00,83.64367382564072,83.81291817356916,82.24995045603748,82.51873779296875,2338900,0.0,0.0
2024-09-23 00:00:00-04:00,82.92690434754131,83.82286719307395,82.70788850699861,83.6038589477539,668400,0.0,0.0
2024-09-24 00:00:00-04:00,83.66358955126334,85.38583670615985,83.46448078508672,85.35597229003906,940700,0.0,0.0
2024-09-25 00:00:00-04:00,85.5849432233023,85.73427289520492,84.77857362833986,85.45552062988281,805800,0.0,0.0
2024-09-26 00:00:00-04:00,86.54064345640363,89.50729946820536,86.3614493671643,88.90998077392578,1799400,0.0,0.0
2024-09-27 00:00:00-04:00,89.56702409971446,91.64765930949913,89.41769443314669,90.18424224853516,1631300,0.0,0.0
2024-09-30 00:00:00-04:00,90.19419825575125,90.43312116160504,89.07921963161874,89.42765045166016,1065800,0.0,0.0
2024-10-01 00:00:00-04:00,89.5570693256661,89.74622074841221,87.83482222827743,88.54164123535156,847600,0.0,0.0
2024-10-02 00:00:00-04:00,88.0239642490042,88.14342950226892,86.7397412584925,87.63571166992188,981900,0.0,0.0
2024-10-03 00:00:00-04:00,87.24745698368191,87.62575221705018,86.1722925159335,87.1180419921875,886000,0.0,0.0
2024-10-04 00:00:00-04:00,87.68549187919481,87.74522070897999,86.35148978395367,87.00853729248047,653500,0.0,0.0
2024-10-07 00:00:00-04:00,86.49086439680875,88.01401795348282,85.90351063451216,87.75518035888672,629900,0.0,0.0
2024-10-08 00:00:00-04:00,87.35697029275167,87.4764355505091,85.54512232382201,86.06278991699219,1536800,0.0,0.0
2024-10-09 00:00:00-04:00,86.59042316307887,87.48638602043782,86.46100056729203,87.28728485107422,635500,0.0,0.0
2024-10-10 00:00:00-04:00,86.6103253672232,86.99857794228608,85.77409138869466,85.87364196777344,808400,0.0,0.0
2024-10-11 00:00:00-04:00,79.98015707818642,82.82734787338622,79.14392304642175,80.5077896118164,2379100,0.0,0.0
2024-10-14 00:00:00-04:00,80.66706427704734,82.33953983726789,80.28876903666287,82.24994659423828,1345400,0.0,0.0
2024-10-15 00:00:00-04:00,82.13048588359324,82.63820374117239,80.5376537370166,80.5874252319336,1379200,0.0,0.0
2024-10-16 00:00:00-04:00,80.99558721369941,81.55307652977947,79.84077923585095,79.87065124511719,1158100,0.0,0.0
2024-10-17 00:00:00-04:00,79.51226407325575,79.87065223667712,77.8696529234449,78.39727783203125,1772800,0.0,0.0
2024-10-18 00:00:00-04:00,78.64615807911706,78.81539482428205,77.92938175227434,78.39727783203125,1032200,0.0,0.0
2024-10-21 00:00:00-04:00,78.4769208607071,79.24346867521099,77.7601445381868,78.2479476928711,1196600,0.0,0.0
2024-10-22 00:00:00-04:00,79.3032054219773,79.90051649477016,77.65063693885394,77.85969543457031,1549900,0.0,0.0
2024-10-23 00:00:00-04:00,77.64067779843747,79.8805999657855,76.88408733491544,76.95377349853516,1396300,0.0,0.0
2024-10-24 00:00:00-04:00,76.8542189747375,77.6506388212496,76.1872217205366,76.99359130859375,851400,0.0,0.0
2024-10-25 00:00:00-04:00,77.02346393945051,77.76014736651476,76.31664492770712,76.52570343017578,822000,0.0,0.0
2024-10-28 00:00:00-04:00,76.9836446189612,77.89952216210304,76.595392017081,76.65512084960938,710300,0.0,0.0
2024-10-29 00:00:00-04:00,75.71932412430904,76.69493803712044,75.17179213654201,76.00802612304688,877300,0.0,0.0
2024-10-30 00:00:00-04:00,75.72927909885709,76.5655206545017,75.37089094575542,75.56999969482422,917400,0.0,0.0
2024-10-31 00:00:00-04:00,75.41000366210938,75.83000183105469,74.80999755859375,75.0999984741211,1977500,0.34,0.0
2024-11-01 00:00:00-04:00,75.41000366210938,76.30999755859375,75.02999877929688,75.4000015258789,811300,0.0,0.0
2024-11-04 00:00:00-05:00,75.4000015258789,76.27999877929688,74.80000305175781,75.13999938964844,716400,0.0,0.0
2024-11-05 00:00:00-05:00,75.0,75.98999786376953,74.80000305175781,75.91999816894531,709000,0.0,0.0
2024-11-06 00:00:00-05:00,77.0,77.91999816894531,75.47000122070312,76.20999908447266,1422200,0.0,0.0
2024-11-07 00:00:00-05:00,76.26000213623047,76.66000366210938,75.66000366210938,76.02999877929688,1299000,0.0,0.0
2024-11-08 00:00:00-05:00,76.01000213623047,76.27999877929688,74.80999755859375,74.86000061035156,1289400,0.0,0.0
2024-11-11 00:00:00-05:00,75.08000183105469,75.70999908447266,74.69000244140625,75.0999984741211,1215100,0.0,0.0
2024-11-12 00:00:00-05:00,74.70999908447266,75.08000183105469,73.05000305175781,73.13999938964844,1323800,0.0,0.0
2024-11-13 00:00:00-05:00,73.37999725341797,73.5,72.62000274658203,73.11000061035156,1066400,0.0,0.0
2024-11-14 00:00:00-05:00,73.0,73.80000305175781,72.91000366210938,73.0,1002400,0.0,0.0
2024-11-15 00:00:00-05:00,72.77999877929688,73.27999877929688,72.1500015258789,72.2300033569336,1214400,0.0,0.0
2024-11-18 00:00:00-05:00,72.0,72.62999725341797,71.63999938964844,72.1500015258789,801700,0.0,0.0
2024-11-19 00:00:00-05:00,71.5199966430664,72.0,71.04000091552734,71.41000366210938,914200,0.0,0.0
2024-11-20 00:00:00-05:00,71.5,71.93000030517578,70.7300033569336,71.75,849600,0.0,0.0
2024-11-21 00:00:00-05:00,71.75,73.56999969482422,71.69000244140625,72.97000122070312,975900,0.0,0.0
2024-11-22 00:00:00-05:00,73.0999984741211,73.80000305175781,73.0,73.44000244140625,716600,0.0,0.0
2024-11-25 00:00:00-05:00,74.11000061035156,75.91000366210938,74.01000213623047,75.43000030517578,1303100,0.0,0.0
2024-11-26 00:00:00-05:00,74.52999877929688,74.58999633789062,73.75,73.9000015258789,850800,0.0,0.0
2024-11-27 00:00:00-05:00,74.2300033569336,74.93000030517578,74.01000213623047,74.0999984741211,609100,0.0,0.0
2024-11-29 00:00:00-05:00,74.19999694824219,74.66999816894531,74.05000305175781,74.48999786376953,381300,0.0,0.0
2024-12-02 00:00:00-05:00,74.62999725341797,74.86000061035156,73.75,74.6500015258789,841200,0.0,0.0
2024-12-03 00:00:00-05:00,74.6500015258789,74.6500015258789,73.23999786376953,74.0199966430664,1134100,0.0,0.0
2024-12-04 00:00:00-05:00,73.79000091552734,74.13999938964844,73.2300033569336,73.5999984741211,865200,0.0,0.0
2024-12-05 00:00:00-05:00,73.52999877929688,73.58000183105469,71.9800033569336,72.31999969482422,939100,0.0,0.0
2024-12-06 00:00:00-05:00,73.23999786376953,73.23999786376953,72.30999755859375,72.61000061035156,1066700,0.0,0.0
2024-12-09 00:00:00-05:00,72.77999877929688,74.41999816894531,72.77999877929688,73.88999938964844,1313900,0.0,0.0
2024-12-10 00:00:00-05:00,73.5999984741211,73.8499984741211,72.08000183105469,72.9800033569336,954600,0.0,0.0
2024-12-11 00:00:00-05:00,73.4000015258789,73.69000244140625,72.45999908447266,72.87999725341797,1084800,0.0,0.0
2024-12-12 00:00:00-05:00,72.66999816894531,73.1500015258789,72.19000244140625,72.62999725341797,864800,0.0,0.0
2024-12-13 00:00:00-05:00,72.27999877929688,72.81999969482422,72.08000183105469,72.48999786376953,981500,0.0,0.0
2024-12-16 00:00:00-05:00,72.12999725341797,73.4000015258789,71.80000305175781,71.88999938964844,767900,0.0,0.0
2024-12-17 00:00:00-05:00,71.66000366210938,72.20999908447266,70.76000213623047,70.80999755859375,1148900,0.0,0.0
2024-12-18 00:00:00-05:00,71.08000183105469,71.69999694824219,68.88999938964844,68.91000366210938,812600,0.0,0.0
2024-12-19 00:00:00-05:00,68.94000244140625,69.91999816894531,68.37999725341797,68.44000244140625,1300000,0.0,0.0
2024-12-20 00:00:00-05:00,68.23999786376953,69.41000366210938,68.06999969482422,68.72000122070312,2859700,0.0,0.0
2024-12-23 00:00:00-05:00,68.22000122070312,68.68000030517578,68.0999984741211,68.55999755859375,574400,0.0,0.0
2024-12-24 00:00:00-05:00,68.4800033569336,68.88999938964844,68.1500015258789,68.88999938964844,381800,0.0,0.0
2024-12-26 00:00:00-05:00,68.63999938964844,69.23999786376953,68.47000122070312,68.88999938964844,670600,0.0,0.0
2024-12-27 00:00:00-05:00,68.5999984741211,69.06999969482422,68.2300033569336,68.43000030517578,517900,0.0,0.0
2024-12-30 00:00:00-05:00,68.1500015258789,68.2300033569336,67.38999938964844,68.0199966430664,838900,0.0,0.0
2024-12-31 00:00:00-05:00,68.3499984741211,68.68000030517578,67.68000030517578,68.20999908447266,792000,0.0,0.0
2025-01-02 00:00:00-05:00,68.51000213623047,69.31999969482422,67.29000091552734,67.33000183105469,815300,0.0,0.0
2025-01-03 00:00:00-05:00,67.45999908447266,68.77999877929688,67.16999816894531,68.5999984741211,932800,0.0,0.0
2025-01-06 00:00:00-05:00,68.87000274658203,69.54000091552734,68.38999938964844,68.9000015258789,1531100,0.0,0.0
2025-01-07 00:00:00-05:00,68.72000122070312,69.33000183105469,67.95999908447266,68.30000305175781,943900,0.0,0.0
2025-01-08 00:00:00-05:00,67.87000274658203,68.76000213623047,67.29000091552734,68.68000030517578,977700,0.0,0.0
