Date,Open,High,Low,Close,Volume,Dividends,Stock Splits
2020-01-13 00:00:00-05:00,123.60312561356903,124.48434827840984,123.20691388108682,123.58946228027344,2500597,0.0,0.0
2020-01-14 00:00:00-05:00,123.5894277176595,124.70290180404493,123.10441692093745,123.8968276977539,3481795,0.0,0.0
2020-01-15 00:00:00-05:00,123.93101796935937,124.2315863621994,122.40083687262096,122.81069946289062,2968711,0.0,0.0
2020-01-16 00:00:00-05:00,123.4254998064683,123.78072149606373,122.7492147563815,123.65093231201172,2571280,0.0,0.0
2020-01-17 00:00:00-05:00,123.64411819454727,124.42969754271803,123.43918065738026,123.8832015991211,4413360,0.0,0.0
2020-01-21 00:00:00-05:00,124.22473844985564,124.26572844348544,122.02510419011668,122.54427337646484,4027769,0.0,0.0
2020-01-22 00:00:00-05:00,122.62629705904972,123.35039153847669,121.51280996793085,121.61527252197266,2894559,0.0,0.0
2020-01-23 00:00:00-05:00,120.95945567981062,121.89533166282973,120.49493975484259,121.41715240478516,2820646,0.0,0.0
2020-01-24 00:00:00-05:00,121.92949167698679,122.83119687320472,121.27370154644832,121.69722747802734,3161148,0.0,0.0
2020-01-27 00:00:00-05:00,122.865328582923,123.36400273940262,119.91426116841588,119.97574615478516,5216234,0.0,0.0
2020-01-28 00:00:00-05:00,117.42774465902322,117.72831305050009,112.74840219209543,113.11044311523438,10669157,0.0,0.0
2020-01-29 00:00:00-05:00,113.63644463525829,113.7184246333013,110.34383071142487,110.6648941040039,6391304,0.0,0.0
2020-01-30 00:00:00-05:00,109.98179106299929,111.10209724376608,108.45160977388943,111.01329803466797,5211092,0.0,0.0
2020-01-31 00:00:00-05:00,110.66490019516023,111.10892114269863,108.08954877972855,108.38328552246094,6865399,0.0,0.0
2020-02-03 00:00:00-05:00,109.31913366863182,109.51040782592793,106.82575042518766,106.9692153930664,4694898,0.0,0.0
2020-02-04 00:00:00-05:00,109.14155618523417,109.27134539594816,107.24932149613369,107.41326904296875,5219224,0.0,0.0
2020-02-05 00:00:00-05:00,108.69751208825367,110.89032745361328,108.410607026067,110.89032745361328,3729367,0.0,0.0
2020-02-06 00:00:00-05:00,112.3658417549468,112.71423177434059,110.98594500884151,111.2728500366211,4082905,0.0,0.0
2020-02-07 00:00:00-05:00,110.26186182742276,110.61025192113274,109.04591233303394,109.35332489013672,3272495,0.0,0.0
2020-02-10 00:00:00-05:00,109.44212067814219,110.15939584473121,108.52673963571426,109.40113067626953,3294741,0.0,0.0
2020-02-11 00:00:00-05:00,109.98178835471775,111.0201269681748,109.31233483637651,110.97230529785156,2721020,0.0,0.0
2020-02-12 00:00:00-05:00,112.1950844089447,112.7415803744443,111.73740011527984,111.89451599121094,3272734,0.0,0.0
2020-02-13 00:00:00-05:00,111.50158365444197,111.57739990937796,109.59910763855457,110.12297821044922,4083024,1.229097,0.0
2020-02-14 00:00:00-05:00,110.18500469315825,111.0742071953617,109.47503397687575,110.98460388183594,2671266,0.0,0.0
2020-02-18 00:00:00-05:00,110.5365780878758,110.65376813197537,108.93740445689659,109.51641082763672,2964764,0.0,0.0
2020-02-19 00:00:00-05:00,109.65427684858525,110.61240228041073,109.15796772394641,109.83349609375,2746494,0.0,0.0
2020-02-20 00:00:00-05:00,109.59911998573118,111.24654814194646,109.25446858590537,109.29582977294922,3917020,0.0,0.0
2020-02-21 00:00:00-05:00,109.13729560582446,109.31650226481548,107.61392578946811,108.1722640991211,4228219,0.0,0.0
2020-02-24 00:00:00-05:00,106.46279091063562,106.64201014370757,104.9256466567417,105.15311431884766,4348178,0.0,0.0
2020-02-25 00:00:00-05:00,105.6770069069752,105.76661024707239,100.61751902306187,101.22410583496094,6295026,0.0,0.0
2020-02-26 00:00:00-05:00,103.09900182587003,104.64993327564271,102.07883458970791,102.67852783203125,6161912,0.0,0.0
2020-02-27 00:00:00-05:00,104.24324280300515,107.13831222831048,102.70609846915538,103.50569152832031,9856954,0.0,0.0
2020-02-28 00:00:00-05:00,106.2146445034243,108.0275047726584,100.63818049704402,102.87152099609375,13753641,0.0,0.0
2020-03-02 00:00:00-05:00,104.31905747184558,105.75969854394073,102.27182969207067,105.47708892822266,9599455,0.0,0.0
2020-03-03 00:00:00-05:00,105.07730478876954,106.15262032048275,99.56288793670373,100.11432647705078,9922614,0.0,0.0
2020-03-04 00:00:00-05:00,101.34127873971465,106.15261152595791,100.63129530949793,106.13882446289062,6905465,0.0,0.0
2020-03-05 00:00:00-05:00,103.94685083042762,106.39387855076231,103.08522223731244,104.36732482910156,7040852,0.0,0.0
2020-03-06 00:00:00-05:00,103.11279515663944,106.66270639315594,101.92719566361963,105.91136169433594,8557500,0.0,0.0
2020-03-09 00:00:00-04:00,101.04487281042243,103.0231716394415,98.94939652818086,99.30094146728516,9800502,0.0,0.0
2020-03-10 00:00:00-04:00,102.71989466926604,105.72524828820154,99.86617989005872,105.67011260986328,6759433,0.0,0.0
2020-03-11 00:00:00-04:00,103.20929117130021,103.20929117130021,100.96216334215536,101.49292755126953,5678847,0.0,0.0
2020-03-12 00:00:00-04:00,96.47480148390774,97.68108141488875,89.84370862918944,92.0770492553711,9826097,0.0,0.0
2020-03-13 00:00:00-04:00,97.19857283381468,97.6673015518822,90.2986569065058,97.66040802001953,7870039,0.0,0.0
2020-03-16 00:00:00-04:00,89.51285378044257,93.40051654982234,88.23764469033404,90.23661804199219,8899197,0.0,0.0
2020-03-17 00:00:00-04:00,90.94658859895722,94.275918824071,89.34051535594091,92.66984558105469,7816338,0.0,0.0
2020-03-18 00:00:00-04:00,88.54781369731154,96.0681024526847,88.49955898076351,94.4482421875,8205038,0.0,0.0
2020-03-19 00:00:00-04:00,94.92388272722913,96.62645940311855,91.62901331230486,94.78601837158203,7613377,0.0,0.0
2020-03-20 00:00:00-04:00,95.17200424981779,95.9784844011723,84.5843152992474,86.08699798583984,11468683,0.0,0.0
2020-03-23 00:00:00-04:00,88.34102996849981,88.50646214952879,78.60808025566011,81.24810791015625,9489423,0.0,0.0
2020-03-24 00:00:00-04:00,84.29482151086744,91.98744299864231,83.40562512054784,91.4842529296875,11136793,0.0,0.0
2020-03-25 00:00:00-04:00,91.7806524051608,92.84218082802013,87.40358047839794,90.6708755493164,9260030,0.0,0.0
2020-03-26 00:00:00-04:00,90.84319953810554,94.00709786136704,90.0298256966069,93.8692398071289,8033532,0.0,0.0
2020-03-27 00:00:00-04:00,91.56007225774748,94.48271570532431,90.23660858178653,91.84268188476562,5097711,0.0,0.0
2020-03-30 00:00:00-04:00,91.16027006547048,95.13065469335281,90.340002753216,94.94454193115234,4627922,0.0,0.0
2020-03-31 00:00:00-04:00,93.53148461869144,96.11637038330876,93.52459108680829,94.09671020507812,4321985,0.0,0.0
2020-04-01 00:00:00-04:00,90.98795948725467,93.63488720555819,90.30555010558622,91.77376556396484,4518010,0.0,0.0
2020-04-02 00:00:00-04:00,91.23610983921058,95.26853044103812,91.0568905867099,95.06173706054688,4772399,0.0,0.0
2020-04-03 00:00:00-04:00,93.75204476291412,94.73775048802996,91.60831391050527,92.22179412841797,4291607,0.0,0.0
2020-04-06 00:00:00-04:00,95.02726161628256,97.36399894965342,94.36553291646725,96.9848861694336,6745081,0.0,0.0
2020-04-07 00:00:00-04:00,101.67215164644071,103.83656348709646,99.53531393423887,99.67317199707031,6573575,0.0,0.0
2020-04-08 00:00:00-04:00,100.45209067595661,103.20240888681423,99.19756210018906,102.69921875,3673036,0.0,0.0
2020-04-09 00:00:00-04:00,102.333872862485,103.20928847912738,101.01041542983262,101.86515045166016,5721305,0.0,0.0
2020-04-13 00:00:00-04:00,101.6721494501358,102.41659429483856,100.15568563287202,100.9139175415039,3160191,0.0,0.0
2020-04-14 00:00:00-04:00,103.1334591220552,104.07091017162148,102.05125649776505,103.49189758300781,3968806,0.0,0.0
2020-04-15 00:00:00-04:00,102.14777191797944,102.39592650505833,99.87996957972722,100.05918884277344,3640504,0.0,0.0
2020-04-16 00:00:00-04:00,100.1350162072169,100.94839646229934,98.72883616508643,99.87997436523438,4987798,0.0,0.0
2020-04-17 00:00:00-04:00,101.63078325993347,102.36144095955292,99.81102310750637,100.95526123046875,6450148,0.0,0.0
2020-04-20 00:00:00-04:00,99.77654920761833,101.34126747692262,99.01831743065247,99.0321044921875,3460028,0.0,0.0
2020-04-21 00:00:00-04:00,98.05329827111062,98.4117367339407,96.84701836951153,97.62593078613281,2787996,0.0,0.0
2020-04-22 00:00:00-04:00,98.81842746690056,99.5904463823473,97.68108283295344,98.99075317382812,3288522,0.0,0.0
2020-04-23 00:00:00-04:00,99.65938626169577,101.72728854982631,99.17687048636634,99.487060546875,3092019,0.0,0.0
2020-04-24 00:00:00-04:00,100.06606983433487,101.56185296343546,99.4732701499824,101.3274917602539,2687532,0.0,0.0
2020-04-27 00:00:00-04:00,102.0168052933083,106.49038066604076,101.94098272814392,105.91136169433594,5555300,0.0,0.0
2020-04-28 00:00:00-04:00,110.30912817385554,112.41149212180673,106.97979087776034,108.64100646972656,9919744,0.0,0.0
2020-04-29 00:00:00-04:00,109.2820381578299,110.44006329075819,106.95908178165062,107.7104263305664,4768572,0.0,0.0
2020-04-30 00:00:00-04:00,106.36630673085871,106.80056151308047,104.60168831480755,104.7188720703125,4386689,0.0,0.0
2020-05-01 00:00:00-04:00,102.91289756578759,103.42298119492418,101.83068851958129,102.43038177490234,3499974,0.0,0.0
2020-05-04 00:00:00-04:00,102.38902176908951,102.40280883238744,100.67955171451929,102.29251861572266,2666841,0.0,0.0
2020-05-05 00:00:00-04:00,103.3195844419503,103.39540700410355,101.39642739100881,101.6239013671875,2713963,0.0,0.0
2020-05-06 00:00:00-04:00,101.8720672799904,102.13400267172361,100.63131936341838,100.77607727050781,2593646,0.0,0.0
2020-05-07 00:00:00-04:00,101.81000838679283,101.91340507743286,99.8799640836279,100.45897674560547,3349757,0.0,0.0
2020-05-08 00:00:00-04:00,101.38263371542632,102.83017470308272,100.9001242460199,102.36833953857422,2594961,0.0,0.0
2020-05-11 00:00:00-04:00,101.89273501991597,101.9892318928369,100.35558423970355,100.45208740234375,3629382,0.0,0.0
2020-05-12 00:00:00-04:00,101.01731241992549,101.47914131495683,97.5018690595079,97.55011749267578,3623880,0.0,0.0
2020-05-13 00:00:00-04:00,96.99177766130784,97.0055584341655,93.0558543331906,93.82787322998047,5747976,0.0,0.0
2020-05-14 00:00:00-04:00,93.05585669413303,93.84855620489864,90.3813677575245,93.73826599121094,7053649,0.0,0.0
2020-05-15 00:00:00-04:00,92.73190137419967,95.72347438898086,92.50443366705909,95.59940338134766,12095985,0.0,0.0
2020-05-18 00:00:00-04:00,98.6805795868786,103.20240333200557,98.23253144474916,102.89221954345703,7196452,0.0,0.0
2020-05-19 00:00:00-04:00,102.36143311934872,104.53273803773935,101.58252076099645,102.27871704101562,4855640,0.0,0.0
2020-05-20 00:00:00-04:00,103.30579209733045,104.3811012662054,102.58891512493473,103.1748275756836,4100845,0.0,0.0
2020-05-21 00:00:00-04:00,102.8476429121823,103.47416984894832,101.1769065315071,101.50409698486328,3335764,1.229097,0.0
2020-05-22 00:00:00-04:00,101.45535595592361,102.0818828451532,100.66175607651304,101.94265747070312,3183034,0.0,0.0
2020-05-26 00:00:00-04:00,104.72024843635037,106.49540045289675,103.8639914659954,105.8688735961914,5521095,0.0,0.0
2020-05-27 00:00:00-04:00,107.1985007619608,110.10139854900542,106.74601514722653,110.09443664550781,7243335,0.0,0.0
2020-05-28 00:00:00-04:00,110.48428494304783,111.29180227972009,107.295961611624,109.16858673095703,8049917,0.0,0.0
2020-05-29 00:00:00-04:00,108.24966937925448,109.20337391042638,106.5441237530111,108.90403747558594,10324111,0.0,0.0
2020-06-01 00:00:00-04:00,108.5629468305851,109.67677531494584,107.82503577730124,108.30538177490234,2491746,0.0,0.0
2020-06-02 00:00:00-04:00,109.11985936161098,110.40772273244473,109.03631650970166,109.73941802978516,2791225,0.0,0.0
2020-06-03 00:00:00-04:00,110.92982216020171,112.53790782917675,110.35203487933374,112.22464752197266,4394463,0.0,0.0
2020-06-04 00:00:00-04:00,111.21523915914965,113.17835641592316,110.81147412012828,113.157470703125,3445317,0.0,0.0
2020-06-05 00:00:00-04:00,114.86298836459036,117.1950479913994,114.86298836459036,116.54067993164062,5414531,0.0,0.0
2020-06-08 00:00:00-04:00,116.32490602991912,118.02349648289236,115.05097907044666,116.164794921875,3573170,0.0,0.0
2020-06-09 00:00:00-04:00,115.19715136077394,116.92357650414323,114.22254832551431,116.04644012451172,3781274,0.0,0.0
2020-06-10 00:00:00-04:00,116.18567072763923,116.49196910784397,114.0346074577145,114.09725189208984,3051355,0.0,0.0
2020-06-11 00:00:00-04:00,111.42408325377143,111.55634673023086,106.02899494176596,106.07772827148438,5999854,0.0,0.0
2020-06-12 00:00:00-04:00,108.79266875092266,109.58626227550653,105.62523114808758,107.81110382080078,3586565,0.0,0.0
2020-06-15 00:00:00-04:00,105.0335157178015,111.11776884707501,104.76202051665655,109.80207061767578,4896185,0.0,0.0
2020-06-16 00:00:00-04:00,113.36627728410359,113.73523271998006,109.21728816247705,111.15255737304688,4050493,0.0,0.0
2020-06-17 00:00:00-04:00,111.52152541950079,111.98793484202747,110.66527480884855,110.83930969238281,2050662,0.0,0.0
2020-06-18 00:00:00-04:00,110.0387430280778,111.26394899071275,109.70459710228664,110.83233642578125,2160096,0.0,0.0
2020-06-19 00:00:00-04:00,112.3220806100981,112.83722335631086,108.92492578733352,110.09443664550781,7660619,0.0,0.0
2020-06-22 00:00:00-04:00,109.29390082526847,109.58627541608915,108.23576752947217,109.07809448242188,2416996,0.0,0.0
2020-06-23 00:00:00-04:00,109.96218462644087,110.45644171359554,108.76482602967336,109.87865447998047,2752953,0.0,0.0
2020-06-24 00:00:00-04:00,108.79964640386399,109.10594481178092,105.61132262778428,105.96635437011719,3639189,0.0,0.0
2020-06-25 00:00:00-04:00,105.84800348068183,107.93642228400147,104.49052744726265,107.67188262939453,2464597,0.0,0.0
2020-06-26 00:00:00-04:00,107.62315284018347,107.74845440053585,105.48600088958852,106.17517852783203,3380374,0.0,0.0
2020-06-29 00:00:00-04:00,107.13586190985501,108.95279199069876,106.84348732147775,108.29842376708984,2565540,0.0,0.0
2020-06-30 00:00:00-04:00,107.83896254155819,109.09201644475337,107.24028956056634,108.5907974243164,3518154,0.0,0.0
2020-07-01 00:00:00-04:00,108.83444579838394,109.85080759636607,108.11742047554061,108.2009506225586,1944218,0.0,0.0
2020-07-02 00:00:00-04:00,109.72548386756532,110.60262020882267,108.91796656299654,109.32173156738281,2371429,0.0,0.0
2020-07-06 00:00:00-04:00,110.59565982491294,111.35445651843054,109.32869497340072,110.05963134765625,2511002,0.0,0.0
2020-07-07 00:00:00-04:00,108.65346559134916,109.36351641419843,107.68582427120889,107.77632904052734,1879753,0.0,0.0
2020-07-08 00:00:00-04:00,107.950345565608,108.31928837269405,107.11496788499267,107.60923767089844,1987752,0.0,0.0
2020-07-09 00:00:00-04:00,107.14976862183791,107.7066827951921,105.14489284280717,105.43030548095703,2619240,0.0,0.0
2020-07-10 00:00:00-04:00,105.59739111347983,106.68337197599425,105.1100959174916,106.40491485595703,2337582,0.0,0.0
2020-07-13 00:00:00-04:00,107.44912224184269,109.2451536925654,107.31684606842255,107.76238250732422,2652489,0.0,0.0
2020-07-14 00:00:00-04:00,107.7623898778569,110.84628482495752,107.14978040851801,110.36595153808594,3825884,0.0,0.0
2020-07-15 00:00:00-04:00,111.36837918212251,112.34296947392275,110.86019832514332,110.9158935546875,4152871,0.0,0.0
2020-07-16 00:00:00-04:00,110.86020272214355,112.01578985159212,110.01787586289808,111.73037719726562,2154594,0.0,0.0
2020-07-17 00:00:00-04:00,111.98097434143712,112.4682821848009,111.04119358110049,111.26396179199219,3051833,0.0,0.0
2020-07-20 00:00:00-04:00,110.58174133671902,110.59566514491785,108.85531616210938,108.85531616210938,2140960,0.0,0.0
2020-07-21 00:00:00-04:00,109.29389296313082,111.12473403273766,109.286931058888,109.8508071899414,3297611,0.0,0.0
2020-07-22 00:00:00-04:00,109.59321570744612,111.33356450807227,109.3078030776566,110.4842758178711,2271922,0.0,0.0
2020-07-23 00:00:00-04:00,110.68617137666787,111.1386570365602,110.24063491676323,110.88805389404297,3223340,0.0,0.0
2020-07-24 00:00:00-04:00,111.41712234485009,112.49612858310594,110.49125259295332,111.27093505859375,3019541,0.0,0.0
2020-07-27 00:00:00-04:00,111.05509642268532,113.73522553419797,110.91587108123812,113.63777160644531,3825406,0.0,0.0
2020-07-28 00:00:00-04:00,108.2288016148443,109.62804278282468,107.06625249517192,108.13134765625,9255605,0.0,0.0
2020-07-29 00:00:00-04:00,108.94582445471596,109.66284978343154,107.84591979650303,108.77178955078125,3973949,0.0,0.0
2020-07-30 00:00:00-04:00,107.42127751718041,107.70669017488576,105.36766192031924,105.896728515625,3723148,0.0,0.0
2020-07-31 00:00:00-04:00,105.59040410473094,105.63913742400484,103.5855285621724,104.74807739257812,3906614,0.0,0.0
2020-08-03 00:00:00-04:00,105.17970069726444,105.40943082126228,103.94057708728187,104.70632934570312,2708820,0.0,0.0
2020-08-04 00:00:00-04:00,104.35131259197303,105.28413797294492,104.18423957902591,105.26325225830078,2314858,0.0,0.0
2020-08-05 00:00:00-04:00,105.92458007414128,108.18006556403385,105.88280864827722,108.14525604248047,3162702,0.0,0.0
2020-08-06 00:00:00-04:00,108.54901447552656,108.93885568478069,107.67884001069369,108.59774780273438,3451417,0.0,0.0
2020-08-07 00:00:00-04:00,108.59079342489373,110.28240914459161,107.95034903973513,110.21976470947266,2612423,0.0,0.0
2020-08-10 00:00:00-04:00,110.37289749420896,112.49611285656962,110.37289749420896,112.38473510742188,2718269,0.0,0.0
2020-08-11 00:00:00-04:00,114.25734939776963,116.00466012387189,113.4985654417872,113.73524475097656,4502342,0.0,0.0
2020-08-12 00:00:00-04:00,114.86300502348175,115.52433508209722,113.71436709664027,114.34786224365234,2486723,0.0,0.0
2020-08-13 00:00:00-04:00,115.22499061236756,116.59638396194933,114.6889621579367,115.461669921875,3449264,0.0,0.0
2020-08-14 00:00:00-04:00,114.59149861309956,115.76798410584745,114.52885418439364,115.62874603271484,1922331,0.0,0.0
2020-08-17 00:00:00-04:00,114.98135501464377,115.81672004288956,113.92322174413061,114.6611328125,2473448,0.0,0.0
2020-08-18 00:00:00-04:00,114.46620600538105,115.16930751288439,113.99979653651415,114.431396484375,1816844,0.0,0.0
2020-08-19 00:00:00-04:00,114.82122703346987,115.34333168739352,114.01370974224794,114.1459732055664,2407309,0.0,0.0
2020-08-20 00:00:00-04:00,113.48464624966608,113.93016997653035,113.03910981859792,113.44983673095703,2380399,0.0,0.0
2020-08-21 00:00:00-04:00,113.04942592172443,114.2857841121772,112.91595856737511,113.59735870361328,2398698,1.229097,0.0
2020-08-24 00:00:00-04:00,113.48495330035209,115.17089025414093,113.20395526149498,114.8758544921875,3114862,0.0,0.0
2020-08-25 00:00:00-04:00,115.81015737226363,116.08413018387772,114.09611905592712,114.57379913330078,2318446,0.0,0.0
2020-08-26 00:00:00-04:00,114.41223613083444,115.74694824976672,113.5833180236044,115.13578796386719,2994066,0.0,0.0
2020-08-27 00:00:00-04:00,115.55727091362398,116.16139306603831,114.62999904777472,115.26222229003906,2781776,0.0,0.0
2020-08-28 00:00:00-04:00,115.65560487938814,116.7303945817903,115.14982375234702,116.37213134765625,3643375,0.0,0.0
2020-08-31 00:00:00-04:00,116.02091704497658,116.43538253991439,113.86431192835371,114.51762390136719,3445796,0.0,0.0
2020-09-01 00:00:00-04:00,113.92050960866949,116.29488528901791,113.54819576927184,115.76802825927734,3469716,0.0,0.0
2020-09-02 00:00:00-04:00,116.02092214749375,119.420911078617,116.00687159993947,119.07669830322266,4716665,0.0,0.0
2020-09-03 00:00:00-04:00,119.42089154180606,119.7159273524937,115.90148635207566,116.8287582397461,4163635,0.0,0.0
2020-09-04 00:00:00-04:00,118.14239507007734,118.79569421924417,115.13579598144611,116.44943237304688,3907332,0.0,0.0
2020-09-08 00:00:00-04:00,116.31594848309582,116.35107484910554,113.7167896960012,114.62298583984375,3425224,0.0,0.0
2020-09-09 00:00:00-04:00,115.20603902359665,117.55230067240667,115.20603902359665,116.4002456665039,3255153,0.0,0.0
2020-09-10 00:00:00-04:00,116.77958024952609,117.08164133004331,114.32793960289368,114.60892486572266,2456823,0.0,0.0
2020-09-11 00:00:00-04:00,114.81264925161074,117.10272153493702,114.54571452390664,116.73040771484375,2031406,0.0,0.0
2020-09-14 00:00:00-04:00,117.7771050324218,119.02048867436625,116.91306051104914,118.3390884399414,2707983,0.0,0.0
2020-09-15 00:00:00-04:00,119.32955623451143,119.37170786788941,116.73039780713378,117.01138305664062,2459335,0.0,0.0
2020-09-16 00:00:00-04:00,117.92463032282832,120.19362709488865,117.67174610653674,119.07669830322266,3506313,0.0,0.0
2020-09-17 00:00:00-04:00,118.01596464754299,121.66883797341715,117.44695590332431,121.09280395507812,3296296,0.0,0.0
2020-09-18 00:00:00-04:00,120.86800003294665,121.37379409657301,119.04859517402444,119.10479736328125,4885062,0.0,0.0
2020-09-21 00:00:00-04:00,116.5969469366028,117.08165232944734,112.14324420942296,113.35150146484375,4678393,0.0,0.0
2020-09-22 00:00:00-04:00,113.14075144808841,114.97420645803027,112.69115967089645,114.03990936279297,2516145,0.0,0.0
2020-09-23 00:00:00-04:00,114.16637900794643,115.37463623297866,111.77795283022486,112.05192565917969,2688847,0.0,0.0
2020-09-24 00:00:00-04:00,111.97465077685924,113.77299252836319,111.04036635473955,112.69117736816406,1877361,0.0,0.0
2020-09-25 00:00:00-04:00,111.9114252844452,113.0845560631778,111.59530083905986,112.58580017089844,2330884,0.0,0.0
2020-09-28 00:00:00-04:00,113.80107941175042,115.30437231923104,113.33041180299708,113.5622329711914,2509806,0.0,0.0
2020-09-29 00:00:00-04:00,113.56927066837181,113.76596549626176,111.53912057095604,112.2626724243164,2400013,0.0,0.0
2020-09-30 00:00:00-04:00,113.04942470827986,114.57379340804636,111.41967692475816,112.52256774902344,3656052,0.0,0.0
2020-10-01 00:00:00-04:00,112.86678361005698,113.73082802184491,110.79448207625535,111.54613494873047,2378964,0.0,0.0
2020-10-02 00:00:00-04:00,109.91639880832064,113.7589412090048,109.76185561789097,112.6490249633789,2115246,0.0,0.0
2020-10-05 00:00:00-04:00,113.97671911094548,114.85481421688254,113.63250634221185,114.32795715332031,1742572,0.0,0.0
2020-10-06 00:00:00-04:00,114.81264033106825,116.40023648781298,113.68166123285059,113.962646484375,2418192,0.0,0.0
2020-10-07 00:00:00-04:00,115.97873626895368,117.84030507194977,115.49403098093991,116.95518493652344,2577858,0.0,0.0
2020-10-08 00:00:00-04:00,117.52419956794145,118.12129641427506,116.70229401546507,117.81221008300781,2275510,0.0,0.0
2020-10-09 00:00:00-04:00,118.6341276618,119.7580945088748,117.98082850210689,118.9291763305664,2410538,0.0,0.0
2020-10-12 00:00:00-04:00,119.0485680286958,119.84938494379163,118.10022040044063,118.4725341796875,1834186,0.0,0.0
2020-10-13 00:00:00-04:00,118.22670983590558,119.0345522590578,116.61101216975788,117.0535659790039,1884059,0.0,0.0
2020-10-14 00:00:00-04:00,117.32048483368747,119.09775054906518,117.16594166102507,118.29692077636719,1716619,0.0,0.0
2020-10-15 00:00:00-04:00,116.6461063585762,119.19608785844949,116.47048737418253,118.77459716796875,1959168,0.0,0.0
2020-10-16 00:00:00-04:00,119.37874310120517,120.87501083241493,118.87296191798606,120.102294921875,2964406,0.0,0.0
2020-10-19 00:00:00-04:00,120.1374356718204,121.07172014916013,118.62710439428328,119.10479736328125,2284240,0.0,0.0
2020-10-20 00:00:00-04:00,119.77213755679621,121.66179500201977,119.41387426845883,120.08824920654297,2168348,0.0,0.0
2020-10-21 00:00:00-04:00,119.65973005100679,120.90311361795158,118.7675844900952,118.83783721923828,1807276,0.0,0.0
2020-10-22 00:00:00-04:00,119.16800190794716,120.11634967207968,118.28990687443236,119.9196548461914,1989187,0.0,0.0
2020-10-23 00:00:00-04:00,120.76963015923197,120.95227441082456,118.73245512364018,119.28038787841797,2556450,0.0,0.0
2020-10-26 00:00:00-04:00,117.79114558017596,118.07915612290458,115.47999750608297,116.72338104248047,3993205,0.0,0.0
2020-10-27 00:00:00-04:00,115.55724902891264,115.89443640357439,112.85271194064885,113.11965942382812,4657702,0.0,0.0
2020-10-28 00:00:00-04:00,112.26265798988992,114.39817408988434,111.07546390206322,111.36348724365234,3665860,0.0,0.0
2020-10-29 00:00:00-04:00,111.06845448025715,112.52258348065993,109.67755293894724,111.32837677001953,3206356,0.0,0.0
2020-10-30 00:00:00-04:00,111.22299707352127,112.36802673339844,110.28869994551441,112.36802673339844,2672462,0.0,0.0
2020-11-02 00:00:00-05:00,113.93454592910955,114.7985903244116,113.04942571686843,114.4614028930664,2531454,0.0,0.0
2020-11-03 00:00:00-05:00,115.81016754843607,117.19404381378821,115.02340104714911,116.26678466796875,2268692,0.0,0.0
2020-11-04 00:00:00-05:00,114.32793167345459,116.1192478543103,112.32587015017356,112.50851440429688,3756516,0.0,0.0
2020-11-05 00:00:00-05:00,113.91347353499786,115.49404447436082,113.8151325395006,114.64405059814453,2605486,0.0,0.0
2020-11-06 00:00:00-05:00,114.96720294380374,115.4167948060824,113.4990361675352,114.51762390136719,2015260,0.0,0.0
2020-11-09 00:00:00-05:00,122.32210045512677,123.23532171732487,114.6089158602772,114.80561065673828,5284048,0.0,0.0
2020-11-10 00:00:00-05:00,116.04200942138851,118.90811628784283,115.10771201603389,118.81678771972656,4186478,0.0,0.0
2020-11-11 00:00:00-05:00,119.93367773118878,119.94070300263026,117.73492160806441,118.86591339111328,3449742,0.0,0.0
2020-11-12 00:00:00-05:00,118.1212952271405,118.85187223540397,116.31592852247086,117.34857940673828,2651173,0.0,0.0
2020-11-13 00:00:00-05:00,117.9597326458061,119.60353099598625,117.51015367524336,119.27336883544922,2167272,0.0,0.0
2020-11-16 00:00:00-05:00,121.26137654939012,122.15352210774502,119.54733816162208,122.1324462890625,2911423,0.0,0.0
2020-11-17 00:00:00-05:00,121.55641214575384,122.58202495918894,120.02500537790176,121.97789001464844,3097520,0.0,0.0
2020-11-18 00:00:00-05:00,122.58205421405486,122.72254687054905,120.35519625222739,120.40437316894531,3128497,0.0,0.0
2020-11-19 00:00:00-05:00,120.85782191565706,121.78602923304842,119.95797171132921,121.59471893310547,3571256,1.229097,0.0
2020-11-20 00:00:00-05:00,121.51681076837512,122.54421000796007,121.13419008849345,122.50169372558594,3177652,0.0,0.0
2020-11-23 00:00:00-05:00,123.11812336028778,123.89752377158881,122.89846886361802,123.38736724853516,2468903,0.0,0.0
2020-11-24 00:00:00-05:00,123.99673115676673,125.56971703696642,123.92587069474551,125.47051239013672,3690856,0.0,0.0
2020-11-25 00:00:00-05:00,125.30045161212442,125.65472803643249,124.31556884207373,125.49884796142578,2454431,0.0,0.0
2020-11-27 00:00:00-05:00,125.994826965186,127.2773106695511,124.40058312417939,125.33587646484375,1515452,0.0,0.0
2020-11-30 00:00:00-05:00,124.54230837550051,124.70527449491613,122.36704752708565,122.3883056640625,7344995,0.0,0.0
2020-12-01 00:00:00-05:00,123.44405361674107,124.48562478410838,120.46104810251227,120.8224105834961,4616082,0.0,0.0
2020-12-02 00:00:00-05:00,120.63819489869415,122.28202836410131,120.6098507129558,121.76478576660156,2896473,0.0,0.0
2020-12-03 00:00:00-05:00,121.19086442147052,122.85595598074663,121.19086442147052,121.7506103515625,2843849,0.0,0.0
2020-12-04 00:00:00-05:00,121.9631720139976,122.6929830132244,121.54513410127609,122.1969985961914,3185666,0.0,0.0
2020-12-07 00:00:00-05:00,121.67269644265795,122.22536934659239,119.87296971386351,120.56026458740234,3022053,0.0,0.0
2020-12-08 00:00:00-05:00,120.26973636409083,122.4591564310306,120.24139218070485,122.1969985961914,2070037,0.0,0.0
2020-12-09 00:00:00-05:00,122.34579995840244,124.450200532007,121.82147132656905,124.20220184326172,3337916,0.0,0.0
2020-12-10 00:00:00-05:00,123.90462335370533,124.28015797366092,122.35998152370759,122.92682647705078,2665645,0.0,0.0
2020-12-11 00:00:00-05:00,122.0836380717042,123.74874269004168,121.99153239421145,123.30236053466797,2243337,0.0,0.0
2020-12-14 00:00:00-05:00,124.47146351084216,124.84699811632743,122.5725452745179,122.63630676269531,4425320,0.0,0.0
2020-12-15 00:00:00-05:00,123.56450660720023,124.0392329043995,122.26076463800361,123.76998901367188,2715638,0.0,0.0
2020-12-16 00:00:00-05:00,123.72038654932169,124.59899161234807,123.5361622813932,124.2872314453125,2332080,0.0,0.0
2020-12-17 00:00:00-05:00,124.70527832975759,125.7397634433346,124.2730553927507,125.16583251953125,2784049,0.0,0.0
2020-12-18 00:00:00-05:00,125.2437889298648,125.73977338825077,124.07466885216039,125.00287628173828,5599672,0.0,0.0
2020-12-21 00:00:00-05:00,123.01180454861506,124.79735843648858,122.60085276414372,124.46434020996094,2038702,0.0,0.0
2020-12-22 00:00:00-05:00,124.03217113921971,124.65570452681031,123.4157367298707,123.84087371826172,1651915,0.0,0.0
2020-12-23 00:00:00-05:00,124.20928423244501,124.5706467201461,123.2598316445276,123.28108978271484,2108070,0.0,0.0
2020-12-24 00:00:00-05:00,123.58574812996201,123.8479188700722,122.87719533710984,123.65660858154297,784815,0.0,0.0
2020-12-28 00:00:00-05:00,124.21636847217569,124.98869575878372,123.56450396687693,123.79124450683594,1677988,0.0,0.0
2020-12-29 00:00:00-05:00,124.3864143734098,124.45018878382888,122.68589273630252,123.18187713623047,1457804,0.0,0.0
2020-12-30 00:00:00-05:00,123.20313800425527,123.94003504025098,122.84886157777582,123.36610412597656,1697244,0.0,0.0
2020-12-31 00:00:00-05:00,123.37316889749671,123.90458344557975,122.70713243394314,123.84790802001953,2202195,0.0,0.0
2021-01-04 00:00:00-05:00,123.99671530225585,124.84697608408783,120.84364496807206,121.77893829345703,3583455,0.0,0.0
2021-01-05 00:00:00-05:00,121.87814282728806,122.75674778958123,120.9145053215119,121.57345581054688,2745179,0.0,0.0
2021-01-06 00:00:00-05:00,122.38121183675361,124.40057955226939,121.8993995548019,123.42278289794922,4002294,0.0,0.0
2021-01-07 00:00:00-05:00,121.55929079195008,122.90554896024219,117.73311058888899,120.25556182861328,7012626,0.0,0.0
2021-01-08 00:00:00-05:00,119.86585624714999,120.12802700974387,116.6348521312766,118.05904388427734,5750488,0.0,0.0
2021-01-11 00:00:00-05:00,117.69059461356258,118.42749164553237,116.9111942380102,117.05290222167969,3272974,0.0,0.0
2021-01-12 00:00:00-05:00,117.54886388711206,118.45581291016124,116.25929433066455,117.98108673095703,3527124,0.0,0.0
2021-01-13 00:00:00-05:00,118.51960489428754,118.85262316664979,117.65517200907792,117.8181381225586,2509208,0.0,0.0
2021-01-14 00:00:00-05:00,118.51962427341718,118.58338576171104,117.07417422120858,117.91026306152344,3462898,0.0,0.0
2021-01-15 00:00:00-05:00,117.35758638959052,117.8039814467792,115.76334234243653,117.30091094970703,4246637,0.0,0.0
2021-01-19 00:00:00-05:00,118.51252797699345,120.13511612211461,118.18659572492804,119.83042907714844,4668227,0.0,0.0
2021-01-20 00:00:00-05:00,119.77374406252673,120.86490453587356,119.34152115582422,120.60983276367188,3196071,0.0,0.0
2021-01-21 00:00:00-05:00,120.6098418446877,121.50970502200607,120.02173882608447,120.9286880493164,3215087,0.0,0.0
2021-01-22 00:00:00-05:00,120.59569000364732,120.59569000364732,118.4983752299352,119.77377319335938,2809763,0.0,0.0
2021-01-25 00:00:00-05:00,119.66038547320821,122.21826721273827,119.19983124591974,120.73030090332031,4010308,0.0,0.0
2021-01-26 00:00:00-05:00,123.13228249821263,125.30044426040335,121.92773238164716,124.66983795166016,6158084,0.0,0.0
2021-01-27 00:00:00-05:00,125.63349876797191,132.69068469290534,125.5272209885546,132.2513885498047,9684012,0.0,0.0
2021-01-28 00:00:00-05:00,131.08228649535695,132.20179150528259,129.36757934621568,129.9627685546875,4967825,0.0,0.0
2021-01-29 00:00:00-05:00,129.16203853421382,129.65094973810486,123.90458149255181,124.46434020996094,5043771,0.0,0.0
2021-02-01 00:00:00-05:00,124.68401228551608,125.4917568105527,123.26690664593337,123.78414916992188,3073361,0.0,0.0
2021-02-02 00:00:00-05:00,124.8824137449936,125.78936294318619,123.89043199818589,124.01089477539062,3401902,0.0,0.0
2021-02-03 00:00:00-05:00,124.26595443010855,125.725576259604,122.96931163621696,124.3368148803711,3437543,0.0,0.0
2021-02-04 00:00:00-05:00,124.55648795478675,125.61931739341888,124.35810450529537,125.48469543457031,2192268,0.0,0.0
2021-02-05 00:00:00-05:00,125.83893739200853,126.99388512246482,125.20124507606793,126.83800506591797,2179590,0.0,0.0
2021-02-08 00:00:00-05:00,127.04347451375257,128.15590597501821,126.9513688610896,128.07797241210938,2816700,0.0,0.0
2021-02-09 00:00:00-05:00,128.40393225720064,128.88574462034674,127.66703515430568,128.20553588867188,2323589,0.0,0.0
2021-02-10 00:00:00-05:00,128.87157822138798,129.22585469568318,127.99297308236551,128.3047332763672,2307084,0.0,0.0
2021-02-11 00:00:00-05:00,128.1261361691969,128.50476538984822,125.61862041529758,126.59734344482422,2617326,1.237458,0.0
2021-02-12 00:00:00-05:00,126.64021229316678,127.7617980583392,126.59734565522042,127.66178894042969,1293474,0.0,0.0
2021-02-16 00:00:00-05:00,127.8760826527675,128.36900977533534,125.96150359334835,126.18296813964844,2193464,0.0,0.0
2021-02-17 00:00:00-05:00,125.76862537951965,126.661615026523,125.11853360992808,126.197265625,1887408,0.0,0.0
2021-02-18 00:00:00-05:00,126.6259227716729,128.3547467870884,125.84008656250299,128.1404266357422,2496172,0.0,0.0
2021-02-19 00:00:00-05:00,128.28330921447554,129.14058986546056,125.87581545615393,126.11871337890625,3572213,0.0,0.0
2021-02-22 00:00:00-05:00,126.06152426182543,126.51158475007611,125.02565896147286,125.8186264038086,2716714,0.0,0.0
2021-02-23 00:00:00-05:00,126.83306470268452,126.83306470268452,124.8113450680351,125.85435485839844,2813351,0.0,0.0
2021-02-24 00:00:00-05:00,125.7328868969994,127.14738112494625,124.13265034430732,126.8973388671875,3280150,0.0,0.0
2021-02-25 00:00:00-05:00,126.81879042749632,129.12627459143525,126.75449048062588,127.70463562011719,3150623,0.0,0.0
2021-02-26 00:00:00-05:00,128.19041317068363,128.1975576089373,124.73989720278637,125.06137084960938,4022507,0.0,0.0
2021-03-01 00:00:00-05:00,125.51859421578584,126.80450189561915,125.51859421578584,126.02581024169922,2200640,0.0,0.0
2021-03-02 00:00:00-05:00,126.44729549653859,127.01165394657299,124.868492041985,126.52587127685547,2717790,0.0,0.0
2021-03-03 00:00:00-05:00,126.75449117809758,128.6047703974733,126.30441762212114,127.20455169677734,2712289,0.0,0.0
2021-03-04 00:00:00-05:00,128.0832241483801,128.71903992963232,124.35410181676626,126.8973388671875,4228697,0.0,0.0
2021-03-05 00:00:00-05:00,127.48315951377755,129.70491021395136,126.41157205345958,129.16197204589844,2706309,0.0,0.0
2021-03-08 00:00:00-05:00,129.29770948377805,132.66249184411254,129.25484285869607,131.28370666503906,3079580,0.0,0.0
2021-03-09 00:00:00-05:00,131.09084878896238,131.55519817165316,129.31914540684804,129.43345642089844,3399152,0.0,0.0
2021-03-10 00:00:00-05:00,130.2835853822491,132.4339049852296,129.59777141564882,131.8123779296875,2835357,0.0,0.0
2021-03-11 00:00:00-05:00,130.82651895488385,132.21243571616105,130.0906939435345,131.85523986816406,2843251,0.0,0.0
2021-03-12 00:00:00-05:00,132.5982127987556,133.02685304252267,131.64092320756745,132.10528564453125,3219154,0.0,0.0
2021-03-15 00:00:00-04:00,132.89823821154351,135.4700533105246,132.66964227536832,135.36289978027344,3946800,0.0,0.0
2021-03-16 00:00:00-04:00,134.30559980130994,134.6342309329585,132.86254056900214,133.4840545654297,2707744,0.0,0.0
2021-03-17 00:00:00-04:00,133.82696955601062,135.7272468887368,133.62693830457147,134.51992797851562,3091780,0.0,0.0
2021-03-18 00:00:00-04:00,134.73425643883635,137.22748324116193,134.73425643883635,136.44879150390625,3648398,0.0,0.0
2021-03-19 00:00:00-04:00,136.16304574312315,136.44879725357643,134.79856207289592,134.81285095214844,7987964,0.0,0.0
2021-03-22 00:00:00-04:00,134.49133381673352,135.56292129474633,133.59834425172284,135.3557586669922,3115939,0.0,0.0
2021-03-23 00:00:00-04:00,134.85569582576576,136.9560175296852,134.23418176769505,134.54136657714844,3311365,0.0,0.0
2021-03-24 00:00:00-04:00,134.6128147376709,137.6918334321704,134.36277239723051,136.2273406982422,3383723,0.0,0.0
2021-03-25 00:00:00-04:00,136.90602560449915,138.13477805147528,135.85587112430386,137.94903564453125,2656316,0.0,0.0
2021-03-26 00:00:00-04:00,137.88470804936395,139.2706379021744,137.31320510004082,139.2206268310547,3202410,0.0,0.0
2021-03-29 00:00:00-04:00,138.3204878333916,140.5350942767449,138.2418990101326,139.83499145507812,3111753,0.0,0.0
2021-03-30 00:00:00-04:00,139.2920639294452,140.47081814498776,138.50624082304765,139.04917907714844,2244533,0.0,0.0
2021-03-31 00:00:00-04:00,138.54910567686778,138.89915711005983,137.19889797934323,137.6489715576172,2902572,0.0,0.0
2021-04-01 00:00:00-04:00,138.05617409703663,138.53482546097626,136.334494579165,137.66326904296875,2274912,0.0,0.0
2021-04-05 00:00:00-04:00,138.513380131102,139.98503021761036,138.38479327069066,139.28492736816406,2347748,0.0,0.0
2021-04-06 00:00:00-04:00,139.30636037125774,139.74214510092395,138.5848241396223,139.1920623779297,1761349,0.0,0.0
2021-04-07 00:00:00-04:00,138.70627356437623,139.55639663111677,138.53482006320758,139.27064514160156,1795794,0.0,0.0
2021-04-08 00:00:00-04:00,138.89201261270705,140.49939403660005,138.61339253167907,139.8207244873047,2860593,0.0,0.0
2021-04-09 00:00:00-04:00,140.06359198437232,142.13532257025582,140.06359198437232,141.4495086669922,2582882,0.0,0.0
2021-04-12 00:00:00-04:00,141.59242570563003,142.37110442171158,140.77801175488443,141.32809448242188,2011792,0.0,0.0
2021-04-13 00:00:00-04:00,140.0278730057909,140.97087366305468,139.57066807222736,140.3564910888672,2702601,0.0,0.0
2021-04-14 00:00:00-04:00,139.69925117891975,141.01373651329408,139.32062203851905,140.5565185546875,1883700,0.0,0.0
2021-04-15 00:00:00-04:00,140.93512722735838,141.3137563127715,139.95641758470416,141.0780029296875,1748074,0.0,0.0
2021-04-16 00:00:00-04:00,141.9638854496479,142.6425680303498,141.43523608520354,141.86387634277344,3312322,0.0,0.0
2021-04-19 00:00:00-04:00,141.52809525104766,141.94244657660084,140.49937441239373,141.87100219726562,2631798,0.0,0.0
2021-04-20 00:00:00-04:00,142.12103628614423,142.4139321499252,141.0494488817282,141.663818359375,1977108,0.0,0.0
2021-04-21 00:00:00-04:00,141.66383849706773,143.94988934399467,141.53525164070155,143.50697326660156,3168204,0.0,0.0
2021-04-22 00:00:00-04:00,143.35694645172757,144.42853395881573,143.00689505423728,143.52125549316406,2650097,0.0,0.0
2021-04-23 00:00:00-04:00,143.59269896008186,145.13579344442692,143.58555452127297,144.44996643066406,2229464,0.0,0.0
2021-04-26 00:00:00-04:00,145.00720304874307,145.01434748802018,142.57827621670043,142.61399841308594,3084364,0.0,0.0
2021-04-27 00:00:00-04:00,136.8131153907616,139.92072448964467,134.75567355997015,138.91343688964844,6249100,0.0,0.0
2021-04-28 00:00:00-04:00,139.30635517254092,140.95660327993875,139.17062386603575,139.9707489013672,3010212,0.0,0.0
2021-04-29 00:00:00-04:00,140.5993787709605,142.45680219816512,140.21360521013378,142.19961547851562,2256852,0.0,0.0
2021-04-30 00:00:00-04:00,141.20662875970746,142.15676082914257,140.1136079243758,140.83514404296875,2998492,0.0,0.0
2021-05-03 00:00:00-04:00,141.44238578960844,142.49968455785765,140.49225360838983,141.88531494140625,2128641,0.0,0.0
2021-05-04 00:00:00-04:00,141.7995783309342,142.56398115121885,141.1209087782541,142.43539428710938,2247284,0.0,0.0
2021-05-05 00:00:00-04:00,142.87832458882812,144.1070769521785,141.36382071299576,143.9070587158203,2414126,0.0,0.0
2021-05-06 00:00:00-04:00,143.79272145764313,144.67142219117085,143.20692966015554,144.59999084472656,2201358,0.0,0.0
2021-05-07 00:00:00-04:00,144.52854921188418,145.6430033956716,143.76414644049578,145.0714874267578,2204946,0.0,0.0
2021-05-10 00:00:00-04:00,146.4502550860787,149.27209961072663,145.77873003675617,148.1147918701172,3842389,0.0,0.0
2021-05-11 00:00:00-04:00,147.59329786205623,147.81476242781923,144.59285519658283,145.5358428955078,3052790,0.0,0.0
2021-05-12 00:00:00-04:00,145.44297219081858,145.521547977152,141.99960053675682,142.071044921875,2667798,0.0,0.0
2021-05-13 00:00:00-04:00,141.90671266800123,145.76442201302405,141.72811477170768,145.31436157226562,2014423,0.0,0.0
2021-05-14 00:00:00-04:00,145.73587908969517,146.53600411419492,145.02863177285582,146.00735473632812,1764578,0.0,0.0
2021-05-17 00:00:00-04:00,146.16449884546367,146.70029258718813,145.51440713226444,146.52883911132812,1833109,0.0,0.0
2021-05-18 00:00:00-04:00,146.44311334553902,146.57885767539747,144.88574310704084,145.04290771484375,2119073,0.0,0.0
2021-05-19 00:00:00-04:00,144.24280585919792,144.80716438404818,142.3996709929028,144.73573303222656,2655359,0.0,0.0
2021-05-20 00:00:00-04:00,144.7141352638641,145.5057541574644,144.2895377651897,145.1171417236328,1689350,1.237458,0.0
2021-05-21 00:00:00-04:00,145.16032482424066,146.6356075607824,144.7069523627145,145.26828002929688,1838491,0.0,0.0
2021-05-24 00:00:00-04:00,145.94474403994852,146.46288961477558,145.31145938179424,145.80801391601562,1828923,0.0,0.0
2021-05-25 00:00:00-04:00,145.98070042799307,146.08864247657857,144.9156214334454,145.16029357910156,1817202,0.0,0.0
2021-05-26 00:00:00-04:00,144.79329698605105,145.2178813355954,144.14560524283354,145.06675720214844,2209371,0.0,0.0
2021-05-27 00:00:00-04:00,146.0886526281726,146.79390733213117,145.81519241502875,146.26136779785156,2939290,0.0,0.0
2021-05-28 00:00:00-04:00,146.72197190756086,147.08899333873578,145.94474696313472,146.11746215820312,2082475,0.0,0.0
2021-06-01 00:00:00-04:00,147.51356826719265,147.59273541257866,145.76482538784109,146.23260498046875,1874491,0.0,0.0
2021-06-02 00:00:00-04:00,146.6140208844905,146.78673608448554,145.62810878171285,146.29737854003906,2245370,0.0,0.0
2021-06-03 00:00:00-04:00,145.7288484969468,147.2904953867365,145.23229395683123,146.5708465576172,2274912,0.0,0.0
2021-06-04 00:00:00-04:00,146.8874843204374,148.3339789472928,146.64279899818445,148.28359985351562,2234846,0.0,0.0
2021-06-07 00:00:00-04:00,148.4994844295123,148.8305207509954,146.3117501427292,146.61399841308594,1831196,0.0,0.0
2021-06-08 00:00:00-04:00,145.36899846428972,146.83708391829305,144.75010793492547,146.51324462890625,2034874,0.0,0.0
2021-06-09 00:00:00-04:00,146.4916506354595,146.4988476476666,145.32582659054802,145.9015350341797,2042290,0.0,0.0
2021-06-10 00:00:00-04:00,146.91624791149513,147.5063503788272,145.93032290648569,146.1822052001953,2335908,0.0,0.0
2021-06-11 00:00:00-04:00,146.6356138683931,147.456020929164,145.02360093600853,145.9519500732422,2028775,0.0,0.0
2021-06-14 00:00:00-04:00,145.57773229474031,146.51327845033668,144.2319957400741,144.90846252441406,2088096,0.0,0.0
2021-06-15 00:00:00-04:00,145.22507695693514,145.26825903271623,143.59147328899647,144.3686981201172,2045040,0.0,0.0
2021-06-16 00:00:00-04:00,144.33990315020446,144.6421513997134,141.63402352949205,141.70599365234375,2654761,0.0,0.0
2021-06-17 00:00:00-04:00,141.62681722854566,142.13056865576647,138.89214973804698,140.4322052001953,3091540,0.0,0.0
2021-06-18 00:00:00-04:00,138.9209498048314,139.30236519746222,137.83427972642568,137.88465881347656,6045302,0.0,0.0
2021-06-21 00:00:00-04:00,139.31678282653206,141.5045173788792,139.31678282653206,140.4826202392578,3023966,0.0,0.0
2021-06-22 00:00:00-04:00,140.15153487271567,141.08708074225908,139.68376850456062,140.4322052001953,2120030,0.0,0.0
2021-06-23 00:00:00-04:00,140.187550034555,140.63373859631488,138.37403400055322,138.43161010742188,3559894,0.0,0.0
2021-06-24 00:00:00-04:00,139.10805745860512,139.42469973581635,137.91344534008957,139.0792694091797,2621393,0.0,0.0
2021-06-25 00:00:00-04:00,139.19442641591107,140.56895075758973,139.10806226465098,140.15155029296875,7385898,0.0,0.0
2021-06-28 00:00:00-04:00,140.8784101207119,141.7132111334324,139.89249809464482,141.41094970703125,2512198,0.0,0.0
2021-06-29 00:00:00-04:00,141.19502680523053,142.36804772242218,140.84959652696352,141.0726776123047,2222168,0.0,0.0
2021-06-30 00:00:00-04:00,140.97917684761083,143.1956863538221,140.72009748546313,142.94381713867188,3100032,0.0,0.0
2021-07-01 00:00:00-04:00,143.53392064868675,143.69224180470746,142.31050721293767,143.27484130859375,2222048,0.0,0.0
2021-07-02 00:00:00-04:00,143.0157696416941,144.1384249536045,142.44725810544114,143.85057067871094,1929028,0.0,0.0
2021-07-06 00:00:00-04:00,141.3461895004709,142.3321015250043,140.15876110315955,141.69161987304688,3045494,0.0,0.0
2021-07-07 00:00:00-04:00,141.14469044521553,143.97290662948828,141.14469044521553,143.8289794921875,2027220,0.0,0.0
2021-07-08 00:00:00-04:00,142.85024106639275,143.6058748995356,142.00105919735108,142.68472290039062,2591852,0.0,0.0
2021-07-09 00:00:00-04:00,143.71383535992754,145.2970600810856,143.3899828958332,144.6493682861328,2925536,0.0,0.0
2021-07-12 00:00:00-04:00,142.5623804014855,144.98039279892313,142.41845328098668,143.91531372070312,2588144,0.0,0.0
2021-07-13 00:00:00-04:00,143.99448833539768,144.74292516072668,143.31802164067165,143.64186096191406,2019207,0.0,0.0
2021-07-14 00:00:00-04:00,144.34711413079364,146.2182061736603,143.93691065731224,145.96632385253906,2939409,0.0,0.0
2021-07-15 00:00:00-04:00,144.95885211687946,145.92317326510593,144.3111602084671,145.79364013671875,2557885,0.0,0.0
2021-07-16 00:00:00-04:00,146.1749852530474,146.23974521943808,143.14526685786777,143.47630310058594,2959024,0.0,0.0
2021-07-19 00:00:00-04:00,142.33928524736294,142.8790217957694,140.41063032502962,142.17376708984375,3762975,0.0,0.0
2021-07-20 00:00:00-04:00,142.73506323974954,145.5272933979166,142.54075707445907,144.51979064941406,3328827,0.0,0.0
2021-07-21 00:00:00-04:00,144.74290498441485,146.0022901617676,143.90090710667153,144.48382568359375,2390924,0.0,0.0
2021-07-22 00:00:00-04:00,145.01637676159226,145.11713493844098,142.97977978553817,143.26043701171875,2033798,0.0,0.0
2021-07-23 00:00:00-04:00,144.29675791984712,144.67817340187992,143.16691863523178,144.28236389160156,1878557,0.0,0.0
2021-07-26 00:00:00-04:00,144.25354774267007,145.90154545671433,143.87934248087157,145.13153076171875,2881403,0.0,0.0
2021-07-27 00:00:00-04:00,141.9219038897713,144.6925571312743,140.26672209171653,144.26795959472656,3587880,0.0,0.0
2021-07-28 00:00:00-04:00,143.44033121824998,144.19596491698005,142.56236145334097,142.69189453125,2558364,0.0,0.0
2021-07-29 00:00:00-04:00,143.92974153368885,143.92974153368885,142.44727477133563,142.61279296875,2535759,0.0,0.0
2021-07-30 00:00:00-04:00,142.49040404842086,143.38276791640297,141.91469559158148,142.44723510742188,2284719,0.0,0.0
2021-08-02 00:00:00-04:00,143.26044725196448,144.43348159542907,142.0874260417356,142.14498901367188,1593670,0.0,0.0
2021-08-03 00:00:00-04:00,142.87903449797088,145.52014137367044,142.05864065008188,144.67095947265625,2641007,0.0,0.0
2021-08-04 00:00:00-04:00,144.21758954417405,144.5126408273678,141.91471598616752,142.15219116210938,2460172,0.0,0.0
2021-08-05 00:00:00-04:00,142.88623318474268,143.29643668010945,141.97947516685804,142.34649658203125,1883939,0.0,0.0
2021-08-06 00:00:00-04:00,142.61996944169803,143.38998420285589,142.16658386777482,142.583984375,1334975,0.0,0.0
2021-08-09 00:00:00-04:00,142.23852131917056,142.5983456370024,141.61242070219132,142.0802001953125,1427187,0.0,0.0
2021-08-10 00:00:00-04:00,142.66313831686807,143.5626993176872,142.27453899643248,143.38998413085938,1911686,0.0,0.0
2021-08-11 00:00:00-04:00,143.9297331792379,145.20351271722058,143.43317861581744,145.05958557128906,2652010,0.0,0.0
2021-08-12 00:00:00-04:00,144.99478845892443,145.63528319555542,144.18878869510357,144.9588165283203,1473233,0.0,0.0
2021-08-13 00:00:00-04:00,144.81487335436972,145.16030369379328,144.13840670076812,144.34710693359375,2285197,0.0,0.0
2021-08-16 00:00:00-04:00,144.71415242408835,145.9231588135233,144.20320384243823,145.5993194580078,1921972,0.0,0.0
2021-08-17 00:00:00-04:00,145.36898677189382,145.36898677189382,142.20253798976623,143.60585021972656,2736328,0.0,0.0
2021-08-18 00:00:00-04:00,142.9006007508064,143.07331590636323,141.27419423046553,141.41812133789062,2530856,0.0,0.0
2021-08-19 00:00:00-04:00,140.33143586529968,141.21660258169723,139.83488148941464,140.59051513671875,2766109,0.0,0.0
2021-08-20 00:00:00-04:00,140.92410099290956,141.4969654514437,140.22071464302834,140.7935791015625,2867290,1.237458,0.0
2021-08-23 00:00:00-04:00,141.40272084210193,142.30189684134072,140.44554245269634,141.17068481445312,2361263,0.0,0.0
2021-08-24 00:00:00-04:00,141.27216868913348,142.2003523015633,140.9241014886583,141.22140502929688,1665310,0.0,0.0
2021-08-25 00:00:00-04:00,141.05463994912986,141.4389669517753,139.74939441077416,140.9241180419922,1928670,0.0,0.0
2021-08-26 00:00:00-04:00,140.81534596368667,141.68551402983735,140.43101897749327,141.63475036621094,1742931,0.0,0.0
2021-08-27 00:00:00-04:00,142.12786269705342,142.60646512354037,140.7646014138874,141.43898010253906,2567214,0.0,0.0
2021-08-30 00:00:00-04:00,141.5332540104479,143.06329696154233,141.2359371768631,142.2511444091797,1511624,0.0,0.0
2021-08-31 00:00:00-04:00,142.01908614523586,142.12060024528478,140.78634687240907,141.21417236328125,3365424,0.0,0.0
2021-09-01 00:00:00-04:00,141.0763694992068,141.22139528381547,139.9088980379458,140.27146911621094,2302778,0.0,0.0
2021-09-02 00:00:00-04:00,140.72834706650954,141.34472338892837,140.29326957435325,141.32296752929688,2505022,0.0,0.0
2021-09-03 00:00:00-04:00,141.01113658884728,141.84504490210168,140.40926427280948,140.9603729248047,1751542,0.0,0.0
2021-09-07 00:00:00-04:00,139.8944179973161,141.09089746627455,134.55736499220095,134.57186889648438,7035231,0.0,0.0
2021-09-08 00:00:00-04:00,134.6153781416139,136.6167713276571,134.16578358404774,136.2469482421875,4374131,0.0,0.0
2021-09-09 00:00:00-04:00,135.99315355300905,136.6965400176832,134.19480165222583,134.69515991210938,3634046,0.0,0.0
2021-09-10 00:00:00-04:00,135.50004821980917,135.76835720688376,133.78871990461732,133.82496643066406,2668874,0.0,0.0
2021-09-13 00:00:00-04:00,134.36881988664635,136.26869890566033,133.13608072655126,134.3180694580078,6035614,0.0,0.0
2021-09-14 00:00:00-04:00,134.62263456669223,134.87643966194352,131.7438212593786,132.28042602539062,3975624,0.0,0.0
2021-09-15 00:00:00-04:00,132.57048299533673,134.23106102609677,132.2151637877476,133.56393432617188,3055182,0.0,0.0
2021-09-16 00:00:00-04:00,133.53491394075104,133.86122530744186,131.8453282589338,132.45445251464844,3054106,0.0,0.0
2021-09-17 00:00:00-04:00,131.31599895003322,132.45447619454447,130.0977634542995,131.60606384277344,12820283,0.0,0.0
2021-09-20 00:00:00-04:00,129.5393686739287,131.7873147587886,129.28556361375533,130.90988159179688,4965912,0.0,0.0
2021-09-21 00:00:00-04:00,131.22895224157625,131.3087104706123,128.85773625462306,129.3798370361328,3564200,0.0,0.0
2021-09-22 00:00:00-04:00,130.02521892205993,131.2144596099997,129.75692317386498,130.4095458984375,2656077,0.0,0.0
2021-09-23 00:00:00-04:00,130.63433514375058,132.59221643067013,130.5255691075003,131.63502502441406,2615054,0.0,0.0
2021-09-24 00:00:00-04:00,131.61328539693275,132.02660693087327,130.97515336708787,131.2797088623047,2483972,0.0,0.0
2021-09-27 00:00:00-04:00,131.12745858560675,132.8170445332015,131.11295467960662,131.82359313964844,2454312,0.0,0.0
2021-09-28 00:00:00-04:00,131.84531608061144,132.59221411917426,130.35878518816278,130.5618133544922,2739318,0.0,0.0
2021-09-29 00:00:00-04:00,130.4675770299146,131.53353466469184,129.9237202835901,131.16371154785156,2003061,0.0,0.0
2021-09-30 00:00:00-04:00,131.7727970799861,132.0193369296496,127.16813935644025,127.20439910888672,3869778,0.0,0.0
2021-10-01 00:00:00-04:00,127.80628034242449,128.64744049127066,126.33424015682826,128.1180877685547,2893483,0.0,0.0
2021-10-04 00:00:00-04:00,126.28349389763285,128.4226609362128,126.01519814055469,127.65400695800781,3600080,0.0,0.0
2021-10-05 00:00:00-04:00,127.75551174409844,129.51760343466364,127.31316921703329,128.98825073242188,2258407,0.0,0.0
2021-10-06 00:00:00-04:00,128.08183838952596,129.47410722688392,127.27693793048651,129.36534118652344,2460890,0.0,0.0
2021-10-07 00:00:00-04:00,130.52559102343704,131.09119038709096,128.85776104213926,128.93026733398438,3442208,0.0,0.0
2021-10-08 00:00:00-04:00,128.7634698512184,129.14779682133164,128.19061860535857,128.3138885498047,2953522,0.0,0.0
2021-10-11 00:00:00-04:00,129.08980132896633,129.51037484624592,127.7700386939083,127.82804107666016,3218556,0.0,0.0
2021-10-12 00:00:00-04:00,127.84254996983614,128.27038868933158,126.994137716648,127.2842025756836,2578456,0.0,0.0
2021-10-13 00:00:00-04:00,127.34219412579277,129.36534308063074,126.92885934609215,128.47341918945312,2428478,0.0,0.0
2021-10-14 00:00:00-04:00,129.0752936488611,130.81562975028592,129.03903388977128,130.7576141357422,2725923,0.0,0.0
2021-10-15 00:00:00-04:00,131.02591477720614,132.70099643910692,131.0186628258499,131.93234252929688,2584317,0.0,0.0
2021-10-18 00:00:00-04:00,131.09843529950638,131.9178529578297,130.04698163955126,131.7728271484375,2096947,0.0,0.0
2021-10-19 00:00:00-04:00,132.29488264535559,132.5921861143543,131.71476637318895,132.2006072998047,1667344,0.0,0.0
2021-10-20 00:00:00-04:00,132.40369598014667,132.83153469590215,132.0048650733901,132.28042602539062,2139046,0.0,0.0
2021-10-21 00:00:00-04:00,132.5922036467058,132.72272552431934,130.90263148788688,132.06285095214844,1986556,0.0,0.0
2021-10-22 00:00:00-04:00,132.3891852203624,132.9112860548399,131.09117846929843,131.10568237304688,3146556,0.0,0.0
2021-10-25 00:00:00-04:00,130.88814993249846,132.6647458020263,130.12674792170404,132.2659149169922,3235300,0.0,0.0
2021-10-26 00:00:00-04:00,131.30149373438948,133.29563526394205,129.92372851645865,132.09190368652344,3750178,0.0,0.0
2021-10-27 00:00:00-04:00,132.1716534907225,132.2224039204913,129.13329738297801,129.24932861328125,3141892,0.0,0.0
2021-10-28 00:00:00-04:00,129.2566115948135,130.53286280010698,129.24935964117864,130.43133544921875,2326100,0.0,0.0
2021-10-29 00:00:00-04:00,130.31530336118726,131.18547153600508,129.162322258622,129.5684051513672,3061162,0.0,0.0
2021-11-01 00:00:00-04:00,129.4596063002866,130.3370395288878,128.7199733885505,130.22100830078125,2404558,0.0,0.0
2021-11-02 00:00:00-04:00,130.518336120035,132.04837896860354,130.24277516348167,131.95411682128906,2646748,0.0,0.0
2021-11-03 00:00:00-04:00,131.82358174800672,132.4254540945273,130.51108423634443,132.1426544189453,2372146,0.0,0.0
2021-11-04 00:00:00-04:00,132.31665037204934,132.6719694702062,130.69958455457157,130.96788024902344,2453474,0.0,0.0
2021-11-05 00:00:00-04:00,132.0628750342259,133.295614229448,131.2144628247975,131.83082580566406,2169903,0.0,0.0
2021-11-08 00:00:00-05:00,132.45445389073166,133.01281448923208,130.72136971324224,131.6422882080078,2219656,0.0,0.0
2021-11-09 00:00:00-05:00,131.51905908627475,132.3892274211145,130.85193223514645,131.49005126953125,2131750,0.0,0.0
2021-11-10 00:00:00-05:00,131.49001616412727,132.5849815529006,130.52558591584923,132.28042602539062,2048270,0.0,0.0
2021-11-11 00:00:00-05:00,132.7082264027084,132.72996901968682,130.17022911736228,130.67782592773438,2376093,0.0,0.0
2021-11-12 00:00:00-05:00,131.21447757798944,135.09398116483868,130.73587516317562,133.1796112060547,5268021,0.0,0.0
2021-11-15 00:00:00-05:00,133.49137843495018,134.18026080483602,132.62846248495123,132.92576599121094,1750226,0.0,0.0
2021-11-16 00:00:00-05:00,132.92577235213514,133.5711562829912,132.48344304686202,132.9692840576172,2362100,0.0,0.0
2021-11-17 00:00:00-05:00,132.96931139920673,133.33188255246952,131.70756431519175,132.9475555419922,2692316,0.0,0.0
2021-11-18 00:00:00-05:00,133.130321600423,133.44466662648642,130.63015664947076,130.6886444091797,3029229,1.237458,0.0
2021-11-19 00:00:00-05:00,131.17843462503225,132.1799574266802,130.21345333069365,131.02491760253906,2969190,0.0,0.0
2021-11-22 00:00:00-05:00,131.03952561379666,133.2545757617408,130.6959234156511,131.33924865722656,2836792,0.0,0.0
2021-11-23 00:00:00-05:00,132.03373363694956,132.55277239229522,130.60089049791546,131.1930389404297,2325263,0.0,0.0
2021-11-24 00:00:00-05:00,130.83479696036764,131.22225152761175,129.7893953890337,129.85519409179688,1780246,0.0,0.0
2021-11-26 00:00:00-05:00,127.5817005572402,129.27040109555836,126.76292534008033,128.312744140625,2287111,0.0,0.0
2021-11-29 00:00:00-05:00,129.00723704140407,129.2704052688549,127.91798260064321,128.831787109375,2780102,0.0,0.0
2021-11-30 00:00:00-05:00,127.7132993113822,128.56130516252128,124.23353092180407,124.306640625,6387238,0.0,0.0
2021-12-01 00:00:00-05:00,126.1415324968908,127.67672935286437,124.7891098772809,124.81104278564453,3893698,0.0,0.0
2021-12-02 00:00:00-05:00,125.4031980671661,126.30969162260888,124.18234614936885,124.46746063232422,4027052,0.0,0.0
2021-12-03 00:00:00-05:00,124.20427984755078,126.40472169207435,123.67793003858252,126.17078399658203,3610604,0.0,0.0
2021-12-06 00:00:00-05:00,127.58170048781422,130.33041155230754,127.20155675736616,129.5408935546875,4088646,0.0,0.0
2021-12-07 00:00:00-05:00,129.47509194493992,130.3742744646871,128.79522516344,129.06570434570312,2778069,0.0,0.0
2021-12-08 00:00:00-05:00,129.02916233972294,129.27039764379256,127.51589842699158,128.69287109375,2305888,0.0,0.0
2021-12-09 00:00:00-05:00,129.02185814361064,129.68710301882376,128.40046574523103,128.61978149414062,2103286,0.0,0.0
2021-12-10 00:00:00-05:00,130.0818701317643,130.0818701317643,128.74405605574373,129.46778869628906,1846146,0.0,0.0
2021-12-13 00:00:00-05:00,129.39468380868507,129.66516298924464,127.501276180029,127.62554931640625,3025760,0.0,0.0
2021-12-14 00:00:00-05:00,127.82292689944667,129.10225308061007,127.3843087849012,127.72789764404297,2783690,0.0,0.0
2021-12-15 00:00:00-05:00,127.99106646927686,128.82446357099442,127.11381689471968,128.5028076171875,2559320,0.0,0.0
2021-12-16 00:00:00-05:00,129.18266388206453,130.8128897669447,127.80098424077302,130.35232543945312,2691000,0.0,0.0
2021-12-17 00:00:00-05:00,130.02335456523795,130.35963241946342,127.45008054005677,127.74981689453125,4799189,0.0,0.0
2021-12-20 00:00:00-05:00,126.62401205574798,127.11380691701626,124.97916422962027,126.20731353759766,2369754,0.0,0.0
2021-12-21 00:00:00-05:00,126.79217683454524,127.19425349779709,125.90030521018234,126.41203308105469,2384944,0.0,0.0
2021-12-22 00:00:00-05:00,126.41200731245776,126.63863399260823,125.41048468463084,126.20731353759766,2418312,0.0,0.0
2021-12-23 00:00:00-05:00,126.4631795633796,128.38581743864418,126.3096625730271,127.91064453125,2339017,0.0,0.0
2021-12-27 00:00:00-05:00,128.0422490627627,129.19730217070259,127.86679913988948,129.1753692626953,1414868,0.0,0.0
2021-12-28 00:00:00-05:00,129.2777112966562,130.4912521762206,129.2119259129011,129.862548828125,1936204,0.0,0.0
2021-12-29 00:00:00-05:00,129.7455939840676,130.77636068588663,129.56283307898852,130.4254608154297,1461392,0.0,0.0
2021-12-30 00:00:00-05:00,130.76173136304905,130.9883580744358,129.8186830114982,129.862548828125,1276491,0.0,0.0
2021-12-31 00:00:00-05:00,129.78209776324064,130.3815436903604,129.03643249664717,129.85519409179688,1691862,0.0,0.0
2022-01-03 00:00:00-05:00,130.3596498745802,130.92255447678525,128.54666293333273,129.93565368652344,2309117,0.0,0.0
2022-01-04 00:00:00-05:00,130.476639829156,132.5089427292306,130.1476595214555,131.75596618652344,3016551,0.0,0.0
2022-01-05 00:00:00-05:00,129.48971241118386,132.8890596212156,129.39468315236203,131.21498107910156,3531070,0.0,0.0
2022-01-06 00:00:00-05:00,132.23113155866912,132.5235436583843,129.78944116366162,130.125732421875,2996458,0.0,0.0
2022-01-07 00:00:00-05:00,130.22073620382577,131.94600460987104,129.55549146949403,131.55123901367188,3349039,0.0,0.0
2022-01-10 00:00:00-05:00,131.185743294404,131.4635334557234,129.2338611720415,129.6944122314453,2772328,0.0,0.0
2022-01-11 00:00:00-05:00,130.12572620997972,131.25883304817322,128.9706731229921,130.84214782714844,2707983,0.0,0.0
2022-01-12 00:00:00-05:00,130.8567843011073,131.59513890790177,130.5570478716687,131.163818359375,2067286,0.0,0.0
2022-01-13 00:00:00-05:00,131.50009695498898,132.5674185354317,130.87870452414623,132.33348083496094,2505261,0.0,0.0
2022-01-14 00:00:00-05:00,132.21650772265983,132.21650772265983,129.884481904392,130.6667022705078,2734176,0.0,0.0
2022-01-18 00:00:00-05:00,130.25728696303864,130.52776609269617,128.7878891461066,130.33038330078125,2883078,0.0,0.0
2022-01-19 00:00:00-05:00,131.4635243114547,132.22381172919197,129.8552311884175,130.47662353515625,2354446,0.0,0.0
2022-01-20 00:00:00-05:00,130.54972831486737,131.01760368269626,126.69712753514722,126.88719940185547,3369491,0.0,0.0
2022-01-21 00:00:00-05:00,126.76291276007994,128.6782531622379,126.14883140815172,126.21463012695312,4161004,0.0,0.0
2022-01-24 00:00:00-05:00,125.63710209518824,126.62401615932164,123.42203868327613,126.32427978515625,5635193,0.0,0.0
2022-01-25 00:00:00-05:00,126.8579555975852,127.6109186749506,122.82259434272557,127.01878356933594,6041116,0.0,0.0
2022-01-26 00:00:00-05:00,127.40625152097392,128.11536220086901,122.9615022337627,123.76565551757812,5274360,0.0,0.0
2022-01-27 00:00:00-05:00,123.6194463044419,125.82719919074573,123.13696229914122,124.39435577392578,3328229,0.0,0.0
2022-01-28 00:00:00-05:00,123.10039998674593,123.36358155443943,117.36171569718194,119.2331771850586,7441034,0.0,0.0
2022-01-31 00:00:00-05:00,118.94075249452894,121.56520355933453,118.12930165060682,121.3678207397461,6088118,0.0,0.0
2022-02-01 00:00:00-05:00,121.05346516483095,122.78604476694342,120.4467080956442,122.39859008789062,3573528,0.0,0.0
2022-02-02 00:00:00-05:00,122.66909820554555,123.72910881036277,121.207010932367,121.83570098876953,3816795,0.0,0.0
2022-02-03 00:00:00-05:00,121.54327396199497,121.88686282810465,119.96421136229232,120.17621612548828,3120005,0.0,0.0
2022-02-04 00:00:00-05:00,119.73759920000454,120.43208790828874,117.0400383455853,117.50060272216797,4839614,0.0,0.0
2022-02-07 00:00:00-05:00,117.51523158331409,118.65566279698379,116.97425985496085,117.822265625,2919556,0.0,0.0
2022-02-08 00:00:00-05:00,118.01233052050696,119.24047995586373,117.20087964651906,118.72875213623047,2839184,0.0,0.0
2022-02-09 00:00:00-05:00,119.56215955911088,120.08119839264714,118.37786249567397,119.62794494628906,2563746,0.0,0.0
2022-02-10 00:00:00-05:00,118.43634067133235,119.00655624745902,116.25052096677244,116.77687072753906,4345307,0.0,0.0
2022-02-11 00:00:00-05:00,117.08388574688013,118.13658509753242,116.08967414054715,116.63064575195312,4344709,0.0,0.0
2022-02-14 00:00:00-05:00,116.49175104018063,116.66721429374526,113.57490124979866,115.51216125488281,5542742,0.0,0.0
2022-02-15 00:00:00-05:00,116.03120307216744,116.2943846182461,114.22552711862349,115.02236938476562,3989617,0.0,0.0
2022-02-16 00:00:00-05:00,114.7738062311922,115.50484975293462,112.66108298229352,113.77227020263672,5346120,0.0,0.0
2022-02-17 00:00:00-05:00,111.34389069059439,111.80151872590673,109.59456985971472,109.7126693725586,7424409,1.245819,0.0
2022-02-18 00:00:00-05:00,109.38790221239732,110.5024491553095,108.67931857428184,108.95980072021484,6002485,0.0,0.0
2022-02-22 00:00:00-05:00,109.38789928122844,109.61671667036484,107.67548662331073,108.31764221191406,5392884,0.0,0.0
2022-02-23 00:00:00-05:00,108.31764208703856,108.74574356725606,106.38379368283597,106.56832122802734,4600534,0.0,0.0
2022-02-24 00:00:00-05:00,104.8854246153248,106.20664394645053,103.14348545977418,106.06640625,7304092,0.0,0.0
2022-02-25 00:00:00-05:00,106.59047035106302,112.0155790465017,106.54618050563613,111.09294128417969,8052309,0.0,0.0
2022-02-28 00:00:00-05:00,110.19244595832411,110.44340153819277,108.31764391236288,109.72005462646484,5041499,0.0,0.0
2022-03-01 00:00:00-05:00,109.66839046827654,109.99316247722264,106.39856586556704,106.8414306640625,3963424,0.0,0.0
2022-03-02 00:00:00-05:00,107.47620176050911,109.51338651361952,106.96690893976847,108.66455841064453,4466582,0.0,0.0
2022-03-03 00:00:00-05:00,109.62411360322109,110.70913410513667,108.88600331864052,109.46173095703125,4549823,0.0,0.0
2022-03-04 00:00:00-05:00,107.88217469135613,109.01148504895576,107.57216594562057,108.30289459228516,3869299,0.0,0.0
2022-03-07 00:00:00-05:00,107.57216546684658,107.57216546684658,105.23236017362566,105.75641632080078,5446584,0.0,0.0
2022-03-08 00:00:00-05:00,107.20309799191962,110.32530306097827,105.74164087321759,107.32119750976562,5507939,0.0,0.0
2022-03-09 00:00:00-05:00,109.13696689188913,110.17032271270743,108.12575599764175,108.20694732666016,3991411,0.0,0.0
2022-03-10 00:00:00-05:00,107.2769060544561,107.7345341022814,105.79331077067741,106.23617553710938,4537624,0.0,0.0
2022-03-11 00:00:00-05:00,105.896649253744,106.64214114676031,103.9480441161386,104.04399871826172,4962682,0.0,0.0
2022-03-14 00:00:00-04:00,104.40567869020168,107.24002034700014,104.40567869020168,105.90403747558594,4676480,0.0,0.0
2022-03-15 00:00:00-04:00,106.93000082039087,107.3802472483134,105.24710789515416,106.51666259765625,3991411,0.0,0.0
2022-03-16 00:00:00-04:00,106.84880687262591,107.96335382096424,105.43163285442171,107.40238952636719,4561305,0.0,0.0
2022-03-17 00:00:00-04:00,107.25477202192148,109.0262311562663,106.39856228360556,109.011474609375,3332893,0.0,0.0
2022-03-18 00:00:00-04:00,108.55384079618223,109.57243317523282,107.18833822808969,109.47647857666016,9426992,0.0,0.0
2022-03-21 00:00:00-04:00,109.7495720485685,110.5245904284731,108.79741450005754,109.66838073730469,5399820,0.0,0.0
2022-03-22 00:00:00-04:00,110.3105600557912,111.33653423080693,109.6093579307806,110.67223358154297,5085392,0.0,0.0
2022-03-23 00:00:00-04:00,110.48768464754053,110.55411941418191,108.91551640168724,109.00408935546875,3154091,0.0,0.0
2022-03-24 00:00:00-04:00,109.3288642914923,110.1481658703096,108.79742652173094,109.96363830566406,2425608,0.0,0.0
2022-03-25 00:00:00-04:00,110.1776672406304,111.5874526628815,109.91194841651387,111.05601501464844,2688369,0.0,0.0
2022-03-28 00:00:00-04:00,110.6648603516868,110.81247972706058,108.64243853966083,110.32532501220703,3205160,0.0,0.0
2022-03-29 00:00:00-04:00,111.45462100217586,112.8717951092499,110.74603731617593,112.25177764892578,3221067,0.0,0.0
2022-03-30 00:00:00-04:00,111.69819349668276,113.12274922640692,111.28485526362428,111.77200317382812,2864540,0.0,0.0
2022-03-31 00:00:00-04:00,111.04865400641258,111.6391448819815,109.83077752004692,109.88982391357422,3819785,0.0,0.0
2022-04-01 00:00:00-04:00,110.44339542093087,110.61315967835301,108.39144758106035,110.48767852783203,2626894,0.0,0.0
2022-04-04 00:00:00-04:00,110.02268819378156,110.72389022473638,107.8231140305787,110.36959838867188,3147633,0.0,0.0
2022-04-05 00:00:00-04:00,109.720059235939,111.18151640226836,109.61672299634036,109.90458679199219,2569726,0.0,0.0
2022-04-06 00:00:00-04:00,108.7457574979214,111.00437817323528,108.53909173948844,110.93795013427734,3235778,0.0,0.0
2022-04-07 00:00:00-04:00,110.26627293523177,111.06342964436688,108.91553349431747,110.67961120605469,2630004,0.0,0.0
2022-04-08 00:00:00-04:00,111.45461041616876,111.93438338094307,110.25887219207853,110.57625579833984,3337438,0.0,0.0
2022-04-11 00:00:00-04:00,111.0486505417801,112.35510668028726,110.68697708067712,110.8050765991211,2964645,0.0,0.0
2022-04-12 00:00:00-04:00,111.7055653646968,111.84580980056958,109.3067072893688,109.66838073730469,3125028,0.0,0.0
2022-04-13 00:00:00-04:00,109.6240960195015,110.10386897453812,108.92289405565263,109.72743225097656,2382552,0.0,0.0
2022-04-14 00:00:00-04:00,109.72006252848033,110.41388292722533,108.65718027147999,108.78266143798828,2787996,0.0,0.0
2022-04-18 00:00:00-04:00,108.83431349656156,109.48385070699656,107.5795289181426,107.89691925048828,2123857,0.0,0.0
2022-04-19 00:00:00-04:00,108.39146301351151,111.15199483742317,108.39146301351151,110.79032135009766,2746016,0.0,0.0
2022-04-20 00:00:00-04:00,111.3143821701587,112.56178524945877,111.10770968545808,111.15199279785156,2367960,0.0,0.0
2022-04-21 00:00:00-04:00,112.17796547162978,113.00465540031101,111.6834291896667,112.02296447753906,2795291,0.0,0.0
2022-04-22 00:00:00-04:00,111.30699410400253,111.44723180940686,109.41742875593712,110.10387420654297,3776250,0.0,0.0
2022-04-25 00:00:00-04:00,109.76434256173043,110.00054160558166,107.6754930477516,109.68315124511719,4104911,0.0,0.0
2022-04-26 00:00:00-04:00,107.32857278904916,108.48740277117999,105.45377083654527,106.4502182006836,5789118,0.0,0.0
2022-04-27 00:00:00-04:00,106.86358247194056,107.82312180798222,106.08856397334097,106.44285583496094,3736663,0.0,0.0
2022-04-28 00:00:00-04:00,106.84143775092396,109.04100534191197,106.37642799789079,108.60552215576172,3035089,0.0,0.0
2022-04-29 00:00:00-04:00,108.72360179287213,109.65362112875411,106.19188099295489,106.4502182006836,4966151,0.0,0.0
2022-05-02 00:00:00-04:00,106.66428378806069,108.87123285458836,106.12546439346735,107.69763946533203,4445891,0.0,0.0
2022-05-03 00:00:00-04:00,107.91905829438393,109.86766994117656,107.70501092605609,109.29932403564453,3000405,0.0,0.0
2022-05-04 00:00:00-04:00,109.97838437041199,114.15608293068001,109.15170127962706,113.83869934082031,4418263,0.0,0.0
2022-05-05 00:00:00-04:00,113.05631908209023,113.41061093494618,109.41005757219428,110.31793212890625,3965816,0.0,0.0
2022-05-06 00:00:00-04:00,110.17768918829127,110.54674430670413,108.27336720190756,110.36959838867188,2954479,0.0,0.0
2022-05-09 00:00:00-04:00,109.56504044504311,113.49917185327263,109.19598537020421,112.47319793701172,4979068,0.0,0.0
2022-05-10 00:00:00-04:00,113.66894115551241,113.69846771803356,109.34361629462106,110.06696319580078,4189827,0.0,0.0
2022-05-11 00:00:00-04:00,110.70912842560335,110.81246466835228,107.88955024658665,108.06669616699219,3286608,0.0,0.0
2022-05-12 00:00:00-04:00,108.19954872629178,110.4360243176314,107.77144722172542,110.41387939453125,3371524,0.0,0.0
2022-05-13 00:00:00-04:00,110.87150453728276,110.97484077394905,109.21813822076962,110.1998291015625,3292947,0.0,0.0
2022-05-16 00:00:00-04:00,110.14078850497962,111.3291452592243,107.9928924183699,111.0855712890625,3245585,0.0,0.0
2022-05-17 00:00:00-04:00,112.18535019668745,112.56178696560494,111.10032973807789,112.44368743896484,2519733,0.0,0.0
2022-05-18 00:00:00-04:00,111.89008779746547,111.97866074525912,109.58718441975734,109.92671966552734,3538605,0.0,0.0
2022-05-19 00:00:00-04:00,109.00222118136621,111.01525580376727,107.44397626524065,109.56884765625,3285053,1.245819,0.0
2022-05-20 00:00:00-04:00,110.00128125854934,110.29950356795547,105.19235467702708,107.23521423339844,5017698,0.0,0.0
2022-05-23 00:00:00-04:00,107.79440452682876,108.83074004003792,107.3694261451417,107.6452865600586,3391976,0.0,0.0
2022-05-24 00:00:00-04:00,107.62291896360192,109.0171335296737,105.12526272638937,108.66671752929688,3156005,0.0,0.0
2022-05-25 00:00:00-04:00,108.42815187849479,108.97241654362875,107.02648089837493,108.6965560913086,2244772,0.0,0.0
2022-05-26 00:00:00-04:00,109.4048207322086,110.94815312566593,109.37499578064059,109.62849426269531,2544251,0.0,0.0
2022-05-27 00:00:00-04:00,110.50081924565106,111.47751849464079,110.24732753649563,111.47006225585938,2124933,0.0,0.0
2022-05-31 00:00:00-04:00,110.54554839978478,111.71608936001893,108.80091791519958,111.3060302734375,4956224,0.0,0.0
2022-06-01 00:00:00-04:00,111.33585429833202,111.4551473130585,108.55488138850251,109.16625213623047,2882838,0.0,0.0
2022-06-02 00:00:00-04:00,109.98636926276114,110.56045877620775,107.73474863746316,110.47844696044922,2274074,0.0,0.0
2022-06-03 00:00:00-04:00,109.59868771847837,109.94910374570884,108.34613478616669,108.83074951171875,2244055,0.0,0.0
2022-06-06 00:00:00-04:00,109.14387955947764,109.82234962761612,108.59215874019846,109.00967407226562,1884418,0.0,0.0
2022-06-07 00:00:00-04:00,108.43558672989093,109.59121518463868,107.22776460889355,109.50174713134766,2159139,0.0,0.0
2022-06-08 00:00:00-04:00,108.52505008050333,109.30789381209294,107.57817592237396,108.42066955566406,2046834,0.0,0.0
2022-06-09 00:00:00-04:00,108.48777487994528,109.74033444401518,107.46634509144886,107.49617004394531,2593287,0.0,0.0
2022-06-10 00:00:00-04:00,105.87081926867756,106.22123522639082,102.57540713362151,102.62759399414062,7037144,0.0,0.0
2022-06-13 00:00:00-04:00,101.94167534572952,103.1420480616009,101.1140941314768,101.67327117919922,4922736,0.0,0.0
2022-06-14 00:00:00-04:00,101.90439347106808,103.14949672165093,100.20449373812701,100.83822631835938,3199539,0.0,0.0
2022-06-15 00:00:00-04:00,101.21847364964407,101.90439993710946,99.20543901926038,100.15231323242188,3912236,0.0,0.0
2022-06-16 00:00:00-04:00,98.82521350004102,98.82521350004102,97.17005082995922,97.62484741210938,4458927,0.0,0.0
2022-06-17 00:00:00-04:00,97.4980861333659,98.32566736643295,95.96967291672644,96.8047103881836,8588356,0.0,0.0
2022-06-21 00:00:00-04:00,97.17749979202235,97.72922064073337,96.37973667082021,96.93145751953125,4459166,0.0,0.0
2022-06-22 00:00:00-04:00,96.00695808010995,98.10946787305997,95.5745302206397,97.22223663330078,3468639,0.0,0.0
2022-06-23 00:00:00-04:00,97.08057269732865,97.72176158945396,95.80565115161389,97.03583526611328,2680236,0.0,0.0
2022-06-24 00:00:00-04:00,98.06471622057902,100.31633686535807,97.84850572375841,100.15231323242188,4376523,0.0,0.0
2022-06-27 00:00:00-04:00,100.21197037801127,100.40581899069679,98.63136332290183,99.01160430908203,2856766,0.0,0.0
2022-06-28 00:00:00-04:00,99.80189791096532,100.33125000399804,97.03583083154248,97.17003631591797,2880327,0.0,0.0
2022-06-29 00:00:00-04:00,96.92400522154811,97.17750374309654,96.03678080554214,96.75252532958984,3374036,0.0,0.0
2022-06-30 00:00:00-04:00,95.96221971558344,97.08057387184945,94.9109649038149,96.48411560058594,3995956,0.0,0.0
2022-07-01 00:00:00-04:00,96.48410672123667,96.79724830530249,94.39651657020835,95.79818725585938,4450077,0.0,0.0
2022-07-05 00:00:00-04:00,94.67238791737861,96.5064866000503,93.64350179714235,96.33500671386719,4670739,0.0,0.0
2022-07-06 00:00:00-04:00,96.55121869233156,97.66211657481107,95.40303961790153,96.8047103881836,3625794,0.0,0.0
2022-07-07 00:00:00-04:00,97.02093073174167,97.15512942068928,95.11226970688188,96.9612808227539,4125722,0.0,0.0
2022-07-08 00:00:00-04:00,96.78979045887347,97.04328213520738,95.53723094656253,95.96966552734375,2620795,0.0,0.0
2022-07-11 00:00:00-04:00,95.97712830469769,97.30423667931964,95.84292281800211,96.18588256835938,3221067,0.0,0.0
2022-07-12 00:00:00-04:00,96.29772570533116,98.43750977361537,96.22317012029981,97.0731201171875,3155168,0.0,0.0
2022-07-13 00:00:00-04:00,95.43285695717908,96.5437547510236,95.18681471621088,95.7087173461914,2978399,0.0,0.0
2022-07-14 00:00:00-04:00,94.67238889894463,95.83547372341023,93.85226385040107,95.66399383544922,3020498,0.0,0.0
2022-07-15 00:00:00-04:00,96.82707122371141,97.17748718698131,95.61924914358849,97.02091979980469,3155766,0.0,0.0
2022-07-18 00:00:00-04:00,97.06565090524285,97.53535987224119,95.82054763002205,96.11132049560547,3037601,0.0,0.0
2022-07-19 00:00:00-04:00,97.22223557388176,98.61645024704963,96.9687438523434,98.51206970214844,3363989,0.0,0.0
2022-07-20 00:00:00-04:00,98.50460190075273,99.5111260358928,98.30330387686182,99.16815948486328,2398339,0.0,0.0
2022-07-21 00:00:00-04:00,99.19054077860079,99.89883588215706,98.69101356995516,99.86901092529297,1996244,0.0,0.0
2022-07-22 00:00:00-04:00,100.39088856236522,100.61456209182107,99.51857676438823,99.99573516845703,2104960,0.0,0.0
2022-07-25 00:00:00-04:00,99.90626711730204,100.72639885654898,99.74224349070734,99.99573516845703,2815504,0.0,0.0
2022-07-26 00:00:00-04:00,106.99662996742295,108.62942356647193,103.27623948239204,104.93885803222656,15011235,0.0,0.0
2022-07-27 00:00:00-04:00,104.09636499985481,104.5362558139266,102.56795191662233,103.52973175048828,6016239,0.0,0.0
2022-07-28 00:00:00-04:00,104.30514732182957,104.84941196897323,103.11223748104182,104.65556335449219,3700663,0.0,0.0
2022-07-29 00:00:00-04:00,104.95378656173376,107.15321374332063,104.24549829732786,106.79534149169922,4781967,0.0,0.0
2022-08-01 00:00:00-04:00,105.98267451788956,107.40671411328056,105.55770291253086,106.88481140136719,3415656,0.0,0.0
2022-08-02 00:00:00-04:00,106.31070936116274,107.03391683412225,105.59496492943211,105.68443298339844,3226449,0.0,0.0
2022-08-03 00:00:00-04:00,105.79628167999618,107.22032126906055,105.53533372676769,106.98173522949219,3271658,0.0,0.0
2022-08-04 00:00:00-04:00,106.9817143263013,110.59026794224124,106.76550384891395,110.43370056152344,7062260,0.0,0.0
2022-08-05 00:00:00-04:00,109.60613640374598,110.70957808340007,109.14388362434663,109.90436553955078,5008130,0.0,0.0
2022-08-08 00:00:00-04:00,110.36662201226957,111.94722900147745,110.03111167208507,110.7021255493164,3765606,0.0,0.0
2022-08-09 00:00:00-04:00,110.57537549160365,111.12709631195789,109.74033802270503,110.2249526977539,3628066,0.0,0.0
2022-08-10 00:00:00-04:00,111.74592315583773,112.29018777036663,110.97052874437871,111.37313842773438,3046212,0.0,0.0
2022-08-11 00:00:00-04:00,111.83540091189089,112.90901775637921,111.36569184164269,111.5819091796875,2748767,0.0,0.0
2022-08-12 00:00:00-04:00,112.1112480798412,113.55020007794012,111.83538766194295,113.50546264648438,2806773,0.0,0.0
2022-08-15 00:00:00-04:00,112.87172451385432,113.401076608243,112.19325445831788,112.90154266357422,2796487,0.0,0.0
2022-08-16 00:00:00-04:00,112.18580324307878,112.81207965915625,111.00034975471921,112.02923583984375,5253430,0.0,0.0
2022-08-17 00:00:00-04:00,110.67229221811174,110.93324695288538,109.65086240337554,109.91927337646484,5832772,0.0,0.0
2022-08-18 00:00:00-04:00,109.8969158162664,109.92674077255631,108.3908643738312,109.360107421875,6762543,0.0,0.0
2022-08-19 00:00:00-04:00,108.92323165696102,109.70658348892151,107.86872803449636,109.36763000488281,15204987,1.245819,0.0
2022-08-22 00:00:00-04:00,107.92144596544283,108.22273564770461,106.2266992347935,106.64850616455078,12179346,0.0,0.0
2022-08-23 00:00:00-04:00,106.20411207397268,107.27368815237412,105.9856827016664,106.76902770996094,18368646,0.0,0.0
2022-08-24 00:00:00-04:00,106.1363186907531,106.64851186527197,105.23245646860724,106.23423767089844,18454878,0.0,0.0
2022-08-25 00:00:00-04:00,106.25682255948408,107.91390538232635,105.9329346281254,107.5297622680664,56637298,0.0,0.0
2022-08-26 00:00:00-04:00,108.19260581495956,108.47129722772135,96.92442518270475,97.27090454101562,45907384,0.0,0.0
2022-08-29 00:00:00-04:00,97.00728062345951,97.00728062345951,94.35594920577837,95.23721313476562,60436750,0.0,0.0
2022-08-30 00:00:00-04:00,95.57616662931294,96.21640292876977,92.6687283201439,94.04712677001953,41236286,0.0,0.0
2022-08-31 00:00:00-04:00,94.03959716449383,95.25228185711453,93.1056038997058,93.6629867553711,37843952,0.0,0.0
2022-09-01 00:00:00-04:00,93.62531768245931,95.19955405229308,93.15078831882185,94.62710571289062,37093222,0.0,0.0
2022-09-02 00:00:00-04:00,94.92838810485812,95.18448811600527,91.25267733352024,91.62928771972656,14735438,0.0,0.0
2022-09-06 00:00:00-04:00,91.41084699712002,91.51629872482191,87.35851916607831,87.82551574707031,36757386,0.0,0.0
2022-09-07 00:00:00-04:00,87.85565471039688,91.32800178915546,87.38865808722868,90.80074310302734,44932165,0.0,0.0
2022-09-08 00:00:00-04:00,89.17379714818736,90.22830084586393,88.24733659705325,89.83663177490234,30786714,0.0,0.0
2022-09-09 00:00:00-04:00,91.34305933011112,92.86455944679116,90.28854892287406,92.72145080566406,31359240,0.0,0.0
2022-09-12 00:00:00-04:00,93.64037654022358,95.29745937986942,93.37675066204632,93.58765411376953,22690392,0.0,0.0
2022-09-13 00:00:00-04:00,91.97576132996814,93.85128038627568,90.55970609137513,90.740478515625,9287538,0.0,0.0
2022-09-14 00:00:00-04:00,90.83087599635176,90.83087599635176,87.60708924235918,88.5260238647461,6781918,0.0,0.0
2022-09-15 00:00:00-04:00,88.744444955913,89.43741051887915,87.4263086458805,87.68994140625,4847149,0.0,0.0
2022-09-16 00:00:00-04:00,86.39439247223035,88.3602977097524,85.94999417568293,87.83304595947266,8685113,0.0,0.0
2022-09-19 00:00:00-04:00,87.38112248985072,88.05902256544135,86.83127242093462,87.85565185546875,3815599,0.0,0.0
2022-09-20 00:00:00-04:00,86.84632428707282,88.27744502988938,86.43205701477955,87.7652587890625,4969619,0.0,0.0
2022-09-21 00:00:00-04:00,87.9987561431281,88.90262515677024,86.46972326120962,86.47724914550781,4468017,0.0,0.0
2022-09-22 00:00:00-04:00,85.9876683600032,86.65802882790759,85.43781827230954,85.97260284423828,4398888,0.0,0.0
2022-09-23 00:00:00-04:00,85.66378239475364,85.99520313047529,84.07448728458299,85.10639953613281,4405705,0.0,0.0
2022-09-26 00:00:00-04:00,84.93315730644073,85.72403502236526,84.53394863308463,85.11392974853516,4303088,0.0,0.0
2022-09-27 00:00:00-04:00,85.96506317677603,85.96506317677603,83.92383715969129,84.66952514648438,3975863,0.0,0.0
2022-09-28 00:00:00-04:00,85.49806762642002,86.40192978107547,85.15912103666268,86.07804870605469,4398649,0.0,0.0
2022-09-29 00:00:00-04:00,85.08378297981386,85.41520364432242,84.05940370643344,84.58666229248047,2769697,0.0,0.0
2022-09-30 00:00:00-04:00,84.36069651151168,85.22690167806594,83.14801202751697,83.23086547851562,3722909,0.0,0.0
2022-10-03 00:00:00-04:00,84.12721002374042,85.88221192829332,83.53969617874792,85.27963256835938,3487536,0.0,0.0
2022-10-04 00:00:00-04:00,86.42452964682295,87.35852284817406,86.38686585928704,87.08736419677734,3352029,0.0,0.0
2022-10-05 00:00:00-04:00,86.12323548310252,87.4489045140167,85.43027681213844,86.7484130859375,3061880,0.0,0.0
2022-10-06 00:00:00-04:00,86.13077025548908,86.57516857091227,83.01243554432784,83.69786834716797,5176408,0.0,0.0
2022-10-07 00:00:00-04:00,83.13294462927598,83.42670151594928,80.662379176962,80.98626708984375,5138614,0.0,0.0
2022-10-10 00:00:00-04:00,81.7470347249506,82.19143307399287,80.7377207740404,81.69430541992188,3088550,0.0,0.0
2022-10-11 00:00:00-04:00,81.72442903059597,83.19320671290245,81.31015487766152,81.98052215576172,3462898,0.0,0.0
2022-10-12 00:00:00-04:00,81.77716084708386,82.62829370476626,81.53612635590247,82.06338500976562,3290196,0.0,0.0
2022-10-13 00:00:00-04:00,80.97120078263319,86.49230577695558,80.64731974588089,86.06297302246094,5708149,0.0,0.0
2022-10-14 00:00:00-04:00,86.06298455715877,86.7408846203857,85.00094135386838,85.58845520019531,4137323,0.0,0.0
2022-10-17 00:00:00-04:00,86.85386323465201,87.16268567633917,85.33236304484734,85.7616958618164,3592186,0.0,0.0
2022-10-18 00:00:00-04:00,87.17775569927284,87.6748833601167,86.20609865147675,87.33592987060547,3066544,0.0,0.0
2022-10-19 00:00:00-04:00,86.69568415119424,87.13254970094393,85.29469441618289,86.01778411865234,3084006,0.0,0.0
2022-10-20 00:00:00-04:00,85.85207143136938,87.10995244186988,85.03106281418026,85.19676971435547,3758908,0.0,0.0
2022-10-21 00:00:00-04:00,85.22689806982713,88.08159968539653,85.15157737874021,87.98368072509766,3997630,0.0,0.0
2022-10-24 00:00:00-04:00,88.5260234472514,89.73870813505312,88.26992342153846,89.166259765625,4059344,0.0,0.0
2022-10-25 00:00:00-04:00,85.49807391745802,89.33196590890788,85.22691525110925,89.25664520263672,5997581,0.0,0.0
2022-10-26 00:00:00-04:00,90.07765022274941,92.86456434984795,90.07765022274941,92.420166015625,5535088,0.0,0.0
2022-10-27 00:00:00-04:00,93.01520929010424,93.7382990110801,91.91550919396114,92.4954833984375,4444934,0.0,0.0
2022-10-28 00:00:00-04:00,92.63106815081689,95.41044948033947,92.27705604005102,95.35772705078125,4559870,0.0,0.0
2022-10-31 00:00:00-04:00,94.9811060807366,95.24473194505131,94.42372332545867,94.74760437011719,5174135,0.0,0.0
2022-11-01 00:00:00-04:00,95.48577294844493,95.73434020729486,93.82868996323126,94.3785400390625,2549633,0.0,0.0
2022-11-02 00:00:00-04:00,94.18269731832336,95.51589914593187,92.38249890048034,92.54067993164062,3063793,0.0,0.0
2022-11-03 00:00:00-04:00,91.8778403480548,93.61024385465782,91.2300713631907,92.53314208984375,2400252,0.0,0.0
2022-11-04 00:00:00-04:00,93.74583454729064,94.43126737484008,92.7666447936486,94.03205871582031,2775438,0.0,0.0
2022-11-07 00:00:00-05:00,93.87388025727262,94.26554926785283,92.87209227678322,93.91153717041016,2289503,0.0,0.0
2022-11-08 00:00:00-05:00,94.42373911778525,95.38786340225437,93.42948380162825,94.41620635986328,2182461,0.0,0.0
2022-11-09 00:00:00-05:00,94.37100907144827,94.66476600923598,93.18845543538887,93.27130889892578,2131750,0.0,0.0
2022-11-10 00:00:00-05:00,96.15612883274892,97.36128057612956,95.56108915435884,97.27842712402344,3779001,0.0,0.0
2022-11-11 00:00:00-05:00,97.6098499923045,100.54740528481146,97.27842930350134,100.16326904296875,4101443,0.0,0.0
2022-11-14 00:00:00-05:00,99.83939287710595,100.86377234629974,98.6267082068187,98.69449615478516,3127899,0.0,0.0
2022-11-15 00:00:00-05:00,99.81679122618522,100.5398878475271,97.74543408424134,98.83760833740234,3008060,0.0,0.0
2022-11-16 00:00:00-05:00,99.0108536070625,99.0108536070625,96.72106011061304,96.9696273803711,3837127,0.0,0.0
2022-11-17 00:00:00-05:00,96.13138447335463,96.94677171772555,95.00356562453501,96.89342498779297,2689804,1.245819,0.0
2022-11-18 00:00:00-05:00,97.54115917857467,97.8002509910921,95.94086863081675,96.59622955322266,3798616,0.0,0.0
2022-11-21 00:00:00-05:00,96.50478913856281,97.44971880468178,96.1923505858105,97.25920867919922,2575586,0.0,0.0
2022-11-22 00:00:00-05:00,97.65545258078278,98.05171470840772,97.0229615407236,97.99837493896484,2101492,0.0,0.0
2022-11-23 00:00:00-05:00,97.99075485519158,98.39463794684028,96.9620016783041,97.54115295410156,2810241,0.0,0.0
2022-11-25 00:00:00-05:00,98.21174315397515,98.92806477447839,97.93740943338811,98.33367156982422,1055350,0.0,0.0
2022-11-28 00:00:00-05:00,97.6249762123087,97.9831335397876,94.58443550210137,94.98069763183594,3317106,0.0,0.0
2022-11-29 00:00:00-05:00,94.55394904911086,96.27616090174706,94.50060928085703,96.11613464355469,2228268,0.0,0.0
2022-11-30 00:00:00-05:00,95.94086256616754,96.20758227622156,92.48120378369056,95.99420928955078,6973398,0.0,0.0
2022-12-01 00:00:00-05:00,97.00771446340806,98.20412174309782,95.49125467721151,96.00944519042969,3156005,0.0,0.0
2022-12-02 00:00:00-05:00,95.07213547640477,96.9696154258473,94.67587337471015,96.771484375,2178992,0.0,0.0
2022-12-05 00:00:00-05:00,95.30837030998386,95.60556690476672,94.69873519964504,94.97307586669922,2563148,0.0,0.0
2022-12-06 00:00:00-05:00,95.36932699748452,95.81131486744768,93.96717464725168,94.93496704101562,2295722,0.0,0.0
2022-12-07 00:00:00-05:00,94.74446773514521,97.01534721033887,94.5691995405866,96.2837905883789,3230994,0.0,0.0
2022-12-08 00:00:00-05:00,96.77912271494793,98.63849819874628,95.59795715765688,96.01708221435547,4527219,0.0,0.0
2022-12-09 00:00:00-05:00,96.61146581662257,97.18299617607315,95.76560171904751,95.83419036865234,2792540,0.0,0.0
2022-12-12 00:00:00-05:00,96.0780379134255,96.69529402418756,94.64540156929303,96.66481018066406,4637849,0.0,0.0
2022-12-13 00:00:00-05:00,98.64610067249195,99.08046061691508,96.37522151886715,97.00009155273438,3895252,0.0,0.0
2022-12-14 00:00:00-05:00,96.39809373631653,97.89931171773273,95.13310467291015,96.08565521240234,3702457,0.0,0.0
2022-12-15 00:00:00-05:00,95.0950040301266,95.31599799005471,92.77840574506942,93.25849151611328,3990454,0.0,0.0
2022-12-16 00:00:00-05:00,92.44309800998917,92.81649725602423,91.45244964530814,92.73267364501953,9089361,0.0,0.0
2022-12-19 00:00:00-05:00,92.45834277484711,94.31772505524553,92.32880035086917,93.06797790527344,2918360,0.0,0.0
2022-12-20 00:00:00-05:00,92.96128345128825,93.22037523049433,91.9782491474993,92.06207275390625,3471988,0.0,0.0
2022-12-21 00:00:00-05:00,92.83936336862828,94.3710652080977,92.5955134875299,94.08148956298828,3083408,0.0,0.0
2022-12-22 00:00:00-05:00,93.13655699202785,93.34992997705095,90.83519382618273,92.6564712524414,2617326,0.0,0.0
2022-12-23 00:00:00-05:00,92.04682669868438,92.20685989775411,89.7683266477972,91.55150604248047,3120723,0.0,0.0
2022-12-27 00:00:00-05:00,91.55152705526457,92.07733167072189,90.80472846630273,91.61248779296875,2166195,0.0,0.0
2022-12-28 00:00:00-05:00,91.71154555014868,92.20687323141023,90.11126200205331,90.14173889160156,2345356,0.0,0.0
2022-12-29 00:00:00-05:00,90.58373014063856,92.10019012987888,90.30177544297658,91.87919616699219,2464717,0.0,0.0
2022-12-30 00:00:00-05:00,91.17812027604619,91.46769592487587,90.30939332955715,91.38386535644531,2506816,0.0,0.0
2023-01-03 00:00:00-05:00,92.6031213510958,93.45660624437645,91.7267735790432,93.32705688476562,3124909,0.0,0.0
2023-01-04 00:00:00-05:00,93.99766278714186,95.47601785220233,93.50995608791945,95.36933135986328,3312561,0.0,0.0
2023-01-05 00:00:00-05:00,94.65302052633194,94.92735425194128,93.3194497484516,93.70046997070312,3117494,0.0,0.0
2023-01-06 00:00:00-05:00,94.99593584106968,96.87818102154102,94.30248404380102,96.56574249267578,2890732,0.0,0.0
2023-01-09 00:00:00-05:00,96.77910516488663,98.65372223130018,96.10088840793631,96.61907196044922,3434075,0.0,0.0
2023-01-10 00:00:00-05:00,96.83245444096278,97.68593945254031,96.55049975731924,97.64022064208984,1971128,0.0,0.0
2023-01-11 00:00:00-05:00,98.24985438385737,98.4479854650361,97.25158497031678,98.39464569091797,2408146,0.0,0.0
2023-01-12 00:00:00-05:00,98.76041825108302,98.92806547817352,97.38112172432542,98.56990814208984,2200042,0.0,0.0
2023-01-13 00:00:00-05:00,97.8612037699156,98.76803547015447,97.69355654917597,98.69182586669922,2025306,0.0,0.0
2023-01-17 00:00:00-05:00,98.88233933170874,98.9890258267438,96.31427030398723,96.47429656982422,4199036,0.0,0.0
2023-01-18 00:00:00-05:00,96.66480784276574,96.9238996461548,93.16704416000404,93.54044342041016,5093166,0.0,0.0
2023-01-19 00:00:00-05:00,92.96890886430936,93.18989585417413,90.16459710491009,90.24842071533203,5955721,0.0,0.0
2023-01-20 00:00:00-05:00,90.3398571257949,91.98586620444321,88.97580964777512,91.94014739990234,5230706,0.0,0.0
2023-01-23 00:00:00-05:00,91.90967392259647,94.41678914480016,91.75726861903848,93.44137573242188,4080991,0.0,0.0
2023-01-24 00:00:00-05:00,88.42715256553936,91.44483043312418,87.25360808217587,87.63462829589844,12290694,0.0,0.0
2023-01-25 00:00:00-05:00,87.25361331289132,88.57956317985997,85.92004248491686,86.05721282958984,7167867,0.0,0.0
2023-01-26 00:00:00-05:00,86.49918687375,86.94878876992986,85.16561615257042,86.52967071533203,5532218,0.0,0.0
2023-01-27 00:00:00-05:00,86.66683176948716,88.22901735374153,86.46107975119278,87.82513427734375,4920942,0.0,0.0
2023-01-30 00:00:00-05:00,87.23075421733036,88.3966778606632,85.77525490349848,85.79049682617188,7059868,0.0,0.0
2023-01-31 00:00:00-05:00,86.22485305849449,87.69558715820312,85.63808082931594,87.69558715820312,6065155,0.0,0.0
2023-02-01 00:00:00-05:00,87.2917162738139,88.96058153706156,86.60587847180102,88.28998565673828,3708557,0.0,0.0
2023-02-02 00:00:00-05:00,88.46525025271113,92.09256323697628,88.02326930883824,91.66581726074219,5880971,0.0,0.0
2023-02-03 00:00:00-05:00,90.62943932211756,90.85805422173509,88.99867899765442,89.5321044921875,3208150,0.0,0.0
2023-02-06 00:00:00-05:00,88.99868101717014,89.35683834172467,88.30522229579682,88.7776870727539,2974811,0.0,0.0
2023-02-07 00:00:00-05:00,88.25948862228341,89.31872553365496,87.45935043404819,89.0824966430664,2610509,0.0,0.0
2023-02-08 00:00:00-05:00,88.52621394089664,88.92246910367261,87.64224513962226,87.82513427734375,3003993,0.0,0.0
2023-02-09 00:00:00-05:00,88.72434753210719,88.99868822145315,85.69904852261156,86.05721282958984,4307872,0.0,0.0
2023-02-10 00:00:00-05:00,86.28582310640832,87.04024263870095,85.88193997602853,86.7811508178711,2720302,0.0,0.0
2023-02-13 00:00:00-05:00,87.15454085032962,88.10709136607632,86.72018087465878,87.8479995727539,2688130,0.0,0.0
2023-02-14 00:00:00-05:00,87.4746035674976,87.69559056700456,86.0724441499028,87.0326156616211,2944911,0.0,0.0
2023-02-15 00:00:00-05:00,86.60587482674288,87.49745767374651,86.2629524634536,87.47460174560547,3022651,0.0,0.0
2023-02-16 00:00:00-05:00,86.86462650198264,87.51321389827719,85.5211205154807,86.47856140136719,3223340,1.254181,0.0
2023-02-17 00:00:00-05:00,86.44767749671713,87.28158265748647,85.45935615304325,87.24297332763672,3381929,0.0,0.0
2023-02-21 00:00:00-05:00,86.47854409074974,86.78739751851774,84.30114045915376,84.35518646240234,4651364,0.0,0.0
2023-02-22 00:00:00-05:00,84.57139956213638,85.22770880908134,83.78382564760335,84.1158447265625,3175380,0.0,0.0
2023-02-23 00:00:00-05:00,84.70264458936705,85.15820640269887,83.39774815498434,84.09266662597656,3520785,0.0,0.0
2023-02-24 00:00:00-05:00,83.4749752935307,83.80699438493319,82.43260091572895,83.2356185913086,3424028,0.0,0.0
2023-02-27 00:00:00-05:00,84.05406555473803,85.46706118290192,83.54445768658987,83.5985107421875,4252976,0.0,0.0
2023-02-28 00:00:00-05:00,83.48268737712252,84.10039429295684,82.81093445276382,83.18927764892578,4043078,0.0,0.0
2023-03-01 00:00:00-05:00,85.73730804363917,86.73335108892229,84.73353608816335,85.096435546875,5877981,0.0,0.0
2023-03-02 00:00:00-05:00,84.74125762775138,85.119600814403,83.17383182848212,84.8570785522461,9076803,0.0,0.0
2023-03-03 00:00:00-05:00,85.53655943765911,86.47083467406138,84.63316461663133,85.90718078613281,3636797,0.0,0.0
2023-03-06 00:00:00-05:00,86.01527091719504,86.18513784334772,84.68720887464309,84.88024139404297,3373677,0.0,0.0
2023-03-07 00:00:00-05:00,84.93428602117382,84.94200788546425,82.64878328312652,82.68738555908203,4033869,0.0,0.0
2023-03-08 00:00:00-05:00,82.95763793163687,83.21243832045792,81.98475347177943,82.74143981933594,4107901,0.0,0.0
2023-03-09 00:00:00-05:00,83.12751816479744,83.82243675386819,81.39794708050901,81.47515869140625,4142585,0.0,0.0
2023-03-10 00:00:00-05:00,81.49059849850704,82.61790628161548,80.10076138729313,80.34784698486328,4417904,0.0,0.0
2023-03-13 00:00:00-04:00,80.04670807248635,80.82656002938667,79.320902122031,79.91544342041016,5036476,0.0,0.0
2023-03-14 00:00:00-04:00,80.75707895739436,81.20491192261436,78.27081443876573,79.3595199584961,5707312,0.0,0.0
2023-03-15 00:00:00-04:00,78.23221215730575,79.39040742006216,77.42147265517721,79.3595199584961,5850473,0.0,0.0
2023-03-16 00:00:00-04:00,78.5873894065533,80.63353577004597,78.35574753691353,80.46366882324219,4356550,0.0,0.0
2023-03-17 00:00:00-04:00,80.57176864269259,80.65670916981023,78.73409837497785,79.54483795166016,13617297,0.0,0.0
2023-03-20 00:00:00-04:00,79.84595975090119,80.64897736249777,79.69925840405041,80.54087829589844,3255392,0.0,0.0
2023-03-21 00:00:00-04:00,81.25894954444615,81.44426020371307,79.81506654778485,80.52542877197266,3137826,0.0,0.0
2023-03-22 00:00:00-04:00,80.54860807209843,80.72619689699009,78.37119688695327,78.40208435058594,3355378,0.0,0.0
2023-03-23 00:00:00-04:00,78.49473054369362,79.47533694471366,77.799812011471,77.98512268066406,3800051,0.0,0.0
2023-03-24 00:00:00-04:00,77.49867465394327,78.2476461855666,77.33652959182221,78.09321594238281,4249268,0.0,0.0
2023-03-27 00:00:00-04:00,78.9271182170609,78.97344940620405,77.67626770165867,78.36346435546875,3345690,0.0,0.0
2023-03-28 00:00:00-04:00,78.44068940458475,79.39813027002964,78.22449126193648,78.55650329589844,2945509,0.0,0.0
2023-03-29 00:00:00-04:00,79.38268431138627,79.71469633603117,78.68004389024607,79.67609405517578,3853034,0.0,0.0
2023-03-30 00:00:00-04:00,80.10848453749247,80.23974920365067,79.16648741470335,79.3595199584961,2810241,0.0,0.0
2023-03-31 00:00:00-04:00,79.91544828643507,81.22035188559845,79.53710508179239,81.15857696533203,4319354,0.0,0.0
2023-04-03 00:00:00-04:00,81.18946349350372,81.72222990170232,80.44049895784893,80.74163055419922,4804691,0.0,0.0
2023-04-04 00:00:00-04:00,80.9964331760901,80.9964331760901,78.81130738342381,78.95028686523438,4154067,0.0,0.0
2023-04-05 00:00:00-04:00,79.03521666237803,79.35179198255933,78.51017212917192,78.98117065429688,3171792,0.0,0.0
2023-04-06 00:00:00-04:00,79.02748894160328,79.37495169522498,78.38662352942934,78.41751098632812,2893363,0.0,0.0
2023-04-10 00:00:00-04:00,78.4484045695255,79.62975829670475,78.02373018598914,79.34407043457031,3444719,0.0,0.0
2023-04-11 00:00:00-04:00,80.01583303893322,80.90378419209966,79.76875447103806,80.73391723632812,3530592,0.0,0.0
2023-04-12 00:00:00-04:00,81.07363859027815,81.18945951327291,80.0621518325835,80.58719635009766,3258861,0.0,0.0
2023-04-13 00:00:00-04:00,80.95009977510212,82.1855136203413,80.37100922270493,81.96159362792969,4108499,0.0,0.0
2023-04-14 00:00:00-04:00,81.84577117247548,82.7105566207126,81.08136292115414,81.66818237304688,3341146,0.0,0.0
2023-04-17 00:00:00-04:00,81.96931579298877,82.6951147365018,81.79944885457047,82.44803619384766,2911184,0.0,0.0
2023-04-18 00:00:00-04:00,82.79548763002987,82.8495406820321,81.74539154873796,82.05424499511719,2286872,0.0,0.0
2023-04-19 00:00:00-04:00,81.61414428813714,82.10830141039136,81.42883360591736,81.90754699707031,2293928,0.0,0.0
2023-04-20 00:00:00-04:00,81.42882661979813,81.52919677234972,80.38644531486992,80.86516571044922,4419579,0.0,0.0
2023-04-21 00:00:00-04:00,81.05819946767204,81.16629853224394,80.34784425119562,80.67213439941406,7644593,0.0,0.0
2023-04-24 00:00:00-04:00,81.11225799287274,81.31301240554544,80.57948449908821,81.11997985839844,4229056,0.0,0.0
2023-04-25 00:00:00-04:00,81.59869015328917,82.84954062153945,80.42505128520312,80.58719635009766,6065394,0.0,0.0
2023-04-26 00:00:00-04:00,80.30151121207095,81.22807158185263,79.351792293305,79.46761322021484,3795386,0.0,0.0
2023-04-27 00:00:00-04:00,79.59115273885806,81.37476957613096,79.59115273885806,81.32844543457031,2862148,0.0,0.0
2023-04-28 00:00:00-04:00,81.31300690744202,82.1623486483597,81.1894641128821,82.01564025878906,4764505,0.0,0.0
2023-05-01 00:00:00-04:00,82.10829314306743,82.48663633496298,81.50603700924204,81.72994995117188,2738003,0.0,0.0
2023-05-02 00:00:00-04:00,81.46742983296814,81.61413822202815,79.26686036104601,79.5139389038086,3602352,0.0,0.0
2023-05-03 00:00:00-04:00,79.9154473731598,80.76478910764118,79.27458190120052,79.39812469482422,2459096,0.0,0.0
2023-05-04 00:00:00-04:00,79.18193056373363,79.51394259113917,77.79981530577285,78.63372039794922,3543987,0.0,0.0
2023-05-05 00:00:00-04:00,79.37495426341552,79.89999877470348,78.79585670080579,79.79962158203125,2324785,0.0,0.0
2023-05-08 00:00:00-04:00,79.9617801065301,80.24746797852093,78.4870095560112,79.01978302001953,2504424,0.0,0.0
2023-05-09 00:00:00-04:00,78.3480258116241,78.56421688600265,77.52184265549157,77.83069610595703,3733194,0.0,0.0
2023-05-10 00:00:00-04:00,78.28624108886487,78.52560477278176,76.90413316779896,77.90789794921875,3281944,0.0,0.0
2023-05-11 00:00:00-04:00,77.59905608645249,77.98512114726316,77.05856781951641,77.81525421142578,3317704,0.0,0.0
2023-05-12 00:00:00-04:00,78.14726895061902,78.19359309170106,76.64933293368956,77.42146301269531,2937496,0.0,0.0
2023-05-15 00:00:00-04:00,77.26704135142113,77.85386078677317,76.64933445773575,77.5913314819336,2878772,0.0,0.0
2023-05-16 00:00:00-04:00,77.21299879919363,77.24388626172721,75.66873840047988,75.67646026611328,4476748,0.0,0.0
2023-05-17 00:00:00-04:00,75.99302496337499,77.45235168096416,75.66872778874512,77.35197448730469,4279288,0.0,0.0
2023-05-18 00:00:00-04:00,77.16384705192984,78.26126224419676,76.86597731620871,78.10448455810547,3485503,1.254181,0.0
2023-05-19 00:00:00-04:00,78.58264351641529,78.75509968848901,77.34413625933657,77.62632751464844,3229080,0.0,0.0
2023-05-22 00:00:00-04:00,77.50874835377397,79.98577009457071,77.06978654992011,79.72709655761719,5008011,0.0,0.0
2023-05-23 00:00:00-04:00,79.72709286907002,80.61286283065587,78.90402969010697,78.93538665771484,4324975,0.0,0.0
2023-05-24 00:00:00-04:00,78.73942206747944,78.93538881519895,76.01156608363863,76.0272445678711,4942590,0.0,0.0
2023-05-25 00:00:00-04:00,75.68233866399198,76.1996928758541,74.74170114478189,76.07427215576172,3731042,0.0,0.0
2023-05-26 00:00:00-04:00,76.07428452145234,76.37999355303617,75.54125173886136,75.9880599975586,3333730,0.0,0.0
2023-05-30 00:00:00-04:00,75.98021231570232,76.19185755656947,74.62412350877537,75.29824829101562,3433477,0.0,0.0
2023-05-31 00:00:00-04:00,74.46734038313504,75.07091909194469,73.04854489267227,73.14260864257812,7405273,0.0,0.0
2023-06-01 00:00:00-04:00,73.26804073803497,74.13813234793196,72.41362761432254,73.90296936035156,3982082,0.0,0.0
2023-06-02 00:00:00-04:00,75.32961166047103,81.95328571408172,75.28257620179642,80.369873046875,16938828,0.0,0.0
2023-06-05 00:00:00-04:00,79.09215535257032,80.33850180231143,76.74839374057862,76.80326843261719,7070752,0.0,0.0
2023-06-06 00:00:00-04:00,76.86597639130594,78.09664437646026,76.26239768519214,77.0462646484375,5351024,0.0,0.0
2023-06-07 00:00:00-04:00,77.3833435746249,79.29597585263684,76.50541271457786,79.1705551147461,3996075,0.0,0.0
2023-06-08 00:00:00-04:00,79.0137788453546,79.44490857735586,78.05746277547547,78.982421875,3768476,0.0,0.0
2023-06-09 00:00:00-04:00,78.93538499763008,79.63302744408253,76.9757176152107,78.30828857421875,5398266,0.0,0.0
2023-06-12 00:00:00-04:00,78.6610380898657,80.29932542652325,78.55130299364569,79.37435913085938,4185880,0.0,0.0
2023-06-13 00:00:00-04:00,79.37434764574346,80.84801781964958,79.04512809953216,80.53446960449219,3926827,0.0,0.0
2023-06-14 00:00:00-04:00,80.86370665346648,81.26347942725741,79.3038117724367,79.91522979736328,3888196,0.0,0.0
2023-06-15 00:00:00-04:00,79.87602675859071,81.59269919688928,79.65654228338111,81.37321472167969,3375590,0.0,0.0
2023-06-16 00:00:00-04:00,81.7181184664834,82.21979423655992,80.87154462781325,81.94544219970703,7412210,0.0,0.0
2023-06-20 00:00:00-04:00,80.5658225442605,80.68340401314067,79.23325163719859,80.18956756591797,3284455,0.0,0.0
2023-06-21 00:00:00-04:00,79.69574149111456,80.18173876015841,79.0137774659628,79.53897094726562,3011648,0.0,0.0
2023-06-22 00:00:00-04:00,79.39787973341656,79.41355821989943,78.10449758230429,78.7237548828125,3103500,0.0,0.0
2023-06-23 00:00:00-04:00,80.97343926773327,81.13020980043176,77.97907059452284,78.95106506347656,9342315,0.0,0.0
2023-06-26 00:00:00-04:00,78.38668136336338,79.08432387678278,77.97123727438239,78.70806884765625,4371858,0.0,0.0
2023-06-27 00:00:00-04:00,78.32397984091088,78.55914282621917,76.8738271717604,77.02275848388672,6493562,0.0,0.0
2023-06-28 00:00:00-04:00,77.02275249029164,77.81445875260316,76.63865822274566,77.26575469970703,4539538,0.0,0.0
2023-06-29 00:00:00-04:00,76.89733724210836,77.96339550764861,76.75623803445757,77.79093933105469,4182292,0.0,0.0
2023-06-30 00:00:00-04:00,78.394515678283,78.70022465838102,77.75958714468946,78.45722961425781,6084052,0.0,0.0
2023-07-03 00:00:00-04:00,78.54345714102277,79.5154516600427,78.32397266186514,79.28028869628906,1913002,0.0,0.0
2023-07-05 00:00:00-04:00,79.00593703768294,79.46057733009576,77.26575398618623,77.31278228759766,4716306,0.0,0.0
2023-07-06 00:00:00-04:00,76.81894878893453,76.88166273006118,74.91415587908577,75.49421691894531,6137035,0.0,0.0
2023-07-07 00:00:00-04:00,75.40014553614704,77.5949687440072,75.38446705245063,76.26239776611328,4770126,0.0,0.0
2023-07-10 00:00:00-04:00,76.12914629703681,77.2187223569222,75.94101877688618,76.18402099609375,4506408,0.0,0.0
2023-07-11 00:00:00-04:00,77.39900808523349,79.97793288853654,77.11681681430144,79.89170837402344,7477392,0.0,0.0
2023-07-12 00:00:00-04:00,81.1145439699325,81.73380126061787,79.57816676048878,79.61736297607422,4345307,0.0,0.0
2023-07-13 00:00:00-04:00,79.71925189472945,80.67556786005763,79.56247421269008,80.62853240966797,2980552,0.0,0.0
2023-07-14 00:00:00-04:00,80.54230481996595,80.62069008168855,79.60166737410962,80.18956756591797,2650097,0.0,0.0
2023-07-17 00:00:00-04:00,79.87603171711916,80.04848075009201,79.01377939966125,79.7192611694336,2753312,0.0,0.0
2023-07-18 00:00:00-04:00,79.6565406788335,81.16156785376322,79.4449026026372,80.7461166381836,2978877,0.0,0.0
2023-07-19 00:00:00-04:00,80.62070357025168,81.3340245917167,80.42473680686192,81.11454010009766,2498324,0.0,0.0
2023-07-20 00:00:00-04:00,80.87154278232623,82.09437163250041,80.35418853864807,81.74947357177734,3428095,0.0,0.0
2023-07-21 00:00:00-04:00,81.65540203804458,81.9454325260671,80.91073128983871,81.78082275390625,2992392,0.0,0.0
2023-07-24 00:00:00-04:00,81.93760116667461,82.77633574431468,81.506471437759,81.73379516601562,3986746,0.0,0.0
2023-07-25 00:00:00-04:00,84.30488297603819,86.89163996007636,83.88159247847456,86.09209442138672,10499564,0.0,0.0
2023-07-26 00:00:00-04:00,86.09991623324134,88.63180515811639,86.09991623324134,88.29474639892578,6691620,0.0,0.0
2023-07-27 00:00:00-04:00,86.57808111365797,88.68668694811132,86.57808111365797,87.15814208984375,6713746,0.0,0.0
2023-07-28 00:00:00-04:00,87.69116588596683,88.11445628885832,87.04839819323543,87.69900512695312,3479762,0.0,0.0
2023-07-31 00:00:00-04:00,87.69901567057288,88.00472464801594,86.89947021458227,87.4011459350586,8661312,0.0,0.0
2023-08-01 00:00:00-04:00,87.40113809509094,87.73036476878836,86.48401124502894,86.664306640625,3414819,0.0,0.0
2023-08-02 00:00:00-04:00,85.8334053785252,86.14695357374251,84.78302571951002,85.37092590332031,3810934,0.0,0.0
2023-08-03 00:00:00-04:00,85.04954419413228,85.31605695934773,83.8188762069552,84.0226821899414,3374514,0.0,0.0
2023-08-04 00:00:00-04:00,84.31271789642993,84.64193746424066,82.36088960620523,82.7057876586914,3487775,0.0,0.0
2023-08-07 00:00:00-04:00,83.08987631110124,83.52100600018447,82.2197848437194,82.48629760742188,3001242,0.0,0.0
2023-08-08 00:00:00-04:00,81.76515703133607,81.8357030657589,80.38555039932281,81.61621856689453,3483350,0.0,0.0
2023-08-09 00:00:00-04:00,81.44375397628374,82.06301113963502,81.05965975290178,81.2948226928711,2565540,0.0,0.0
2023-08-10 00:00:00-04:00,81.57701605999121,82.97229379546226,81.02830490326187,81.44375610351562,2633951,0.0,0.0
2023-08-11 00:00:00-04:00,81.38889505532187,82.14140509874687,81.08318606203213,81.95327758789062,1947925,0.0,0.0
2023-08-14 00:00:00-04:00,81.64757356475626,81.76515505434732,80.65990049634135,81.06751251220703,3653062,0.0,0.0
2023-08-15 00:00:00-04:00,80.38554318178184,80.64421671983618,79.1078396709195,79.28028869628906,4000859,0.0,0.0
2023-08-16 00:00:00-04:00,78.99027244030967,79.74278261593837,78.74727734301067,79.00595092773438,3412666,0.0,0.0
2023-08-17 00:00:00-04:00,79.35083735343075,80.51880581600476,79.24894150536727,79.79764556884766,4071304,0.0,0.0
2023-08-18 00:00:00-04:00,79.54306286899083,79.94880704096725,79.22482545568761,79.56692504882812,3150742,1.254181,0.0
2023-08-21 00:00:00-04:00,79.55895949581262,79.6385170251749,78.38944421337217,78.91453552246094,2754029,0.0,0.0
2023-08-22 00:00:00-04:00,79.29641369840908,79.33619609097804,78.05529742454655,78.37352752685547,3097879,0.0,0.0
2023-08-23 00:00:00-04:00,78.56448517674532,79.70218199066174,77.72912009143757,79.280517578125,3904820,0.0,0.0
2023-08-24 00:00:00-04:00,78.97819072696763,80.09201806667869,78.35762884718491,78.36558532714844,2272400,0.0,0.0
2023-08-25 00:00:00-04:00,78.74746447438598,79.08957132173802,77.98370050205256,78.72360229492188,2617566,0.0,0.0
2023-08-28 00:00:00-04:00,83.7835553924424,84.05405393001881,81.6195525727072,82.83679962158203,9135646,0.0,0.0
2023-08-29 00:00:00-04:00,83.52896305294777,85.00875942789104,83.44144903319737,83.99040985107422,6270867,0.0,0.0
2023-08-30 00:00:00-04:00,83.92674314769944,84.21315459603811,82.43103407777929,83.09933471679688,3915584,0.0,0.0
2023-08-31 00:00:00-04:00,84.28476777142193,86.18622105832029,83.9267479956474,84.86554718017578,7781296,0.0,0.0
2023-09-01 00:00:00-04:00,85.36678052378113,86.16237045293903,84.42002473311094,85.08832550048828,4354038,0.0,0.0
2023-09-05 00:00:00-04:00,84.96897577938476,86.13053461920154,84.63482543415637,85.00875091552734,5817583,0.0,0.0
2023-09-06 00:00:00-04:00,84.74621676971164,84.97694016714426,83.80741747978054,84.62687683105469,3210423,0.0,0.0
2023-09-07 00:00:00-04:00,84.47571675371152,84.96102572016342,83.5050915612459,84.29273223876953,3476652,0.0,0.0
2023-09-08 00:00:00-04:00,84.39614871796904,84.64278506138334,83.87106463251678,84.52344512939453,3317824,0.0,0.0
2023-09-11 00:00:00-04:00,85.128090557611,86.09870841391705,84.96101901533768,85.83616638183594,3398314,0.0,0.0
2023-09-12 00:00:00-04:00,85.56567491424093,86.5601622897535,85.183792923574,85.2553939819336,3823134,0.0,0.0
2023-09-13 00:00:00-04:00,85.23948097315792,85.50202302669932,79.96471964610366,80.39434051513672,9059820,0.0,0.0
2023-09-14 00:00:00-04:00,80.83192398026388,82.3992344594656,80.52164302465766,81.40474700927734,5004184,0.0,0.0
2023-09-15 00:00:00-04:00,81.0626349851877,81.47634289972788,80.07610407800506,80.40229797363281,7178631,0.0,0.0
2023-09-18 00:00:00-04:00,80.40229601597578,81.07058949112017,79.64648126448802,80.38638305664062,5141006,0.0,0.0
2023-09-19 00:00:00-04:00,80.36250552340528,80.55344649707182,79.45553226870872,79.74195098876953,3192483,0.0,0.0
2023-09-20 00:00:00-04:00,79.59875330656338,80.27500329247417,78.74746801947825,78.75542449951172,2936300,0.0,0.0
2023-09-21 00:00:00-04:00,78.40536335959544,78.93841118964934,77.49043355081226,77.5620346069336,4252856,0.0,0.0
2023-09-22 00:00:00-04:00,77.64160262207339,77.8086741798058,76.85396919338926,77.20402526855469,4172724,0.0,0.0
2023-09-25 00:00:00-04:00,76.83009206749705,77.09263409760553,74.59448116358365,75.4139404296875,5315263,0.0,0.0
2023-09-26 00:00:00-04:00,75.07183823818671,75.66853058898516,74.48310236616379,74.68994903564453,4159927,0.0,0.0
2023-09-27 00:00:00-04:00,74.88885263713108,75.07979362430522,74.06144411256365,74.3558120727539,3669089,0.0,0.0
2023-09-28 00:00:00-04:00,74.02962186324424,74.65814021191504,73.52044345236133,74.19669342041016,4883866,0.0,0.0
2023-09-29 00:00:00-04:00,74.78544062063706,75.05593917038004,74.26830570233264,74.48311614990234,3640744,0.0,0.0
2023-10-02 00:00:00-04:00,73.71138613962286,73.85459552016532,71.05411782585917,71.77810668945312,9823466,0.0,0.0
2023-10-03 00:00:00-04:00,71.40419036838824,71.55534898885236,70.13919699920598,70.64041900634766,6428620,0.0,0.0
2023-10-04 00:00:00-04:00,70.48924866834699,70.69610262164285,69.46293538157612,70.0278091430664,7799475,0.0,0.0
2023-10-05 00:00:00-04:00,70.01188556539844,70.20282653031865,68.85827603781483,69.87663269042969,5812799,0.0,0.0
2023-10-06 00:00:00-04:00,69.53453403453304,70.97455517809239,68.68325607122756,70.33012390136719,5331888,0.0,0.0
2023-10-09 00:00:00-04:00,70.06758260521055,70.87112896003846,69.97211211055583,70.84725952148438,2822082,0.0,0.0
2023-10-10 00:00:00-04:00,71.60308010835759,72.39071356849492,70.97456173245645,72.11225128173828,4435844,0.0,0.0
2023-10-11 00:00:00-04:00,72.23953920674386,72.38274857335931,71.40417422343128,71.91334533691406,2536955,0.0,0.0
2023-10-12 00:00:00-04:00,72.02472838866122,72.02472838866122,70.37786060926989,70.8233871459961,2796128,0.0,0.0
2023-10-13 00:00:00-04:00,70.96659483263682,71.48372966981955,70.21874388314265,70.55288696289062,2809284,0.0,0.0
2023-10-16 00:00:00-04:00,70.74383315719327,71.71445107114423,70.44946519117333,71.55533599853516,3186862,0.0,0.0
2023-10-17 00:00:00-04:00,70.94272750521706,72.43048022900707,70.87112645165065,72.04064178466797,2535759,0.0,0.0
2023-10-18 00:00:00-04:00,71.38030659094274,71.44395116684731,70.11532073535365,70.33012390136719,3214130,0.0,0.0
2023-10-19 00:00:00-04:00,70.01188865174899,70.6563126218728,69.23220454113306,69.26403045654297,3667295,0.0,0.0
2023-10-20 00:00:00-04:00,68.98558040776221,69.47088935465734,68.73099484496338,68.85828399658203,3056258,0.0,0.0
2023-10-23 00:00:00-04:00,68.42071543251954,69.081052422099,67.90358055655409,68.10247802734375,4158014,0.0,0.0
2023-10-24 00:00:00-04:00,71.6905908834736,72.26341387225295,70.3460401702856,71.69854736328125,7675928,0.0,0.0
2023-10-25 00:00:00-04:00,71.12570892392017,71.92925521545908,70.56879895889129,71.11775970458984,4618593,0.0,0.0
2023-10-26 00:00:00-04:00,71.41211838353911,72.04063664097191,70.25055961269341,70.52901458740234,4623975,0.0,0.0
2023-10-27 00:00:00-04:00,70.90294709160243,70.99841757577265,69.19242759562184,69.6300048828125,3962109,0.0,0.0
2023-10-30 00:00:00-04:00,70.05962490224697,71.38826258425475,69.83685799875558,71.22118377685547,3161626,0.0,0.0
2023-10-31 00:00:00-04:00,71.18936375772952,72.85214450361983,71.13366840314086,72.35887908935547,5555659,0.0,0.0
2023-11-01 00:00:00-04:00,72.52595170603044,72.67711755401562,71.26096586454419,72.04859924316406,4181934,0.0,0.0
2023-11-02 00:00:00-04:00,72.87602092926217,73.51248851151881,72.43048708807667,73.44088745117188,3144404,0.0,0.0
2023-11-03 00:00:00-04:00,74.40354359631652,75.43781332517868,74.04553106070504,74.6740493774414,3266396,0.0,0.0
2023-11-06 00:00:00-05:00,74.65017790107542,74.72177895433055,73.96597150664748,74.4035415649414,2578217,0.0,0.0
2023-11-07 00:00:00-05:00,73.92619212575967,74.34785650240907,73.64773712102271,74.10917663574219,2636223,0.0,0.0
2023-11-08 00:00:00-05:00,74.30807170531803,74.30807170531803,72.61346503347572,73.44883728027344,4142466,0.0,0.0
2023-11-09 00:00:00-05:00,73.65569341526975,74.1569153263601,72.91579163811292,72.95557403564453,2540543,0.0,0.0
2023-11-10 00:00:00-05:00,73.19425244240392,74.03757391720609,72.92374666370534,73.83867645263672,2864420,0.0,0.0
2023-11-13 00:00:00-05:00,73.75115868841569,74.09325824472153,73.13059688822607,73.74320220947266,2551307,0.0,0.0
2023-11-14 00:00:00-05:00,74.78543138221453,75.97085967797081,74.72973602735915,75.5571517944336,3972394,0.0,0.0
2023-11-15 00:00:00-05:00,75.93106989325351,77.33130847379472,75.93106989325351,77.02898406982422,4533079,0.0,0.0
2023-11-16 00:00:00-05:00,77.489609959683,77.94215488475662,76.69766371460531,77.34415435791016,3661913,1.254181,0.0
2023-11-17 00:00:00-05:00,77.78860685324818,77.86134202478482,76.77846987546994,77.04515075683594,9073693,0.0,0.0
2023-11-20 00:00:00-05:00,76.78656894917683,76.97243301536798,76.33403131503346,76.7542495727539,3986627,0.0,0.0
2023-11-21 00:00:00-05:00,76.46331803984398,76.57645428365042,75.75218857672118,75.95421600341797,3239605,0.0,0.0
2023-11-22 00:00:00-05:00,76.7461592575427,77.40072425940501,76.4713966591199,77.06940460205078,2863463,0.0,0.0
2023-11-24 00:00:00-05:00,77.01282846274071,77.56234625486852,76.86737285886657,77.53810119628906,1267640,0.0,0.0
2023-11-27 00:00:00-05:00,77.57850246431869,78.75834753991144,77.53001972082929,78.44318389892578,3939504,0.0,0.0
2023-11-28 00:00:00-05:00,78.32196506600415,80.0836472857304,78.01488311481522,79.60685729980469,5184182,0.0,0.0
2023-11-29 00:00:00-05:00,80.20485909533325,80.36648544649915,79.29169491348031,79.57453918457031,3087594,0.0,0.0
2023-11-30 00:00:00-05:00,79.71191208299211,80.87559377604816,79.40483013088856,80.05940246582031,7190950,0.0,0.0
2023-12-01 00:00:00-05:00,79.87354404501389,80.98065401285497,79.32402621754889,80.68973541259766,3329425,0.0,0.0
2023-12-04 00:00:00-05:00,81.08571218241943,83.86560606916274,80.99682099841564,83.59085083007812,6016119,0.0,0.0
2023-12-05 00:00:00-05:00,83.03324338496236,83.23527079495352,81.9746235909854,82.17665100097656,3675786,0.0,0.0
2023-12-06 00:00:00-05:00,82.16048454871874,83.70397596786036,82.12815780471543,83.06556701660156,4285029,0.0,0.0
2023-12-07 00:00:00-05:00,83.2756838039623,83.74438476633681,82.75041103435187,83.4615478515625,2831650,0.0,0.0
2023-12-08 00:00:00-05:00,83.53427124023438,84.77876244798036,83.23527096777869,83.53427124023438,4119024,0.0,0.0
2023-12-11 00:00:00-05:00,83.80095985333352,84.21309639840388,83.00901351144996,83.36457824707031,4169136,0.0,0.0
2023-12-12 00:00:00-05:00,83.71204696797462,83.82518319370885,82.70191736964924,82.87969970703125,5590463,0.0,0.0
2023-12-13 00:00:00-05:00,82.42716588420213,84.2130933051755,80.57659971669283,84.19692993164062,7142512,0.0,0.0
2023-12-14 00:00:00-05:00,84.835328709827,86.97682078117005,84.81916533683699,86.50003814697266,6894342,0.0,0.0
2023-12-15 00:00:00-05:00,85.94244393323922,86.89601663407974,85.62728763575839,86.45155334472656,13255507,0.0,0.0
2023-12-18 00:00:00-05:00,86.46770670159604,86.71014253566696,85.38484188193495,85.5545425415039,3616704,0.0,0.0
2023-12-19 00:00:00-05:00,85.95859853158888,86.26568048452927,85.57070709078023,85.86162567138672,3151101,0.0,0.0
2023-12-20 00:00:00-05:00,85.49798441233631,85.87779418973717,83.744383763649,83.7767105102539,3883890,0.0,0.0
2023-12-21 00:00:00-05:00,84.22115919159567,85.36059579998117,84.13226801984943,85.30403137207031,2624263,0.0,0.0
2023-12-22 00:00:00-05:00,85.56263075559475,86.79904033084676,85.45757620265566,85.92627716064453,2728913,0.0,0.0
2023-12-26 00:00:00-05:00,85.90203337004493,87.75259938427985,85.87778831175073,87.36470794677734,3332176,0.0,0.0
2023-12-27 00:00:00-05:00,87.27582449190697,88.16474367709701,87.0172326353033,87.87382507324219,2922785,0.0,0.0
2023-12-28 00:00:00-05:00,87.80917059646072,89.03749838949237,87.801088910417,88.64152526855469,3360282,0.0,0.0
2023-12-29 00:00:00-05:00,88.48797700715319,88.85970505483496,87.88189482134116,88.34251403808594,2887622,0.0,0.0
2024-01-02 00:00:00-05:00,87.7768448629275,89.42539085400898,87.63947094620485,88.89203643798828,3321053,0.0,0.0
2024-01-03 00:00:00-05:00,88.26979157621199,88.45565561128804,86.30608930480702,87.10611724853516,3547575,0.0,0.0
2024-01-04 00:00:00-05:00,87.34046520160904,88.3586839389202,87.04146492946538,87.41320037841797,3319976,0.0,0.0
2024-01-05 00:00:00-05:00,87.25965562798007,88.47990177431204,86.9121726121009,87.75260162353516,1991579,0.0,0.0
2024-01-08 00:00:00-05:00,87.48593035596339,88.05160416906261,86.94449422860154,87.97079467773438,2535042,0.0,0.0
2024-01-09 00:00:00-05:00,87.43744133740199,88.32636787460561,86.75054959176418,88.16474151611328,2939768,0.0,0.0
2024-01-10 00:00:00-05:00,88.1000943274984,88.18090381886273,87.14652168275482,87.51825714111328,2391761,0.0,0.0
2024-01-11 00:00:00-05:00,87.51825940141437,88.08393322937575,86.63741453876929,88.019287109375,3212217,0.0,0.0
2024-01-12 00:00:00-05:00,88.4233406255124,89.02134119141468,87.18693106068673,87.37279510498047,3490526,0.0,0.0
2024-01-16 00:00:00-05:00,87.009154118939,87.33239948182342,86.20912608573627,86.98490905761719,3631534,0.0,0.0
2024-01-17 00:00:00-05:00,86.34648874728157,87.00106107470977,85.27978730019255,85.7242431640625,3156842,0.0,0.0
2024-01-18 00:00:00-05:00,85.92626869169396,86.25759569120017,85.12624078039435,86.01516723632812,2981748,0.0,0.0
2024-01-19 00:00:00-05:00,86.25759048415148,87.56672765759593,84.93228993993107,87.08186340332031,3910322,0.0,0.0
2024-01-22 00:00:00-05:00,87.67987601521499,88.41525787070269,86.79095686370542,87.29198455810547,5879656,0.0,0.0
2024-01-23 00:00:00-05:00,81.50591996962595,81.50591996962595,76.05118695985408,77.6593246459961,32544236,0.0,0.0
2024-01-24 00:00:00-05:00,78.09569621419503,78.41894155257597,74.93599275644051,75.34812927246094,11202454,0.0,0.0
2024-01-25 00:00:00-05:00,75.78450923222977,77.80478353335803,75.6471352989864,77.5623550415039,7322988,0.0,0.0
2024-01-26 00:00:00-05:00,77.75629071715565,78.30580112658652,77.40880033787934,77.57041931152344,4449359,0.0,0.0
2024-01-29 00:00:00-05:00,77.57850002509956,78.29771845902222,77.12596248028818,77.88558197021484,4544800,0.0,0.0
2024-01-30 00:00:00-05:00,77.71588882430412,77.99064405213196,76.59261547896453,77.37648010253906,3827798,0.0,0.0
2024-01-31 00:00:00-05:00,77.53001702093633,77.53001702093633,76.09158015795563,76.24512481689453,8260533,0.0,0.0
2024-02-01 00:00:00-05:00,76.27745512854851,77.59467426527526,75.91380870457327,77.50578308105469,3943571,0.0,0.0
2024-02-02 00:00:00-05:00,76.9966636150536,77.09363647371207,76.19663568767099,76.66533660888672,4440030,0.0,0.0
2024-02-05 00:00:00-05:00,76.1643094316487,76.1643094316487,74.81476384467368,74.93598175048828,5354372,0.0,0.0
2024-02-06 00:00:00-05:00,74.94407539573454,75.84107624382959,74.66931279902671,75.76834106445312,4453186,0.0,0.0
2024-02-07 00:00:00-05:00,76.44715647607609,76.53604765249716,75.55823733806382,75.83299255371094,4521956,0.0,0.0
2024-02-08 00:00:00-05:00,76.08350476461726,76.269368808862,74.9198303795363,75.31580352783203,4741303,0.0,0.0
2024-02-09 00:00:00-05:00,75.315800097229,75.39660958576741,74.66122775508522,75.0733642578125,4388244,0.0,0.0
2024-02-12 00:00:00-05:00,75.25115105602784,76.81888014365714,75.19457925458907,76.47138977050781,4893673,0.0,0.0
2024-02-13 00:00:00-05:00,75.39660846169045,75.95420793451473,73.85311702103334,74.8794174194336,5496338,0.0,0.0
2024-02-14 00:00:00-05:00,75.15417917688062,75.34813228670937,74.48345078760435,74.68547821044922,6024132,0.0,0.0
2024-02-15 00:00:00-05:00,75.17018638610561,76.0410066788751,74.84978790690532,75.89313507080078,4559391,1.262542,0.0
2024-02-16 00:00:00-05:00,75.46593171418209,75.62201923337729,74.93193428694798,74.96479797363281,5345522,0.0,0.0
2024-02-20 00:00:00-05:00,74.84156594465749,75.9834965872043,74.36507247730081,75.43306732177734,5174614,0.0,0.0
2024-02-21 00:00:00-05:00,75.27697739575193,75.55630375628174,74.74298743369998,75.34270477294922,4065563,0.0,0.0
2024-02-22 00:00:00-05:00,75.21946819665376,75.92598497834821,74.87442197924442,75.7698974609375,5083837,0.0,0.0
2024-02-23 00:00:00-05:00,75.90134667827171,76.35319243625061,75.50701237850527,76.05744171142578,3774217,0.0,0.0
2024-02-26 00:00:00-05:00,75.72881801033728,75.99171250879864,75.12088479002873,75.43306732177734,3914388,0.0,0.0
2024-02-27 00:00:00-05:00,75.5809450529644,75.86847981475141,75.15374712286773,75.82740020751953,2736807,0.0,0.0
2024-02-28 00:00:00-05:00,75.58094360727726,76.09850916710552,75.10445015761655,75.13731384277344,3543030,0.0,0.0
2024-02-29 00:00:00-05:00,75.58094372337129,75.81918295228904,75.05516224144618,75.67952728271484,6169446,0.0,0.0
2024-03-01 00:00:00-05:00,75.61380635689717,75.61380635689717,74.66904279316975,75.46593475341797,4064128,0.0,0.0
2024-03-04 00:00:00-05:00,74.84156889994688,75.45771806617981,74.33221922237881,75.12088775634766,6678703,0.0,0.0
2024-03-05 00:00:00-05:00,75.30984018127164,76.7228738261582,75.22768845703948,76.1478042602539,5251636,0.0,0.0
2024-03-06 00:00:00-05:00,76.80503252354295,76.96933597088817,75.5234386476452,76.00814056396484,3591349,0.0,0.0
2024-03-07 00:00:00-05:00,76.44355618237836,76.64893924436842,75.67131946750978,76.09030151367188,3751613,0.0,0.0
2024-03-08 00:00:00-05:00,76.80503812068261,77.83195348212426,76.55035951283081,77.14186096191406,4925846,0.0,0.0
2024-03-11 00:00:00-04:00,77.20758698151894,77.60192127395578,76.78038899928582,77.26509094238281,4206571,0.0,0.0
2024-03-12 00:00:00-04:00,82.31751294636433,82.85150290851584,79.81183660095463,81.10164642333984,16737302,0.0,0.0
2024-03-13 00:00:00-04:00,81.92317770661928,85.51327327477357,81.49597974488901,85.49684143066406,12935338,0.0,0.0
2024-03-14 00:00:00-04:00,84.91355203277894,85.88296340967312,83.99343619029545,84.71638488769531,8282539,0.0,0.0
2024-03-15 00:00:00-04:00,84.61779974835248,86.70449407417611,84.43706445141895,86.2608642578125,32098966,0.0,0.0
2024-03-18 00:00:00-04:00,85.87474271721959,87.32064003170458,85.78437507209917,86.0965576171875,6622491,0.0,0.0
2024-03-19 00:00:00-04:00,86.90987629142587,87.9039279111585,85.89117690518434,86.52375793457031,6987869,0.0,0.0
2024-03-20 00:00:00-04:00,86.25264614617159,89.62914272785119,85.80080791530695,88.81582641601562,8390299,0.0,0.0
2024-03-21 00:00:00-04:00,88.88975526105061,89.70307900550971,88.55293246884403,88.61865234375,7886663,0.0,0.0
2024-03-22 00:00:00-04:00,88.39684343384533,88.8240413903077,87.69854254175686,87.72319030761719,5321243,0.0,0.0
2024-03-25 00:00:00-04:00,87.00024521192152,87.74784166634123,86.08012938197399,86.1294174194336,6680019,0.0,0.0
2024-03-26 00:00:00-04:00,85.48862185925688,85.98975560180821,84.12487630801355,84.31382751464844,7279693,0.0,0.0
2024-03-27 00:00:00-04:00,84.6178000608805,86.06369743424794,84.6095841386005,85.92404174804688,4641676,0.0,0.0
2024-03-28 00:00:00-04:00,85.94046564934658,87.29599536686331,85.92404130115145,87.13990783691406,5245776,0.0,0.0
2024-04-01 00:00:00-04:00,89.4613883933896,92.69397880873598,86.69059125432196,92.37956237792969,13004800,0.0,1.196
2024-04-02 00:00:00-04:00,91.47561951080239,92.77258827360724,90.29655972508134,91.22015380859375,8912000,0.0,0.0
2024-04-03 00:00:00-04:00,91.711425611093,93.04769730276722,90.88608529955954,91.56404876708984,6060200,0.0,0.0
2024-04-04 00:00:00-04:00,92.8413677127228,94.00077976384696,88.6557001774822,88.96028900146484,5864200,0.0,0.0
2024-04-05 00:00:00-04:00,88.8522044355647,89.82492910973889,87.97773349174403,89.44173431396484,3513600,0.0,0.0
2024-04-08 00:00:00-04:00,89.60876805815654,91.26928386799408,89.60876805815654,90.32603454589844,3706700,0.0,0.0
2024-04-09 00:00:00-04:00,90.49306735938639,91.5738734143597,90.3948136264396,90.99417114257812,4237700,0.0,0.0
2024-04-10 00:00:00-04:00,90.17865643729158,91.09243045257236,88.98976895440451,91.01382446289062,3494900,0.0,0.0
2024-04-11 00:00:00-04:00,91.22015043236702,91.92758927612775,90.86643850676569,91.5542221069336,2993700,0.0,0.0
2024-04-12 00:00:00-04:00,91.14154789738492,91.19067101162635,89.55963819100447,89.71684265136719,3590100,0.0,0.0
2024-04-15 00:00:00-04:00,90.37515945192456,91.1611967558843,89.16661688340665,89.70702362060547,3674800,0.0,0.0
2024-04-16 00:00:00-04:00,89.35331390450584,89.73650872472012,88.59674439034353,89.46139526367188,3037000,0.0,0.0
2024-04-17 00:00:00-04:00,90.12951708885393,90.50288422820076,88.75394250220386,89.3729476928711,3421600,0.0,0.0
2024-04-18 00:00:00-04:00,89.80527463832527,90.81730222812466,89.28452315978994,89.88388061523438,3069400,0.0,0.0
2024-04-19 00:00:00-04:00,89.64806756989375,90.78783180835171,89.51051085094592,90.66009521484375,3588000,0.0,0.0
2024-04-22 00:00:00-04:00,90.92539181869618,91.09242391256792,90.10004397885358,91.00399780273438,2992900,0.0,0.0
2024-04-23 00:00:00-04:00,91.35771736440684,92.39922041741515,91.17103002612073,91.37736511230469,3729800,0.0,0.0
2024-04-24 00:00:00-04:00,90.97451373892659,91.6033541066749,89.82492934854817,90.41445922851562,3813400,0.0,0.0
2024-04-25 00:00:00-04:00,89.99196911474522,90.39481918978355,89.06837497266767,89.81511688232422,2954800,0.0,0.0
2024-04-26 00:00:00-04:00,89.90353152976212,90.58149498600889,89.49086138086356,90.22777557373047,4520900,0.0,0.0
2024-04-29 00:00:00-04:00,89.9624798762603,91.00399033864429,89.9624798762603,90.55201721191406,4905000,0.0,0.0
2024-04-30 00:00:00-04:00,94.05973649169881,96.1329149814996,92.14375497808454,94.82612609863281,16731900,0.0,0.0
2024-05-01 00:00:00-04:00,96.38837857819756,97.96046074992977,95.58268599666737,96.72245025634766,11062600,0.0,0.0
2024-05-02 00:00:00-04:00,96.25082442426823,96.68314984413192,94.9636832831204,95.12088775634766,6317100,0.0,0.0
2024-05-03 00:00:00-04:00,95.87745383738823,96.47681133136552,95.15035974865178,95.4549560546875,4818500,0.0,0.0
2024-05-06 00:00:00-04:00,95.39600794548105,96.04449612108581,94.8556086287569,94.90473175048828,4329500,0.0,0.0
2024-05-07 00:00:00-04:00,94.90472999705044,95.48443979449684,93.85339925904125,93.87305450439453,4409000,0.0,0.0
2024-05-08 00:00:00-04:00,93.72566546466314,94.75734840203202,93.35229828068968,94.66891479492188,3489900,0.0,0.0
2024-05-09 00:00:00-04:00,94.41345038453669,95.68094379775188,94.22677053813405,95.63182067871094,2584200,0.0,0.0
2024-05-10 00:00:00-04:00,96.83052840798901,97.92116201839167,96.45715375085149,97.20389556884766,4157900,0.0,0.0
2024-05-13 00:00:00-04:00,97.27267263831638,99.96486370126729,97.27267263831638,97.89167785644531,5578700,0.0,0.0
2024-05-14 00:00:00-04:00,98.18645506710205,99.43429323330838,98.05872596230277,98.3338394165039,2973100,0.0,0.0
2024-05-15 00:00:00-04:00,98.44191922845978,99.89609246250149,98.40261623615064,99.47359466552734,4203300,0.0,0.0
2024-05-16 00:00:00-04:00,99.94522006611288,103.38415307863234,99.81748347088642,103.03043365478516,8384500,0.0,0.0
2024-05-17 00:00:00-04:00,103.37432367253977,103.8754274303874,102.85357216760822,103.42345428466797,5396500,0.0,0.0
2024-05-20 00:00:00-04:00,103.38415623543239,104.18984883740161,102.80444646898418,103.37432861328125,3962700,0.0,0.0
2024-05-21 00:00:00-04:00,103.05990528667814,103.20728962398289,100.85899033743817,101.34043884277344,4603000,0.0,0.0
2024-05-22 00:00:00-04:00,100.84916729411489,101.31096807370363,99.18865151123941,99.71923065185547,3807800,0.0,0.0
2024-05-23 00:00:00-04:00,99.35316356669546,99.45209968437052,97.85921082861547,98.45283508300781,3845500,0.7,0.0
2024-05-24 00:00:00-04:00,98.74964183290703,99.45209806984069,98.28463378420713,98.61112976074219,2602000,0.0,0.0
2024-05-28 00:00:00-04:00,98.50229355447395,99.04645349208563,96.78078105383015,97.63164520263672,4360900,0.0,0.0
2024-05-29 00:00:00-04:00,96.76100004578088,96.85993616088395,95.73204784235715,96.52354431152344,4826600,0.0,0.0
2024-05-30 00:00:00-04:00,96.65216186205062,97.18642590738636,95.86065789525516,97.15673828125,4520300,0.0,0.0
2024-05-31 00:00:00-04:00,97.01822938586476,99.18496571572238,96.38502921109804,99.07613372802734,21754400,0.0,0.0
2024-06-03 00:00:00-04:00,99.30370018989092,99.71923641693031,97.91857188475093,98.70018005371094,4508100,0.0,0.0
2024-06-04 00:00:00-04:00,97.94824932437189,98.34400133636095,96.64227296864728,97.56239318847656,4988100,0.0,0.0
2024-06-05 00:00:00-04:00,97.77015832570567,98.59134240467195,96.83025393058917,98.00760650634766,3115400,0.0,0.0
2024-06-06 00:00:00-04:00,97.75036892267013,98.49240105250313,97.11716877574659,97.17652893066406,2510000,0.0,0.0
2024-06-07 00:00:00-04:00,98.45283385263372,100.87680267291903,97.35462559897842,99.78849029541016,5636700,0.0,0.0
2024-06-10 00:00:00-04:00,99.36306207804697,100.75807873544734,99.21465412342766,99.59062194824219,3507600,0.0,0.0
2024-06-11 00:00:00-04:00,99.03655873427351,100.39200688158857,98.17580624840663,100.24359893798828,2831500,0.0,0.0
2024-06-12 00:00:00-04:00,101.529789708716,102.57852607916362,99.68954934842847,100.134765625,3704600,0.0,0.0
2024-06-13 00:00:00-04:00,100.93616193799566,101.70788175539384,99.66976154279112,100.46126556396484,5034700,0.0,0.0
2024-06-14 00:00:00-04:00,99.43231195981298,100.34253628754459,98.25495182064039,99.82806396484375,2685000,0.0,0.0
2024-06-17 00:00:00-04:00,98.91784555118784,100.36233403982247,98.85847784046169,99.46199798583984,3490000,0.0,0.0
2024-06-18 00:00:00-04:00,99.0068796564253,100.39200789679916,98.99698378052746,99.6994400024414,3446200,0.0,0.0
2024-06-20 00:00:00-04:00,99.1948659281728,101.25276281196409,99.12560989191553,100.57999420166016,3476600,0.0,0.0
2024-06-21 00:00:00-04:00,100.8471186783353,101.35170266543088,99.8775266588518,101.30223083496094,7866200,0.0,0.0
2024-06-24 00:00:00-04:00,101.09446641061272,102.40044277009476,100.5997782812886,101.89585876464844,2948000,0.0,0.0
2024-06-25 00:00:00-04:00,101.78702739302392,102.08384329176509,100.21392275538452,100.96585083007812,5164200,0.0,0.0
2024-06-26 00:00:00-04:00,100.54041496642822,100.71850298933043,99.50156690810834,100.3722152709961,2356100,0.0,0.0
2024-06-27 00:00:00-04:00,100.8767997563154,102.93470413144428,100.56019966386032,102.07394409179688,4338300,0.0,0.0
2024-06-28 00:00:00-04:00,101.91565071956421,102.86545102395432,100.57999427740131,101.10436248779297,6196500,0.0,0.0
2024-07-01 00:00:00-04:00,101.76724189186625,102.35097025738395,99.14539331421037,99.54114532470703,2705600,0.0,0.0
2024-07-02 00:00:00-04:00,99.49167654003779,100.84712476429299,99.39274042146882,100.54042053222656,2291300,0.0,0.0
2024-07-03 00:00:00-04:00,100.21392454744114,101.06478875414994,99.61040441132576,100.54042053222656,1230800,0.0,0.0
2024-07-05 00:00:00-04:00,100.32275084768732,100.57999078003839,99.57082280222963,100.24359893798828,3059600,0.0,0.0
2024-07-08 00:00:00-04:00,100.4315801772224,101.64850867617167,99.55103596307491,100.02593231201172,2338700,0.0,0.0
2024-07-09 00:00:00-04:00,99.77859293073865,100.38211304485536,98.41325642823328,98.63092041015625,2809300,0.0,0.0
2024-07-10 00:00:00-04:00,98.74964146131668,100.74818572076067,97.21611279716457,100.58988189697266,4519500,0.0,0.0
2024-07-11 00:00:00-04:00,101.292332602273,103.16225301573513,100.71850014321824,102.13330841064453,4581100,0.0,0.0
2024-07-12 00:00:00-04:00,102.68736357505071,104.18132385055355,102.58842745809875,102.93470764160156,3381000,0.0,0.0
2024-07-15 00:00:00-04:00,103.78557132560923,103.88450744207617,101.48032282505446,101.62873077392578,3316600,0.0,0.0
2024-07-16 00:00:00-04:00,99.79838288487598,102.58842354727535,99.79838288487598,102.21245574951172,3609000,0.0,0.0
2024-07-17 00:00:00-04:00,101.76723946297535,103.68663176165164,101.59904731573961,103.52832794189453,3567900,0.0,0.0
2024-07-18 00:00:00-04:00,103.11279677655406,104.39898140739791,102.34108448837937,102.9149169921875,3023800,0.0,0.0
2024-07-19 00:00:00-04:00,103.63716311032037,103.63716311032037,102.03437085364554,102.81597900390625,2884900,0.0,0.0
2024-07-22 00:00:00-04:00,102.95449185532563,103.92408391756645,101.3121311784115,103.85482788085938,2686600,0.0,0.0
2024-07-23 00:00:00-04:00,103.88449885267693,104.1516270998851,103.06331481204911,103.61737060546875,2172600,0.0,0.0
2024-07-24 00:00:00-04:00,103.4491795479178,103.98344363524357,101.98490690710655,102.1530990600586,3252000,0.0,0.0
2024-07-25 00:00:00-04:00,101.62873043646998,103.67673898873687,100.68881846230038,102.29161071777344,4598100,0.0,0.0
2024-07-26 00:00:00-04:00,111.49280711665452,126.6698344998947,111.49280711665452,125.80908203125,32748900,0.0,0.0
2024-07-29 00:00:00-04:00,126.6401547043177,127.2832432012524,122.81126605952642,123.83032989501953,10816700,0.0,0.0
2024-07-30 00:00:00-04:00,124.5130022290058,126.33345849327081,122.7914896305408,125.4034423828125,6746500,0.0,0.0
2024-07-31 00:00:00-04:00,125.28470680933297,127.23378669995593,123.998522264779,126.19493865966797,6889900,0.0,0.0
2024-08-01 00:00:00-04:00,126.14546773430331,126.58079568548312,123.10808304843846,125.12641143798828,5563700,0.0,0.0
2024-08-02 00:00:00-04:00,124.47342138442855,126.39281369077938,123.45436507277768,123.90947723388672,4021400,0.0,0.0
2024-08-05 00:00:00-04:00,118.29972124261676,123.98863484035168,118.0424812968356,123.28617858886719,6669700,0.0,0.0
2024-08-06 00:00:00-04:00,122.04944988119156,124.79001866188459,121.41624971059805,123.56319427490234,4334300,0.0,0.0
2024-08-07 00:00:00-04:00,124.05788620978376,125.22535047567077,121.38657337939671,121.52508544921875,3410100,0.0,0.0
2024-08-08 00:00:00-04:00,121.1491153444451,124.40416402008553,120.88198708581973,123.80064392089844,2932900,0.0,0.0
2024-08-09 00:00:00-04:00,123.31585337528256,123.31585337528256,122.02966124993743,122.85084533691406,3247700,0.0,0.0
2024-08-12 00:00:00-04:00,122.6826539259407,122.77169416445713,121.23816551938788,122.04945373535156,2585800,0.0,0.0
2024-08-13 00:00:00-04:00,122.11870997197073,124.06778237836029,121.43603794885068,124.018310546875,3056600,0.0,0.0
2024-08-14 00:00:00-04:00,123.64234901319374,125.6903575130309,123.30595716892465,124.82959747314453,3252800,0.0,0.0
2024-08-15 00:00:00-04:00,125.96737829913927,126.580794264521,124.82959415209089,125.80908203125,3359900,0.0,0.0
2024-08-16 00:00:00-04:00,125.39354457541525,125.9871688193635,124.68119246334061,125.70025634765625,3812600,0.0,0.0
2024-08-19 00:00:00-04:00,125.72993469238281,126.4917510777398,125.1857747397409,125.72993469238281,2243600,0.0,0.0
2024-08-20 00:00:00-04:00,125.64088940184848,126.70942512478642,125.53205740915767,126.34334564208984,2792900,0.0,0.0
2024-08-21 00:00:00-04:00,126.48185382359424,128.60902177952826,126.30377334831552,127.85708618164062,3664600,0.0,0.0
2024-08-22 00:00:00-04:00,127.728475645089,128.3715641474241,126.93697165220375,127.2337875366211,2300400,0.0,0.0
2024-08-23 00:00:00-04:00,127.8570868002817,129.26199924433894,127.48113409620206,129.16307067871094,2618800,0.0,0.0
2024-08-26 00:00:00-04:00,128.91439923436394,131.22211813296087,128.91439923436394,131.15249633789062,3915800,0.7,0.0
2024-08-27 00:00:00-04:00,130.6253010729153,131.91841169868923,130.25724811779543,130.70486450195312,2878500,0.0,0.0
2024-08-28 00:00:00-04:00,130.70486158796646,131.91840875764723,130.45618413808214,130.91375732421875,3274000,0.0,0.0
2024-08-29 00:00:00-04:00,130.95353464279424,132.47543937076276,130.6451770437775,132.20687866210938,2992600,0.0,0.0
2024-08-30 00:00:00-04:00,132.3660377810717,134.2758787383281,131.9084646036769,133.9774627685547,6092800,0.0,0.0
2024-09-03 00:00:00-04:00,132.30633738740164,133.07226813899433,129.5211622508213,130.15777587890625,4024100,0.0,0.0
2024-09-04 00:00:00-04:00,130.49598428513738,132.15714787043595,130.1577865875941,131.45089721679688,3300700,0.0,0.0
2024-09-05 00:00:00-04:00,131.22211785910312,132.24666776122282,130.00857066236702,130.70486450195312,2726000,0.0,0.0
2024-09-06 00:00:00-04:00,129.8096278979536,131.40116963689474,127.34275186285505,127.91968536376953,3562200,0.0,0.0
2024-09-09 00:00:00-04:00,128.70549884261783,130.28708376256117,127.51185013281277,127.78042602539062,3616300,0.0,0.0
2024-09-10 00:00:00-04:00,128.16836399370433,129.4714314051705,127.78042777824442,129.40179443359375,2732500,0.0,0.0
2024-09-11 00:00:00-04:00,128.81491227689892,129.69026171151464,126.44750581034837,129.54104614257812,3283800,0.0,0.0
2024-09-12 00:00:00-04:00,129.6106840840422,132.01787986925288,129.41174516869856,131.33152770996094,3978800,0.0,0.0
2024-09-13 00:00:00-04:00,131.18233796468314,132.66444590563708,130.65514296610567,132.47544860839844,2670100,0.0,0.0
2024-09-16 00:00:00-04:00,133.27121614606713,134.56434193518635,133.12201574573567,133.89788818359375,3069300,0.0,0.0
2024-09-17 00:00:00-04:00,133.3806262012468,133.71882387215814,131.61004406757436,132.86338806152344,3969000,0.0,0.0
2024-09-18 00:00:00-04:00,132.55501819125246,133.56962640425428,131.06295353957128,132.6544952392578,2960900,0.0,0.0
2024-09-19 00:00:00-04:00,133.68899307576754,134.60413946234198,132.61471983217837,133.1319580078125,2691500,0.0,0.0
2024-09-20 00:00:00-04:00,132.30633847829748,134.23607782317225,132.06761785208866,134.05703735351562,11579600,0.0,0.0
2024-09-23 00:00:00-04:00,133.9874099145357,135.37005595923713,133.9774682804254,134.9224395751953,2638400,0.0,0.0
2024-09-24 00:00:00-04:00,135.7480472419229,137.2102718580931,135.62868692323698,136.49407958984375,3145300,0.0,0.0
2024-09-25 00:00:00-04:00,136.50402196688438,137.16053407936505,135.3203148732481,135.8773651123047,3579900,0.0,0.0
2024-09-26 00:00:00-04:00,136.83227233475958,139.97555882317647,136.8223307012506,138.70233154296875,4111100,0.0,0.0
2024-09-27 00:00:00-04:00,138.26465774470213,138.55311689905764,136.32497673281782,136.5736541748047,2956100,0.0,0.0
2024-09-30 00:00:00-04:00,137.1008487913374,137.2202091062084,134.5145973299786,135.97682189941406,3814000,0.0,0.0
2024-10-01 00:00:00-04:00,135.280525260388,136.61343267536478,134.1863384701437,136.3349151611328,3050500,0.0,0.0
2024-10-02 00:00:00-04:00,136.49408587162964,136.49408587162964,134.65386659084012,134.7135467529297,2624900,0.0,0.0
2024-10-03 00:00:00-04:00,134.28582345497117,134.8826554082201,133.1319564403257,134.06698608398438,2504900,0.0,0.0
2024-10-04 00:00:00-04:00,135.12137427088095,135.2108945092714,133.34085042460308,134.5543975830078,2387300,0.0,0.0
2024-10-07 00:00:00-04:00,134.00731006185327,134.55440350621222,133.12201891664247,134.13662719726562,2254200,0.0,0.0
2024-10-08 00:00:00-04:00,133.7685670362933,134.3256020849014,132.59481678073573,133.9774627685547,2882100,0.0,0.0
2024-10-09 00:00:00-04:00,133.87798482473383,134.82295607431328,133.5198886990118,134.29576110839844,2671400,0.0,0.0
2024-10-10 00:00:00-04:00,133.7188371294234,133.77853246967865,132.22677236246406,132.7539825439453,3060100,0.0,0.0
2024-10-11 00:00:00-04:00,132.69427564803075,134.14655857308247,132.39587486307923,134.03713989257812,3103600,0.0,0.0
2024-10-14 00:00:00-04:00,133.68898791978194,135.18105258486017,133.3209501593773,135.0417938232422,2207900,0.0,0.0
2024-10-15 00:00:00-04:00,135.28053879839254,136.22551011467954,134.2858289542867,135.011962890625,2465800,0.0,0.0
2024-10-16 00:00:00-04:00,134.8826602476587,136.32498647868107,134.61408434125377,135.62869262695312,2021100,0.0,0.0
2024-10-17 00:00:00-04:00,135.8873072507692,135.93704577669945,134.40518417522347,134.96221923828125,2328500,0.0,0.0
2024-10-18 00:00:00-04:00,134.9721727614708,135.39989068230122,133.5795699596925,134.42507934570312,2791400,0.0,0.0
2024-10-21 00:00:00-04:00,134.56433794007552,135.12137298886472,133.0424331896098,134.1266632080078,5940600,0.0,0.0
2024-10-22 00:00:00-04:00,139.4483627648118,140.59227291005413,130.12793723195543,131.03311157226562,13082300,0.0,0.0
2024-10-23 00:00:00-04:00,130.52581666891334,131.45088946553895,125.24391024155663,127.23332977294922,8116200,0.0,0.0
2024-10-24 00:00:00-04:00,127.36263558358532,128.25788350669964,125.20412473697029,125.80094909667969,5084900,0.0,0.0
2024-10-25 00:00:00-04:00,125.93026138837672,126.36793613660463,123.84137228925624,124.09004974365234,3774600,0.0,0.0
2024-10-28 00:00:00-04:00,125.98000289975258,130.10805025834162,125.3931201471751,129.60073852539062,5239200,0.0,0.0
2024-10-29 00:00:00-04:00,128.32750161080622,129.52116547397793,127.09406362432644,128.5861358642578,2820400,0.0,0.0
2024-10-30 00:00:00-04:00,128.3175621296849,128.7651784968495,126.74591884967421,126.88517761230469,2737200,0.0,0.0
2024-10-31 00:00:00-04:00,126.3281425301773,128.4667624939103,126.29830245091158,127.79036712646484,3408800,0.0,0.0
2024-11-01 00:00:00-04:00,127.79036905996391,127.84010758551493,126.17893645393299,126.54698181152344,3068700,0.0,0.0
2024-11-04 00:00:00-05:00,126.56687300658447,128.12856709123812,124.81618922020554,125.1842269897461,3642900,0.0,0.0
2024-11-05 00:00:00-05:00,124.83607685813179,127.22338183776726,124.16962312973924,125.85067749023438,3943800,0.0,0.0
2024-11-06 00:00:00-05:00,130.0085658706612,133.68898903973962,128.91439421394426,133.21153259277344,4803200,0.0,0.0
2024-11-07 00:00:00-05:00,132.65450226039698,134.08688683031482,131.77915276143221,132.3660430908203,3906400,0.0,0.0
2024-11-08 00:00:00-05:00,132.74401191604684,134.30571349506752,132.49533448076835,133.62930297851562,3465700,0.0,0.0
2024-11-11 00:00:00-05:00,134.1366211589797,134.62401924177627,132.07756460964666,132.29640197753906,3791300,0.0,0.0
2024-11-12 00:00:00-05:00,132.0974669278301,132.49534478398937,127.79037159250647,129.66043090820312,3144600,0.0,0.0
2024-11-13 00:00:00-05:00,131.31162792400792,132.36603300288735,130.12793607747827,130.7545928955078,2675500,0.0,0.0
2024-11-14 00:00:00-05:00,131.17237881551543,132.60476338162957,131.0729169405764,131.62001037597656,2283900,0.0,0.0
2024-11-15 00:00:00-05:00,130.11000061035156,131.25,129.7100067138672,129.7899932861328,1928800,0.7,0.0
2024-11-18 00:00:00-05:00,129.77999877929688,130.3800048828125,128.57000732421875,130.1699981689453,2433000,0.0,0.0
2024-11-19 00:00:00-05:00,129.00999450683594,129.25999450683594,128.0,128.19000244140625,2600500,0.0,0.0
2024-11-20 00:00:00-05:00,128.0,128.19000244140625,127.0999984741211,127.83999633789062,1700600,0.0,0.0
2024-11-21 00:00:00-05:00,127.7300033569336,128.5800018310547,126.31999969482422,127.31999969482422,2544800,0.0,0.0
2024-11-22 00:00:00-05:00,127.69000244140625,128.47999572753906,126.37000274658203,128.4199981689453,3052400,0.0,0.0
2024-11-25 00:00:00-05:00,129.2100067138672,130.60000610351562,127.55000305175781,130.32000732421875,5074700,0.0,0.0
2024-11-26 00:00:00-05:00,129.99000549316406,133.22999572753906,129.64999389648438,132.9499969482422,3080300,0.0,0.0
2024-11-27 00:00:00-05:00,133.91000366210938,135.5500030517578,132.36000061035156,132.47999572753906,2579600,0.0,0.0
2024-11-29 00:00:00-05:00,132.86000061035156,133.74000549316406,132.0399932861328,133.52999877929688,1618300,0.0,0.0
2024-12-02 00:00:00-05:00,133.52999877929688,133.77000427246094,132.3800048828125,132.88999938964844,3001900,0.0,0.0
2024-12-03 00:00:00-05:00,132.88999938964844,133.22999572753906,130.74000549316406,131.14999389648438,2378400,0.0,0.0
2024-12-04 00:00:00-05:00,130.92999267578125,131.38999938964844,128.97000122070312,130.4499969482422,2503400,0.0,0.0
2024-12-05 00:00:00-05:00,130.82000732421875,135.5800018310547,130.4499969482422,133.3300018310547,4171800,0.0,0.0
2024-12-06 00:00:00-05:00,133.25,134.22000122070312,132.1999969482422,133.11000061035156,1912300,0.0,0.0
2024-12-09 00:00:00-05:00,133.10000610351562,133.85000610351562,131.27000427246094,131.49000549316406,3442400,0.0,0.0
2024-12-10 00:00:00-05:00,130.1199951171875,130.60000610351562,127.5999984741211,129.77000427246094,3225700,0.0,0.0
2024-12-11 00:00:00-05:00,130.27000427246094,130.6699981689453,129.25999450683594,129.77000427246094,4089500,0.0,0.0
2024-12-12 00:00:00-05:00,129.64999389648438,130.6699981689453,128.77000427246094,129.75,2915300,0.0,0.0
2024-12-13 00:00:00-05:00,129.6999969482422,130.16000366210938,128.91000366210938,129.9199981689453,2382000,0.0,0.0
2024-12-16 00:00:00-05:00,129.89999389648438,130.1999969482422,128.86000061035156,129.47000122070312,3097800,0.0,0.0
2024-12-17 00:00:00-05:00,128.41000366210938,129.36000061035156,127.6500015258789,128.0500030517578,2693200,0.0,0.0
2024-12-18 00:00:00-05:00,128.2100067138672,129.3699951171875,125.37000274658203,125.52999877929688,3748900,0.0,0.0
2024-12-19 00:00:00-05:00,126.6500015258789,127.73999786376953,125.70999908447266,127.12999725341797,3038100,0.0,0.0
2024-12-20 00:00:00-05:00,126.37000274658203,130.35000610351562,125.75,129.27999877929688,8351300,0.0,0.0
2024-12-23 00:00:00-05:00,128.5,129.19000244140625,127.75,128.97999572753906,2067400,0.0,0.0
2024-12-24 00:00:00-05:00,128.74000549316406,130.36000061035156,128.08999633789062,130.36000061035156,803200,0.0,0.0
2024-12-26 00:00:00-05:00,130.3300018310547,131.39999389648438,129.22999572753906,131.17999267578125,1484900,0.0,0.0
2024-12-27 00:00:00-05:00,129.91000366210938,131.17999267578125,129.2100067138672,130.17999267578125,1842600,0.0,0.0
2024-12-30 00:00:00-05:00,129.1199951171875,129.9199981689453,127.91999816894531,129.1300048828125,2154000,0.0,0.0
2024-12-31 00:00:00-05:00,129.1999969482422,130.0500030517578,128.66000366210938,129.08999633789062,2220300,0.0,0.0
2025-01-02 00:00:00-05:00,130.2899932861328,131.6199951171875,128.97999572753906,129.6999969482422,3248900,0.0,0.0
2025-01-03 00:00:00-05:00,129.6999969482422,130.86000061035156,129.3000030517578,129.8699951171875,2273700,0.0,0.0
2025-01-06 00:00:00-05:00,130.82000732421875,131.41000366210938,129.8800048828125,130.2899932861328,3067000,0.0,0.0
2025-01-07 00:00:00-05:00,130.08999633789062,132.8000030517578,130.00999450683594,132.77000427246094,3414500,0.0,0.0
2025-01-08 00:00:00-05:00,132.02999877929688,134.67999267578125,131.66000366210938,134.52999877929688,4676000,0.0,0.0
